--
-- PostgreSQL database dump
--

SET statement_timeout = 0;
SET lock_timeout = 0;
SET client_encoding = 'UTF8';
SET standard_conforming_strings = on;
SET check_function_bodies = false;
SET client_min_messages = warning;

--
-- Name: plpgsql; Type: EXTENSION; Schema: -; Owner: 
--

CREATE EXTENSION IF NOT EXISTS plpgsql WITH SCHEMA pg_catalog;


--
-- Name: EXTENSION plpgsql; Type: COMMENT; Schema: -; Owner: 
--

COMMENT ON EXTENSION plpgsql IS 'PL/pgSQL procedural language';


--
-- Name: postgis; Type: EXTENSION; Schema: -; Owner: 
--

CREATE EXTENSION IF NOT EXISTS postgis WITH SCHEMA public;


--
-- Name: EXTENSION postgis; Type: COMMENT; Schema: -; Owner: 
--

COMMENT ON EXTENSION postgis IS 'PostGIS geometry, geography, and raster spatial types and functions';


SET search_path = public, pg_catalog;

SET default_tablespace = '';

SET default_with_oids = false;

--
-- Name: areas; Type: TABLE; Schema: public; Owner: cbachicha; Tablespace: 
--

CREATE TABLE areas (
    gid integer NOT NULL,
    minx numeric,
    miny numeric,
    maxx numeric,
    maxy numeric,
    cntx numeric,
    cnty numeric,
    city character varying(50),
    state character varying(25),
    geom geometry(MultiPolygon,4326),
    abbr character(3)
);


ALTER TABLE public.areas OWNER TO cbachicha;

--
-- Name: area_bounds_gid_seq; Type: SEQUENCE; Schema: public; Owner: cbachicha
--

CREATE SEQUENCE area_bounds_gid_seq
    START WITH 1
    INCREMENT BY 1
    NO MINVALUE
    NO MAXVALUE
    CACHE 1;


ALTER TABLE public.area_bounds_gid_seq OWNER TO cbachicha;

--
-- Name: area_bounds_gid_seq; Type: SEQUENCE OWNED BY; Schema: public; Owner: cbachicha
--

ALTER SEQUENCE area_bounds_gid_seq OWNED BY areas.gid;


--
-- Name: areas_points; Type: TABLE; Schema: public; Owner: cbachicha; Tablespace: 
--

CREATE TABLE areas_points (
    gid integer NOT NULL,
    city character varying(50),
    state character varying(2),
    lat numeric,
    long numeric,
    geom geometry(Point,4326)
);


ALTER TABLE public.areas_points OWNER TO cbachicha;

--
-- Name: area_gid_seq; Type: SEQUENCE; Schema: public; Owner: cbachicha
--

CREATE SEQUENCE area_gid_seq
    START WITH 1
    INCREMENT BY 1
    NO MINVALUE
    NO MAXVALUE
    CACHE 1;


ALTER TABLE public.area_gid_seq OWNER TO cbachicha;

--
-- Name: area_gid_seq; Type: SEQUENCE OWNED BY; Schema: public; Owner: cbachicha
--

ALTER SEQUENCE area_gid_seq OWNED BY areas_points.gid;


--
-- Name: cart_items; Type: TABLE; Schema: public; Owner: cbachicha; Tablespace: 
--

CREATE TABLE cart_items (
    id integer NOT NULL,
    cart_id integer,
    created_at timestamp without time zone NOT NULL,
    updated_at timestamp without time zone NOT NULL,
    product_id integer
);


ALTER TABLE public.cart_items OWNER TO cbachicha;

--
-- Name: cart_items_id_seq; Type: SEQUENCE; Schema: public; Owner: cbachicha
--

CREATE SEQUENCE cart_items_id_seq
    START WITH 1
    INCREMENT BY 1
    NO MINVALUE
    NO MAXVALUE
    CACHE 1;


ALTER TABLE public.cart_items_id_seq OWNER TO cbachicha;

--
-- Name: cart_items_id_seq; Type: SEQUENCE OWNED BY; Schema: public; Owner: cbachicha
--

ALTER SEQUENCE cart_items_id_seq OWNED BY cart_items.id;


--
-- Name: carts; Type: TABLE; Schema: public; Owner: cbachicha; Tablespace: 
--

CREATE TABLE carts (
    id integer NOT NULL,
    purchased_at date,
    user_id integer,
    created_at timestamp without time zone NOT NULL,
    updated_at timestamp without time zone NOT NULL,
    license_id integer DEFAULT 1,
    license_address text
);


ALTER TABLE public.carts OWNER TO cbachicha;

--
-- Name: carts_id_seq; Type: SEQUENCE; Schema: public; Owner: cbachicha
--

CREATE SEQUENCE carts_id_seq
    START WITH 1
    INCREMENT BY 1
    NO MINVALUE
    NO MAXVALUE
    CACHE 1;


ALTER TABLE public.carts_id_seq OWNER TO cbachicha;

--
-- Name: carts_id_seq; Type: SEQUENCE OWNED BY; Schema: public; Owner: cbachicha
--

ALTER SEQUENCE carts_id_seq OWNED BY carts.id;


--
-- Name: data_types; Type: TABLE; Schema: public; Owner: cbachicha; Tablespace: 
--

CREATE TABLE data_types (
    id integer NOT NULL,
    name character varying(255),
    path character varying(255),
    ppu numeric,
    created_at timestamp without time zone NOT NULL,
    updated_at timestamp without time zone NOT NULL,
    is_building_type boolean
);


ALTER TABLE public.data_types OWNER TO cbachicha;

--
-- Name: data_types_id_seq; Type: SEQUENCE; Schema: public; Owner: cbachicha
--

CREATE SEQUENCE data_types_id_seq
    START WITH 1
    INCREMENT BY 1
    NO MINVALUE
    NO MAXVALUE
    CACHE 1;


ALTER TABLE public.data_types_id_seq OWNER TO cbachicha;

--
-- Name: data_types_id_seq; Type: SEQUENCE OWNED BY; Schema: public; Owner: cbachicha
--

ALTER SEQUENCE data_types_id_seq OWNED BY data_types.id;


--
-- Name: feature_groups; Type: TABLE; Schema: public; Owner: cbachicha; Tablespace: 
--

CREATE TABLE feature_groups (
    id integer NOT NULL,
    user_id integer,
    created_at timestamp without time zone NOT NULL,
    updated_at timestamp without time zone NOT NULL
);


ALTER TABLE public.feature_groups OWNER TO cbachicha;

--
-- Name: feature_groups_footprints; Type: TABLE; Schema: public; Owner: cbachicha; Tablespace: 
--

CREATE TABLE feature_groups_footprints (
    feature_group_id integer,
    footprint_id integer
);


ALTER TABLE public.feature_groups_footprints OWNER TO cbachicha;

--
-- Name: feature_groups_id_seq; Type: SEQUENCE; Schema: public; Owner: cbachicha
--

CREATE SEQUENCE feature_groups_id_seq
    START WITH 1
    INCREMENT BY 1
    NO MINVALUE
    NO MAXVALUE
    CACHE 1;


ALTER TABLE public.feature_groups_id_seq OWNER TO cbachicha;

--
-- Name: feature_groups_id_seq; Type: SEQUENCE OWNED BY; Schema: public; Owner: cbachicha
--

ALTER SEQUENCE feature_groups_id_seq OWNED BY feature_groups.id;


--
-- Name: footprints; Type: TABLE; Schema: public; Owner: cbachicha; Tablespace: 
--

CREATE TABLE footprints (
    gid integer NOT NULL,
    ftype character varying(20),
    iso_catcod character varying(4),
    name character varying(80),
    agency character varying(25),
    vintage numeric(10,0),
    projection character varying(50),
    datum character varying(30),
    vendor character varying(25),
    licensed character varying(30),
    cloudcover numeric(10,0),
    numbands numeric(10,0),
    geometry character varying(10),
    has_addresses character varying(3),
    areakm numeric,
    areami numeric,
    bldgcount numeric(10,0),
    geom geometry(MultiPolygon,4326),
    area_id integer,
    city_abbr text,
    alias text,
    ortho_res double precision,
    dem_res double precision
);


ALTER TABLE public.footprints OWNER TO cbachicha;

--
-- Name: footprint_gid_seq; Type: SEQUENCE; Schema: public; Owner: cbachicha
--

CREATE SEQUENCE footprint_gid_seq
    START WITH 1
    INCREMENT BY 1
    NO MINVALUE
    NO MAXVALUE
    CACHE 1;


ALTER TABLE public.footprint_gid_seq OWNER TO cbachicha;

--
-- Name: footprint_gid_seq; Type: SEQUENCE OWNED BY; Schema: public; Owner: cbachicha
--

ALTER SEQUENCE footprint_gid_seq OWNED BY footprints.gid;


--
-- Name: licenses; Type: TABLE; Schema: public; Owner: cbachicha; Tablespace: 
--

CREATE TABLE licenses (
    id integer NOT NULL,
    title character varying(255),
    body text,
    modifier numeric(3,2) DEFAULT 0.0,
    created_at timestamp without time zone NOT NULL,
    updated_at timestamp without time zone NOT NULL
);


ALTER TABLE public.licenses OWNER TO cbachicha;

--
-- Name: licenses_id_seq; Type: SEQUENCE; Schema: public; Owner: cbachicha
--

CREATE SEQUENCE licenses_id_seq
    START WITH 1
    INCREMENT BY 1
    NO MINVALUE
    NO MAXVALUE
    CACHE 1;


ALTER TABLE public.licenses_id_seq OWNER TO cbachicha;

--
-- Name: licenses_id_seq; Type: SEQUENCE OWNED BY; Schema: public; Owner: cbachicha
--

ALTER SEQUENCE licenses_id_seq OWNED BY licenses.id;


--
-- Name: payment_notifications; Type: TABLE; Schema: public; Owner: cbachicha; Tablespace: 
--

CREATE TABLE payment_notifications (
    id integer NOT NULL,
    params text,
    cart_id integer,
    status character varying(255),
    transaction_id character varying(255),
    created_at timestamp without time zone NOT NULL,
    updated_at timestamp without time zone NOT NULL
);


ALTER TABLE public.payment_notifications OWNER TO cbachicha;

--
-- Name: payment_notifications_id_seq; Type: SEQUENCE; Schema: public; Owner: cbachicha
--

CREATE SEQUENCE payment_notifications_id_seq
    START WITH 1
    INCREMENT BY 1
    NO MINVALUE
    NO MAXVALUE
    CACHE 1;


ALTER TABLE public.payment_notifications_id_seq OWNER TO cbachicha;

--
-- Name: payment_notifications_id_seq; Type: SEQUENCE OWNED BY; Schema: public; Owner: cbachicha
--

ALTER SEQUENCE payment_notifications_id_seq OWNED BY payment_notifications.id;


--
-- Name: products; Type: TABLE; Schema: public; Owner: cbachicha; Tablespace: 
--

CREATE TABLE products (
    id integer NOT NULL,
    footprint_id integer,
    data_type_id integer,
    created_at timestamp without time zone NOT NULL,
    updated_at timestamp without time zone NOT NULL,
    vintage integer
);


ALTER TABLE public.products OWNER TO cbachicha;

--
-- Name: products_id_seq; Type: SEQUENCE; Schema: public; Owner: cbachicha
--

CREATE SEQUENCE products_id_seq
    START WITH 1
    INCREMENT BY 1
    NO MINVALUE
    NO MAXVALUE
    CACHE 1;


ALTER TABLE public.products_id_seq OWNER TO cbachicha;

--
-- Name: products_id_seq; Type: SEQUENCE OWNED BY; Schema: public; Owner: cbachicha
--

ALTER SEQUENCE products_id_seq OWNED BY products.id;


--
-- Name: purchases; Type: TABLE; Schema: public; Owner: cbachicha; Tablespace: 
--

CREATE TABLE purchases (
    id integer NOT NULL,
    user_id integer,
    cart_id integer,
    created_at timestamp without time zone NOT NULL,
    updated_at timestamp without time zone NOT NULL,
    product_id integer
);


ALTER TABLE public.purchases OWNER TO cbachicha;

--
-- Name: purchases_id_seq; Type: SEQUENCE; Schema: public; Owner: cbachicha
--

CREATE SEQUENCE purchases_id_seq
    START WITH 1
    INCREMENT BY 1
    NO MINVALUE
    NO MAXVALUE
    CACHE 1;


ALTER TABLE public.purchases_id_seq OWNER TO cbachicha;

--
-- Name: purchases_id_seq; Type: SEQUENCE OWNED BY; Schema: public; Owner: cbachicha
--

ALTER SEQUENCE purchases_id_seq OWNED BY purchases.id;


--
-- Name: schema_migrations; Type: TABLE; Schema: public; Owner: cbachicha; Tablespace: 
--

CREATE TABLE schema_migrations (
    version character varying(255) NOT NULL
);


ALTER TABLE public.schema_migrations OWNER TO cbachicha;

--
-- Name: users; Type: TABLE; Schema: public; Owner: cbachicha; Tablespace: 
--

CREATE TABLE users (
    id integer NOT NULL,
    email character varying(255) DEFAULT ''::character varying NOT NULL,
    encrypted_password character varying(255) DEFAULT ''::character varying NOT NULL,
    reset_password_token character varying(255),
    reset_password_sent_at timestamp without time zone,
    remember_created_at timestamp without time zone,
    sign_in_count integer DEFAULT 0 NOT NULL,
    current_sign_in_at timestamp without time zone,
    last_sign_in_at timestamp without time zone,
    current_sign_in_ip character varying(255),
    last_sign_in_ip character varying(255),
    created_at timestamp without time zone NOT NULL,
    updated_at timestamp without time zone NOT NULL,
    first_name character varying(255),
    last_name character varying(255),
    phone character varying(255),
    street_line_1 character varying(255),
    street_line_2 character varying(255),
    state character varying(255),
    city character varying(255),
    zipcode character varying(255),
    "position" character varying(255),
    organization character varying(255),
    restricted_access boolean DEFAULT false,
    admin boolean DEFAULT false,
    show_help boolean DEFAULT true,
    failed_attempts integer DEFAULT 0,
    unlock_token character varying(255),
    locked_at timestamp without time zone,
    password_changed_at timestamp without time zone,
    area_id integer,
    industry text
);


ALTER TABLE public.users OWNER TO cbachicha;

--
-- Name: users_id_seq; Type: SEQUENCE; Schema: public; Owner: cbachicha
--

CREATE SEQUENCE users_id_seq
    START WITH 1
    INCREMENT BY 1
    NO MINVALUE
    NO MAXVALUE
    CACHE 1;


ALTER TABLE public.users_id_seq OWNER TO cbachicha;

--
-- Name: users_id_seq; Type: SEQUENCE OWNED BY; Schema: public; Owner: cbachicha
--

ALTER SEQUENCE users_id_seq OWNED BY users.id;


--
-- Name: gid; Type: DEFAULT; Schema: public; Owner: cbachicha
--

ALTER TABLE ONLY areas ALTER COLUMN gid SET DEFAULT nextval('area_bounds_gid_seq'::regclass);


--
-- Name: gid; Type: DEFAULT; Schema: public; Owner: cbachicha
--

ALTER TABLE ONLY areas_points ALTER COLUMN gid SET DEFAULT nextval('area_gid_seq'::regclass);


--
-- Name: id; Type: DEFAULT; Schema: public; Owner: cbachicha
--

ALTER TABLE ONLY cart_items ALTER COLUMN id SET DEFAULT nextval('cart_items_id_seq'::regclass);


--
-- Name: id; Type: DEFAULT; Schema: public; Owner: cbachicha
--

ALTER TABLE ONLY carts ALTER COLUMN id SET DEFAULT nextval('carts_id_seq'::regclass);


--
-- Name: id; Type: DEFAULT; Schema: public; Owner: cbachicha
--

ALTER TABLE ONLY data_types ALTER COLUMN id SET DEFAULT nextval('data_types_id_seq'::regclass);


--
-- Name: id; Type: DEFAULT; Schema: public; Owner: cbachicha
--

ALTER TABLE ONLY feature_groups ALTER COLUMN id SET DEFAULT nextval('feature_groups_id_seq'::regclass);


--
-- Name: gid; Type: DEFAULT; Schema: public; Owner: cbachicha
--

ALTER TABLE ONLY footprints ALTER COLUMN gid SET DEFAULT nextval('footprint_gid_seq'::regclass);


--
-- Name: id; Type: DEFAULT; Schema: public; Owner: cbachicha
--

ALTER TABLE ONLY licenses ALTER COLUMN id SET DEFAULT nextval('licenses_id_seq'::regclass);


--
-- Name: id; Type: DEFAULT; Schema: public; Owner: cbachicha
--

ALTER TABLE ONLY payment_notifications ALTER COLUMN id SET DEFAULT nextval('payment_notifications_id_seq'::regclass);


--
-- Name: id; Type: DEFAULT; Schema: public; Owner: cbachicha
--

ALTER TABLE ONLY products ALTER COLUMN id SET DEFAULT nextval('products_id_seq'::regclass);


--
-- Name: id; Type: DEFAULT; Schema: public; Owner: cbachicha
--

ALTER TABLE ONLY purchases ALTER COLUMN id SET DEFAULT nextval('purchases_id_seq'::regclass);


--
-- Name: id; Type: DEFAULT; Schema: public; Owner: cbachicha
--

ALTER TABLE ONLY users ALTER COLUMN id SET DEFAULT nextval('users_id_seq'::regclass);


--
-- Name: area_bounds_gid_seq; Type: SEQUENCE SET; Schema: public; Owner: cbachicha
--

SELECT pg_catalog.setval('area_bounds_gid_seq', 72, true);


--
-- Name: area_gid_seq; Type: SEQUENCE SET; Schema: public; Owner: cbachicha
--

SELECT pg_catalog.setval('area_gid_seq', 66, true);


--
-- Data for Name: areas; Type: TABLE DATA; Schema: public; Owner: cbachicha
--

COPY areas (gid, minx, miny, maxx, maxy, cntx, cnty, city, state, geom, abbr) FROM stdin;
9	-76.298609929451018	36.840484652102276	-76.271183136203973	36.861461980177445	-76.284896532827503	36.850973316139857	Norfolk	VA	0106000020E610000001000000010300000001000000050000003150D26C1C1353C0DCC84600956B42403150D26C1C1353C005CEDB62446E4240424E83105B1153C005CEDB62446E4240424E83105B1153C0DCC84600956B42403150D26C1C1353C0DCC84600956B4240	nor
13	-84.537179356999573	39.086159193155652	-84.492352261953840	39.114225356242216	-84.514765809476700	39.100192274698934	Cincinnati	OH	0106000020E6100000010000000103000000010000000500000091998625612255C0386DB243078B434091998625612255C096B7BCEF9E8E434004CD0FB3821F55C096B7BCEF9E8E434004CD0FB3821F55C0386DB243078B434091998625612255C0386DB243078B4340	cin
14	-81.717642841998710	41.484367942116954	-81.664183550011771	41.519142349112279	-81.690913196005241	41.501755145614617	Cleveland	OH	0106000020E61000000100000001030000000100000005000000F3253EDCED6D54C0C34FCBC4FFBD4440F3253EDCED6D54C0F3B3A94173C24440DF75B8FB816A54C0F3B3A94173C24440DF75B8FB816A54C0C34FCBC4FFBD4440F3253EDCED6D54C0C34FCBC4FFBD4440	cle
23	-118.210825487906060	33.754189191805175	-118.177625359679960	33.782901454453672	-118.194225423793010	33.768545323129423	Long Beach	NY	0106000020E6100000010000000103000000010000000500000011EE2F2A7E8D5DC063E67C4589E0404011EE2F2A7E8D5DC0476F671D36E4404001B1C1365E8B5DC0476F671D36E4404001B1C1365E8B5DC063E67C4589E0404011EE2F2A7E8D5DC063E67C4589E04040	lon
56	-75.203463742374254	39.940399047675939	-75.131303865706641	39.965987143279726	-75.167383804040441	39.953193095477829	Philadelphia	PA	0106000020E61000000100000001030000000100000005000000D4DAC98C05CD52C0967AF9FE5EF84340D4DAC98C05CD52C0175F7A77A5FB43401943544867C852C0175F7A77A5FB43401943544867C852C0967AF9FE5EF84340D4DAC98C05CD52C0967AF9FE5EF84340	phi
57	-80.025463552459087	40.425692778357330	-79.979657695985139	40.456672386623282	-80.002560624222113	40.441182582490306	Pittsburgh	PA	0106000020E610000001000000010300000001000000050000005043E131A10154C01498D8197D3644405043E131A10154C042C4A23D743A4440FA6131B6B2FE53C042C4A23D743A4440FA6131B6B2FE53C01498D8197D3644405043E131A10154C01498D8197D364440	pit
58	-90.240639720885241	38.616043045367839	-90.178327393952458	38.646262227778337	-90.209483557418849	38.631152636573091	Saint Louis	MO	0106000020E6100000010000000103000000010000000500000086D424A4668F56C03D649E7FDA4E434086D424A4668F56C05A797EB8B85243406E404DB7698B56C05A797EB8B85243406E404DB7698B56C03D649E7FDA4E434086D424A4668F56C03D649E7FDA4E4340	slo
67	\N	\N	\N	\N	\N	\N	New York City Metro Area	NY/NJ	0106000020E61000000100000001030000000100000005000000A1BE62D7B17B52C01FB60619B86E4440EC912A3DD47B52C0123C247AF355444028D4D8BC8E8C52C05D0FECDF15564440DC0011576C8C52C01FB60619B86E4440A1BE62D7B17B52C01FB60619B86E4440	nyc
68	\N	\N	\N	\N	\N	\N	Minneapolis/Saint Paul	MN	0106000020E610000001000000010300000001000000050000006297BBF24E5257C08CDBD0D94D7F4640E677EA83DD4457C04132B5E0337F4640D7F59379044557C01295EDD0E5774640076C49EF5B5257C05D3E09CAFF7746406297BBF24E5257C08CDBD0D94D7F4640	min
42	-80.1868591598513	25.7580992617037	-80.137141823395	25.7908364194231	-80.1620004916231	25.7744678405634	Miami	FL	0106000020E61000000100000001030000000100000005000000774407EFC40854C014FBBA5475CE3940774407EFC40854C038FF57E6FCBF3940DEF55739E90C54C079B6D80A04C03940DEF55739E90C54C02115D61E78CE3940774407EFC40854C014FBBA5475CE3940	mia
20	-105.011739319887	39.7288116600293	-104.977512048929	39.760671424634	-104.994625684408	39.7447415423317	Denver	CO	0106000020E61000000100000001030000000100000005000000B041CADDD0415AC0AA0191124EDD4340900D1E3BD4415AC048B2594A64E143403366B28E8F3E5AC002E765AE5DE143403366B28E8F3E5AC0796252B349DD4340B041CADDD0415AC0AA0191124EDD4340	den
24	-76.628259996830948	39.275350053457984	-76.589095821269282	39.307794047551610	-76.608677909050115	39.291572050504797	Baltimore	MD	0106000020E6100000010000000103000000010000000500000089F16A69352853C0E646A9AB3EA3434089F16A69352853C09E119CCB65A74340F5A3F5BEB32553C09E119CCB65A74340F5A3F5BEB32553C0E646A9AB3EA3434089F16A69352853C0E646A9AB3EA34340	bal
26	-90.064240136410234	35.128099480947860	-90.022557875493348	35.160966882123788	-90.043399005951784	35.144533181535820	Memphis	TN	0106000020E610000001000000010300000001000000050000003E3EA9821C8456C01FA75490659041403E3EA9821C8456C0FA3A13909A944140B7609696718156C0FA3A13909A944140B7609696718156C01FA75490659041403E3EA9821C8456C01FA7549065904140	mem
27	-96.815040355305030	32.767055619145317	-96.775367008338236	32.801223235762066	-96.795203681821633	32.784139427453695	Dallas	TX	0106000020E6100000010000000103000000010000000500000024BD059F293458C09938E7E02E62404024BD059F293458C05A32A57B8E66404072CDF19C9F3158C05A32A57B8E66404072CDF19C9F3158C09938E7E02E62404024BD059F293458C09938E7E02E624040	dal
31	-90.097100453485467	29.936318329832517	-90.055856748781579	29.972484051103411	-90.076478601133516	29.954401190467962	New Orleans	LA	0106000020E61000000100000001030000000100000005000000DC1B45FE558C56C0801E2C821CE83D40DC1B45FE558C56C009BEB607BBF83D40C7512F28938356C0E95EFBB6F4F83D405F4494598E8356C0C08904F742E83D40DC1B45FE558C56C0801E2C821CE83D40	nrl
48	-83.029646460043068	39.951345886537325	-82.982887072573234	40.015031190953970	-83.006266766308158	39.983188538745651	Columbus	OH	0106000020E61000000100000001030000000100000005000000F01444BAE5C154C054EEB6B3C5F94340F01444BAE5C154C09BC8C48AEC0144403F172E9FE7BE54C09BC8C48AEC0144403F172E9FE7BE54C054EEB6B3C5F94340F01444BAE5C154C054EEB6B3C5F94340	col
49	-80.862485318708607	35.212210934726038	-80.822105923941550	35.248091358218964	-80.842295621325079	35.230151146472501	Charlotte	NC	0106000020E610000001000000010300000001000000050000008D489FF5323754C03F4058BA299B41408D489FF5323754C03FFC2675C19F4140514B2A629D3454C03FFC2675C19F4140514B2A629D3454C03F4058BA299B41408D489FF5323754C03F4058BA299B4140	cha
50	-87.926546747190500	43.002206677908319	-87.875932175663905	43.061890028583399	-87.901239461427195	43.032048353245855	Milwaukee	WI	0106000020E610000001000000010300000001000000050000007F59BA8A4CFB55C07AB9F44E488045407F59BA8A4CFB55C06B5B3003EC87454066FFD3450FF855C06B5B3003EC87454066FFD3450FF855C07AB9F44E488045407F59BA8A4CFB55C07AB9F44E48804540	mil
51	-85.782773329094283	38.189594022791070	-85.735221253479835	38.259083261669694	-85.758997291287059	38.224338642230379	Louisville	KY	0106000020E6100000010000000103000000010000000500000006294EF5187255C0CEB3EF9D4418434006294EF5187255C0FBE7EBA32921434048C171DD0D6F55C0FBE7EBA32921434048C171DD0D6F55C0CEB3EF9D4418434006294EF5187255C0CEB3EF9D44184340	lou
52	-83.072334727312466	42.319609451117344	-83.031750742860822	42.348403347397742	-83.052042735086644	42.334006399257547	Detroit	MI	0106000020E61000000100000001030000000100000005000000040BD621A1C454C0500566F6E8284540040BD621A1C454C0F3711B7B982C4540808D443408C254C0F3711B7B982C4540808D443408C254C0500566F6E8284540040BD621A1C454C0500566F6E8284540	det
53	-122.358836164239920	47.589270992556862	-122.320437824315870	47.629653031449010	-122.339636994277900	47.609462012002936	Seattle	WA	0106000020E610000001000000010300000001000000050000001582F52BF7965EC0B0C15C3B6DCB47401582F52BF7965EC04CF3747898D04740A3F5A50D82945EC04CF3747898D04740A3F5A50D82945EC0B0C15C3B6DCB47401582F52BF7965EC0B0C15C3B6DCB4740	sea
54	-118.473182192174620	34.038261895488631	-118.241639302079930	34.071325323235754	-118.357410747127280	34.054793609362193	Los Angeles	CA	0106000020E61000000100000001030000000100000005000000221CF69D489E5DC040E70AC4E5044140221CF69D489E5DC04C562D302109414024F7B004778F5DC04C562D302109414024F7B004778F5DC040E70AC4E5044140221CF69D489E5DC040E70AC4E5044140	los
55	-122.688959230455350	45.504988639800892	-122.668175233512290	45.531356544613701	-122.678567231983820	45.518172592207293	Portland	OR	0106000020E6100000010000000103000000010000000500000051C574E817AC5EC0EF65BE77A3C0464051C574E817AC5EC0D2D0C27D03C44640ADFB0D62C3AA5EC0D2D0C27D03C44640ADFB0D62C3AA5EC0EF65BE77A3C0464051C574E817AC5EC0EF65BE77A3C04640	por
1	-71.445443701541762	41.806610338024115	-71.389235022702593	41.837612504213311	-71.417339362122178	41.822111421118713	Providence	RI	0106000020E6100000010000000103000000010000000500000030954C2682DC51C0EC36EF013FE7444030954C2682DC51C08E28F4E236EB4440CA3D033AE9D851C08E28F4E236EB4440CA3D033AE9D851C0EC36EF013FE7444030954C2682DC51C0EC36EF013FE74440	pro
4	-94.596283185033940	39.079105495615281	-94.569046158993103	39.123046368707627	-94.582664672013522	39.101075932161450	Kansas City	MO	0106000020E6100000010000000103000000010000000500000008B8F28029A657C0FE4CFE20208A434008B8F28029A657C0D3BEC0FBBF8F43408CB294406BA457C0D3BEC0FBBF8F43408CB294406BA457C0FE4CFE20208A434008B8F28029A657C0FE4CFE20208A4340	kan
5	-98.511927374267643	29.394061926299369	-98.477561891387396	29.440525613876801	-98.494744632827519	29.417293770088087	San Antonio	TX	0106000020E61000000100000001030000000100000005000000079A086BC3A058C0F70D0E3EE1643D40079A086BC3A058C0B4A66049C6703D40C954C05F909E58C0B4A66049C6703D40C954C05F909E58C0F70D0E3EE1643D40079A086BC3A058C0F70D0E3EE1643D40	san
6	-117.178061900233830	32.702739484570273	-117.147537248628980	32.724627652616832	-117.162799574431400	32.713683568593552	San Diego	CA	0106000020E61000000100000001030000000100000005000000BF8ABD5D654B5DC02AEB0F5EF3594040BF8ABD5D654B5DC01EE25299C05C40406973124071495DC01EE25299C05C40406973124071495DC02AEB0F5EF3594040BF8ABD5D654B5DC02AEB0F5EF3594040	sdo
7	-122.428391829650010	37.764573337056561	-122.384508532491270	37.812136709426284	-122.406450181070640	37.788355023241422	San Francisco	CA	0106000020E61000000100000001030000000100000005000000267BA62A1F9F5EC09806038ADDE14240880C09544C9F5EC0DDA76D0121EB4240004E5E5EB2985EC0DCA76D0121EB42404F05ADC99B985EC09806038ADDE14240267BA62A1F9F5EC09806038ADDE14240	sfo
8	-81.405817145029218	28.521562583020064	-81.363665545482107	28.554143641745288	-81.384741345255662	28.537853112382678	Orlando	FL	0106000020E610000001000000010300000001000000050000009F8379E8F85954C072E31C2085853C409F8379E8F85954C01595925BDC8D3C40C521DA4B465754C01595925BDC8D3C40C521DA4B465754C072E31C2085853C409F8379E8F85954C072E31C2085853C40	orl
12	-87.681360292908479	41.823631979686610	-87.598330313734778	41.942911857486763	-87.639845303321636	41.883271918586686	Chicago	IL	0106000020E61000000100000001030000000100000005000000CDCCCC986AE655C095480B6C7AF34440CDCCCC986AE655C0C97B3E9FADE64440333333FFD0EC55C0C97B3E9FADE64440333333FFD0EC55C095480B6C7AF34440CDCCCC986AE655C095480B6C7AF34440	chi
11	-78.880107751630206	42.876155469852868	-78.839378742795944	42.903926448070834	-78.859743247213075	42.890040958961848	Buffalo	NY	0106000020E61000000100000001030000000100000005000000CDCCCC180FB553C075CC9FA632784540CDCCCC180FB553C0A9FFD2D9656B45403333337F75BB53C0A9FFD2D9656B45403333337F75BB53C075CC9FA632784540CDCCCC180FB553C075CC9FA632784540	buf
29	-79.080442304322403	43.061202424569771	-79.014481690986855	43.151711217826744	-79.047461997654636	43.106456821198258	Niagara Falls	NY	0106000020E61000000100000001030000000100000005000000E5917AF725C553C046FB257BD5874540E5917AF725C553C04880EF456B9345407A4B9D44EDC053C04880EF456B9345407A4B9D44EDC053C046FB257BD5874540E5917AF725C553C046FB257BD5874540	nia
30	-80.163719626079001	26.100010100935748	-80.128723316431376	26.138944185943991	-80.146221471255188	26.119477143439870	Fort Lauderdale	FL	0106000020E6100000010000000103000000010000000500000040EEE1617A0A54C0E8C910439A193A4040EEE1617A0A54C04A999ED891233A408C93B8003D0854C04A999ED891233A408C93B8003D0854C0E8C910439A193A4040EEE1617A0A54C0E8C910439A193A40	for
33	-112.087370470976450	33.445495851707911	-112.046771314329010	33.466453424320974	-112.067070892652740	33.455974638014439	Phoenix	AZ	0106000020E61000000100000001030000000100000005000000B8DE507A97055CC069CB100206B94040B8DE507A97055CC06C48EDBEB4BB4040C75B1C4DFE025CC06C48EDBEB4BB4040C75B1C4DFE025CC069CB100206B94040B8DE507A97055CC069CB100206B94040	pho
34	-95.377350673564095	29.744272749039979	-95.340175621561627	29.771753221457111	-95.358763147562854	29.758012985248545	Houston	TX	0106000020E610000001000000010300000001000000050000003585708326D857C0446EACA888BE3D403585708326D857C0AEBD7E9E91C53D403C60F86FC5D557C0AEBD7E9E91C53D403C60F86FC5D557C0446EACA888BE3D403585708326D857C0446EACA888BE3D40	hou
36	-77.489459346977966	37.532130393348517	-77.427072775380211	37.571680501072287	-77.458266061179089	37.551905447210402	Richmond	VA	0106000020E610000001000000010300000001000000050000007BFF4B4D535F53C0DB5146D91CC442407BFF4B4D535F53C0E5EE9FD32CC9424047D10C29555B53C0E5EE9FD32CC9424047D10C29555B53C0DB5146D91CC442407BFF4B4D535F53C0DB5146D91CC44240	ric
37	-115.185527122744940	36.082420877373522	-115.134927986159080	36.176338196409660	-115.160227554452010	36.129379536891591	Las Vegas	NV	0106000020E61000000100000001030000000100000005000000792D27ADDFCB5CC0D8696EC48C0A4240792D27ADDFCB5CC0BC4E01409216424094F7FDA8A2C85CC0BC4E01409216424094F7FDA8A2C85CC0D8696EC48C0A4240792D27ADDFCB5CC0D8696EC48C0A4240	las
40	-121.517461454344210	38.562584318129602	-121.473922850172340	38.593108975614612	-121.495692152258270	38.577846646872104	Sacramento	CA	0106000020E6100000010000000103000000010000000500000056D6A5161E615EC0F7CD4FC30248434056D6A5161E615EC04A9DB2FEEA4B43404F9481C0545E5EC04A9DB2FEEA4B43404F9481C0545E5EC0F7CD4FC30248434056D6A5161E615EC0F7CD4FC302484340	sac
41	-97.758342964979562	30.248440493367173	-97.719557696115928	30.305526726510092	-97.738950330547738	30.276983609938632	Austin	TX	0106000020E610000001000000010300000001000000050000004A6FEEB0887058C09D03D2CB993F3E404A6FEEB0887058C02F6AE2FF364E3E40CB19B93B0D6E58C02F6AE2FF364E3E40CB19B93B0D6E58C09D03D2CB993F3E404A6FEEB0887058C09D03D2CB993F3E40	aus
47	-86.192589161911272	39.753484718305955	-86.141227096149933	39.789340921770595	-86.166908129030602	39.771412820038279	Indianapolis	IN	0106000020E6100000010000000103000000010000000500000045FE7D61538C55C07694EF2F72E0434045FE7D61538C55C01933921F09E5434079D15FDD098955C01933921F09E5434079D15FDD098955C07694EF2F72E0434045FE7D61538C55C07694EF2F72E04340	ind
60	-82.660765059591000	27.759479475671078	-82.620805788523100	27.781526297957271	-82.640785424057043	27.770502886814175	Saint Petersburg	FL	0106000020E610000001000000010300000001000000050000001A5288F949AA54C092FD353F6DC23B401A5288F949AA54C0C0B0821B12C83B40F3B73348BBA754C0C0B0821B12C83B40F3B73348BBA754C092FD353F6DC23B401A5288F949AA54C092FD353F6DC23B40	spe
61	-82.465278445083769	27.939993212046669	-82.443012082413347	27.957584328640369	-82.454145263748558	27.948788770343519	Tampa	FL	0106000020E61000000100000001030000000100000005000000C94A3E1FC79D54C0D3332865A3F03B40C94A3E1FC79D54C029AC1E3F24F53B40AF6C594F5A9C54C029AC1E3F24F53B40AF6C594F5A9C54C0D3332865A3F03B40C94A3E1FC79D54C0D3332865A3F03B40	tam
62	-77.057713232569938	38.878735761152512	-76.985950600778736	38.915661494610511	-77.021831916674330	38.897198627881508	Washington DC Metro Area	DC/VA	0106000020E61000000100000001030000000100000005000000DA9117DB924753C0FB5E114D376B43400B52C1619B4753C0EF8659D11A7543403D748CD0193F53C081C7566534754340F4D38D060D3F53C011A15C16956B4340DA9117DB924753C0FB5E114D376B4340	was
63	-86.798646781458160	36.147957607205079	-86.760646255657434	36.175084365234703	-86.779646518557797	36.161520986219891	Nashville	TN	0106000020E61000000100000001030000000100000005000000C8DA63071DB355C0F3115E46F0124240C8DA63071DB355C0AB5C1B2A69164240E8F7A16DAEB055C0AB5C1B2A69164240E8F7A16DAEB055C0F3115E46F0124240C8DA63071DB355C0F3115E46F0124240	nas
64	-72.686678274671962	41.729870808550743	-72.640732219414048	41.771514834634559	-72.663705247042998	41.750692821592651	Hartford	CT	0106000020E61000000100000001030000000100000005000000BF256F89F22B52C0E8831A686CDD4440BF256F89F22B52C0309183FFC0E244401EF8B5C1012952C0309183FFC0E244401EF8B5C1012952C0E8831A686CDD4440BF256F89F22B52C0E8831A686CDD4440	har
66	-121.941990691101480	37.324568045767350	-121.871825772888800	37.375760781695206	-121.906908231995150	37.350164413731278	San Jose	CA	0106000020E61000000100000001030000000100000005000000B5DA5293497C5EC0DEF21A728BA94240B5DA5293497C5EC00A40E6ED18B04240829753FECB775EC00A40E6ED18B04240829753FECB775EC0DEF21A728BA94240B5DA5293497C5EC0DEF21A728BA94240	sjo
10	-71.090955932342084	42.340560036652512	-71.046013733275601	42.370677993443906	-71.068484832808849	42.355619015048205	Boston Metro Area	MA	0106000020E610000001000000010300000001000000050000009A9999999999A93F9A9999999999A93F9A9999999999A93F9A9999999999A9BF9A9999999999A9BF9A9999999999A9BF9A9999999999A9BF9A9999999999A93F9A9999999999A93F9A9999999999A93F	bos
65	-73.202720856115747	41.161927634939893	-73.153475164526341	41.189737430662419	-73.178098010321037	41.175832532801152	Bridgeport	CT	0106000020E61000000100000001030000000100000005000000CDCCCC18124A52C069D427EFCF9B4440CDCCCC18124A52C09D075B22038F44403333337F785052C09D075B22038F44403333337F785052C069D427EFCF9B4440CDCCCC18124A52C069D427EFCF9B4440	bri
71	\N	\N	\N	\N	\N	\N	Salt Lake City	UT	0106000020E61000000100000001030000000100000005000000CDCCCC1809FE5BC033AD9489965E4440CDCCCC1809FE5BC067E0C7BCC95144403333337F6F045CC067E0C7BCC95144403333337F6F045CC033AD9489965E4440CDCCCC1809FE5BC033AD9489965E4440	slc
21	-84.402377512550174	33.741665888262119	-84.375872647481074	33.791218291025096	-84.389125080015617	33.766442089643604	Atlanta	GA	0106000020E61000000100000001030000000100000005000000CDCCCC987D1055C08B8FDC91A5E74040CDCCCC987D1055C0BFC20FC5D8DA4040333333FFE31655C0BFC20FC5D8DA4040333333FFE31655C08B8FDC91A5E74040CDCCCC987D1055C08B8FDC91A5E74040	atl
69	\N	\N	\N	\N	\N	\N	Test Area	FL	0106000020E6100000010000000103000000010000000500000060E5D022DBA158C0AAF1D24D62F0434060E5D022DBA158C0DE24068195E34340C64B378941A858C0DE24068195E34340C64B378941A858C0AAF1D24D62F0434060E5D022DBA158C0AAF1D24D62F04340	tst
72	\N	\N	\N	\N	\N	\N	Boulder	CO	0106000020E61000000100000001030000000100000005000000CDCCCC98674E5AC035E427BC51084440CDCCCC98674E5AC069175BEF84FB4340333333FFCD545AC069175BEF84FB4340333333FFCD545AC035E427BC51084440CDCCCC98674E5AC035E427BC51084440	bol
\.


--
-- Data for Name: areas_points; Type: TABLE DATA; Schema: public; Owner: cbachicha
--

COPY areas_points (gid, city, state, lat, long, geom) FROM stdin;
1	PROVIDENCE	RI	41.822166	-71.414423	0101000020E6100000CC7DCCE785DA51C00744F9BB3CE94440
3	EVERETT	MA	42.393826	-71.063581	0101000020E6100000225FFBB711C451C0B91691E268324540
4	KANSAS CITY	MO	39.099769	-94.581726	0101000020E6100000C4E0BA013BA557C09CB63C39C58C4340
5	SAN ANTONIO	TX	29.414813	-98.492107	0101000020E6100000852802AD7E9F58C08EEA2A30316A3D40
6	SAN DIEGO	CA	32.714423	-117.162180	0101000020E61000000DC3DA26614A5DC0513B5738725B4040
7	SAN FRANCISCO	CA	37.787922	-122.409235	0101000020E6100000C28478E8309A5EC039B644A4DAE44240
8	ORLANDO	FL	28.539478	-81.381989	0101000020E61000000EEFA580725854C018157F3E1B8A3C40
9	NORFOLK	VA	36.850833	-76.284620	0101000020E6100000DCB16D35371253C030FD3A1BE86C4240
10	BOSTON	MA	42.355423	-71.066481	0101000020E6100000313B093941C451C040E6DD7D7E2D4540
11	BUFFALO	NY	42.890588	-78.859258	0101000020E6100000A225A414FEB653C09701AACAFE714540
12	CHICAGO	IL	41.884050	-87.637041	0101000020E6100000DFFEB847C5E855C02293638C28F14440
13	CINCINNATI	OH	39.100062	-84.516128	0101000020E610000011B5473E082155C0465585D1CE8C4340
14	CLEVELAND	OH	41.501670	-81.692666	0101000020E6100000047969A3546C54C05CEDBCBB36C04440
18	ARLINGTON	VA	38.887173	-77.092100	0101000020E61000004F76C4F6E44553C0A23B65E58E714340
20	DENVER	CO	39.743981	-104.990668	0101000020E61000001270341C673F5AC04C14A6C13ADF4340
21	ATLANTA	GA	33.764728	-84.387032	0101000020E6100000ADB51E22C51855C0C174D39DE2E14040
22	LIBERTY ISLAND	NY	40.689224	-74.045478	0101000020E6100000FC996C1BE98252C0842D4E7D38584440
23	LONG BEACH	NY	33.769901	-118.196520	0101000020E6100000EC7990CA938C5DC070B7C01D8CE24040
24	BALTIMORE	MD	39.291561	-76.612414	0101000020E6100000FE69AEC9312753C09B86B5DF51A54340
25	BROOKLYN	NY	40.691524	-73.985735	0101000020E6100000C5A5084A167F52C06BDD98DB83584440
26	MEMPHIS	TN	35.143782	-90.040680	0101000020E6100000EB5B14819A8256C003E0617467924140
27	DALLAS	TX	32.784338	-96.796302	0101000020E610000010AFA19BF63258C0BFC1072F65644040
29	NIAGARA FALLS	NY	43.110286	-79.051788	0101000020E6100000EC3CF07F50C353C0E700C7D91D8E4540
30	FORT LAUDERDALE	FL	26.121311	-80.144075	0101000020E6100000BFE1F785380954C06B7BC1440E1F3A40
31	NEW ORLEANS	LA	29.954521	-90.073982	0101000020E610000020080D21BC8456C06838EE815BF43D40
33	PHOENIX	AZ	33.455991	-112.067052	0101000020E610000055FE7C964A045CC068DDF1EA5DBA4040
34	HOUSTON	TX	29.757508	-95.358355	0101000020E61000007F65F848EFD657C01F8B3405ECC13D40
35	JERSEY CITY	NJ	40.723700	-74.046890	0101000020E610000041FF8240008352C019486531A25C4440
36	RICHMOND	VA	37.553040	-77.459716	0101000020E6100000492ABDFE6B5D53C037B47106CAC64240
37	LAS VEGAS	NV	36.131250	-115.162939	0101000020E6100000FBDF5C986DCA5CC054995ACACC104240
38	MANHATTAN	NY	40.736778	-73.991557	0101000020E6100000D1B466AD757F52C0C4B81DBC4E5E4440
40	SACRAMENTO	CA	38.577903	-121.495040	0101000020E6100000BF4A36BDAE5F5EC054662FB9F8494340
41	AUSTIN	TX	30.278411	-97.740842	0101000020E61000009FA8D4F3696F58C07E079FF945473E40
42	MIAMI	FL	25.779829	-80.191557	0101000020E6100000796D357A420C54C0F5FFD3D7A2C73940
45	MINNEAPOLIS	MN	44.978017	-93.264073	0101000020E61000006ECA5B92E65057C0886DAFA92F7D4640
46	PENTAGON CITY	VA	38.859662	-77.054698	0101000020E61000002B259A2B804353C0B6D47F69096E4340
47	INDIANAPOLIS	IN	39.771837	-86.161508	0101000020E6100000B532A625568A55C00BB5C991CBE24340
48	COLUMBUS	OH	39.982359	-83.003510	0101000020E61000005B7C138139C054C0AFA843EFBDFD4340
49	CHARLOTTE	NC	35.229744	-80.839262	0101000020E61000005F71A677B63554C09517793C689D4140
50	MILWAUKEE	WI	43.036462	-87.905096	0101000020E61000006A4D7318EDF955C0EF04C6C8AA844540
51	LOUISVILLE	KY	38.224328	-85.756859	0101000020E6100000A2726A62707055C02F6567C8B61C4340
52	DETROIT	MI	42.335075	-83.053447	0101000020E6100000234E71AB6BC354C02C00AEBFE32A4540
53	SEATTLE	WA	47.610524	-122.336349	0101000020E61000000335F4BF86955EC049DA10A825CE4740
54	LOS ANGELES	CA	34.056941	-118.349993	0101000020E610000009BB584966965DC0EF6D62D449074140
55	PORTLAND	OR	45.518201	-122.678364	0101000020E61000002FD33B516AAB5EC07B2AA56B54C24640
56	PHILADELPHIA	PA	39.953879	-75.168057	0101000020E6100000EDFF2D71C1CA52C01D2130B418FA4340
57	PITTSBURGH	PA	40.441412	-80.002455	0101000020E610000042489A3A280054C0B346983080384440
58	SAINT LOUIS	MO	38.630388	-90.208795	0101000020E6100000FAB109E75C8D56C02026168BB0504340
59	NEWARK	NJ	40.737478	-74.176011	0101000020E610000052BD0AC2438B52C027E02FAE655E4440
60	SAINT PETERSBURG	FL	27.770714	-82.640052	0101000020E610000031D0609BF6A854C046E9507B4DC53B40
61	TAMPA	FL	27.948513	-82.456052	0101000020E610000006BEAFF32F9D54C00A9552C1D1F23B40
62	WASHINGTON	DC	38.898304	-77.023439	0101000020E61000003AB9F704804153C085A9479EFB724340
63	NASHVILLE	TN	36.161345	-86.779446	0101000020E61000000247E672E2B155C018C2B2F7A6144240
64	HARTFORD	CT	41.753596	-72.663619	0101000020E6100000E0303EBA782A52C01BE2B8D775E04440
65	BRIDGEPORT	CT	41.175079	-73.193405	0101000020E61000007A21A3BD604C52C0A12B980069964440
66	SAN JOSE	CA	37.347496	-121.904786	0101000020E6100000396C3204E8795EC025CFB8BF7AAC4240
\.


--
-- Data for Name: cart_items; Type: TABLE DATA; Schema: public; Owner: cbachicha
--

COPY cart_items (id, cart_id, created_at, updated_at, product_id) FROM stdin;
887	667	2014-07-11 15:57:44.218412	2014-07-11 15:57:44.218412	108
888	667	2014-07-11 15:57:44.224224	2014-07-11 15:57:44.224224	161
889	667	2014-07-11 15:57:44.22843	2014-07-11 15:57:44.22843	38
890	668	2014-07-11 17:36:41.144936	2014-07-11 17:36:41.144936	203
891	671	2014-07-11 20:11:51.302529	2014-07-11 20:11:51.302529	188
892	672	2014-07-11 20:18:09.085641	2014-07-11 20:18:09.085641	108
893	672	2014-07-11 20:18:09.093921	2014-07-11 20:18:09.093921	161
894	672	2014-07-11 20:18:09.100157	2014-07-11 20:18:09.100157	38
895	672	2014-07-11 20:18:22.99771	2014-07-11 20:18:22.99771	34
896	672	2014-07-11 20:18:35.177268	2014-07-11 20:18:35.177268	70
897	672	2014-07-11 20:18:35.184913	2014-07-11 20:18:35.184913	140
898	672	2014-07-11 20:18:35.191622	2014-07-11 20:18:35.191622	162
899	672	2014-07-11 20:18:35.198587	2014-07-11 20:18:35.198587	199
900	677	2014-07-11 20:33:26.238034	2014-07-11 20:33:26.238034	123
901	677	2014-07-11 20:33:26.24229	2014-07-11 20:33:26.24229	53
902	677	2014-07-11 20:33:26.246089	2014-07-11 20:33:26.246089	191
903	677	2014-07-11 20:33:26.24994	2014-07-11 20:33:26.24994	146
904	677	2014-07-11 20:33:26.253764	2014-07-11 20:33:26.253764	76
905	677	2014-07-11 20:33:26.257554	2014-07-11 20:33:26.257554	193
906	675	2014-07-11 20:35:12.656374	2014-07-11 20:35:12.656374	123
907	675	2014-07-11 20:35:12.663713	2014-07-11 20:35:12.663713	53
908	675	2014-07-11 20:35:12.67318	2014-07-11 20:35:12.67318	191
909	675	2014-07-11 20:35:12.681334	2014-07-11 20:35:12.681334	146
910	675	2014-07-11 20:35:12.687632	2014-07-11 20:35:12.687632	76
911	675	2014-07-11 20:35:12.69438	2014-07-11 20:35:12.69438	193
912	713	2014-07-13 18:30:02.193421	2014-07-13 18:30:02.193421	130
913	713	2014-07-13 18:30:02.19831	2014-07-13 18:30:02.19831	60
914	713	2014-07-13 18:30:02.202291	2014-07-13 18:30:02.202291	187
915	774	2014-07-15 16:12:48.154767	2014-07-15 16:12:48.154767	22
916	786	2014-07-16 17:13:22.999438	2014-07-16 17:13:22.999438	122
917	786	2014-07-16 17:13:23.008055	2014-07-16 17:13:23.008055	52
918	786	2014-07-16 17:13:23.01103	2014-07-16 17:13:23.01103	181
919	816	2014-07-16 17:20:22.323291	2014-07-16 17:20:22.323291	70
920	816	2014-07-16 17:20:22.329235	2014-07-16 17:20:22.329235	140
921	816	2014-07-16 17:20:22.333401	2014-07-16 17:20:22.333401	162
922	816	2014-07-16 17:20:22.336397	2014-07-16 17:20:22.336397	199
923	816	2014-07-16 17:42:08.689439	2014-07-16 17:42:08.689439	116
924	816	2014-07-16 17:42:08.69586	2014-07-16 17:42:08.69586	46
925	816	2014-07-16 17:42:08.698777	2014-07-16 17:42:08.698777	14
\.


--
-- Name: cart_items_id_seq; Type: SEQUENCE SET; Schema: public; Owner: cbachicha
--

SELECT pg_catalog.setval('cart_items_id_seq', 925, true);


--
-- Data for Name: carts; Type: TABLE DATA; Schema: public; Owner: cbachicha
--

COPY carts (id, purchased_at, user_id, created_at, updated_at, license_id, license_address) FROM stdin;
666	\N	\N	2014-07-11 15:54:26.587497	2014-07-11 15:54:26.587497	1	\N
667	2014-07-11	2	2014-07-11 15:56:27.49551	2014-07-11 15:58:42.940028	1	7967 Superior Hill Pl<br>Colorado Springs, Colorado 80908
669	\N	\N	2014-07-11 17:15:19.71482	2014-07-11 17:15:19.71482	1	\N
670	\N	\N	2014-07-11 17:15:20.173121	2014-07-11 17:15:20.173121	1	\N
668	2014-07-11	2	2014-07-11 15:59:03.395092	2014-07-11 17:42:49.028742	1	7967 Superior Hill Pl<br>Colorado Springs, Colorado 80908
671	\N	2	2014-07-11 17:42:49.812493	2014-07-11 20:11:57.366145	2	7967 Superior Hill Pl<br>Colorado Springs, Colorado 80908
673	\N	\N	2014-07-11 20:17:58.635741	2014-07-11 20:17:58.635741	1	\N
674	\N	\N	2014-07-11 20:17:58.973853	2014-07-11 20:17:58.973853	1	\N
672	2014-07-11	14	2014-07-11 20:16:06.158721	2014-07-11 20:32:06.909198	1	1935 Jamboree Drive<br>Suite 100<br>Colorado Springs, Colorado 80920
676	\N	\N	2014-07-11 20:32:42.797182	2014-07-11 20:32:42.797182	1	\N
677	\N	14	2014-07-11 20:32:45.531783	2014-07-11 20:33:33.712635	2	1935 Jamboree Drive<br>Suite 100<br>Colorado Springs, Colorado 80920
675	2014-07-11	14	2014-07-11 20:32:26.868718	2014-07-11 20:36:35.906747	2	1935 Jamboree Drive<br>Suite 100<br>Colorado Springs, Colorado 80920
678	\N	\N	2014-07-11 20:36:50.502815	2014-07-11 20:36:50.502815	1	\N
679	\N	\N	2014-07-11 21:26:10.206354	2014-07-11 21:26:10.206354	1	\N
680	\N	\N	2014-07-11 21:30:51.081258	2014-07-11 21:30:51.081258	1	\N
681	\N	\N	2014-07-11 21:33:22.52737	2014-07-11 21:33:22.52737	1	\N
682	\N	\N	2014-07-11 21:54:52.475045	2014-07-11 21:54:52.475045	1	\N
683	\N	\N	2014-07-11 21:54:52.696292	2014-07-11 21:54:52.696292	1	\N
684	\N	\N	2014-07-11 22:59:37.712541	2014-07-11 22:59:37.712541	1	\N
685	\N	\N	2014-07-11 22:59:38.227559	2014-07-11 22:59:38.227559	1	\N
686	\N	\N	2014-07-12 00:25:57.498964	2014-07-12 00:25:57.498964	1	\N
687	\N	\N	2014-07-12 04:49:09.7294	2014-07-12 04:49:09.7294	1	\N
688	\N	\N	2014-07-12 04:52:20.105962	2014-07-12 04:52:20.105962	1	\N
689	\N	\N	2014-07-12 06:19:06.154648	2014-07-12 06:19:06.154648	1	\N
690	\N	\N	2014-07-12 06:19:06.201135	2014-07-12 06:19:06.201135	1	\N
691	\N	\N	2014-07-12 08:47:02.463169	2014-07-12 08:47:02.463169	1	\N
692	\N	\N	2014-07-12 08:47:05.603852	2014-07-12 08:47:05.603852	1	\N
693	\N	\N	2014-07-12 08:47:08.092192	2014-07-12 08:47:08.092192	1	\N
694	\N	\N	2014-07-12 08:47:12.476207	2014-07-12 08:47:12.476207	1	\N
695	\N	\N	2014-07-12 08:47:16.589644	2014-07-12 08:47:16.589644	1	\N
696	\N	\N	2014-07-12 09:35:11.622568	2014-07-12 09:35:11.622568	1	\N
697	\N	\N	2014-07-12 09:46:54.790671	2014-07-12 09:46:54.790671	1	\N
698	\N	\N	2014-07-12 15:14:14.00205	2014-07-12 15:14:14.00205	1	\N
699	\N	\N	2014-07-12 15:14:23.745678	2014-07-12 15:14:23.745678	1	\N
700	\N	\N	2014-07-12 16:21:21.876106	2014-07-12 16:21:21.876106	1	\N
701	\N	\N	2014-07-13 01:51:30.197764	2014-07-13 01:51:30.197764	1	\N
702	\N	\N	2014-07-13 02:07:32.368134	2014-07-13 02:07:32.368134	1	\N
703	\N	\N	2014-07-13 06:19:11.635794	2014-07-13 06:19:11.635794	1	\N
704	\N	\N	2014-07-13 06:19:11.681081	2014-07-13 06:19:11.681081	1	\N
705	\N	\N	2014-07-13 06:38:40.738126	2014-07-13 06:38:40.738126	1	\N
706	\N	\N	2014-07-13 08:23:30.564821	2014-07-13 08:23:30.564821	1	\N
707	\N	\N	2014-07-13 12:41:11.889597	2014-07-13 12:41:11.889597	1	\N
708	\N	\N	2014-07-13 12:41:15.203022	2014-07-13 12:41:15.203022	1	\N
709	\N	\N	2014-07-13 12:41:16.974305	2014-07-13 12:41:16.974305	1	\N
710	\N	\N	2014-07-13 14:01:53.237626	2014-07-13 14:01:53.237626	1	\N
711	\N	\N	2014-07-13 14:04:01.684534	2014-07-13 14:04:01.684534	1	\N
712	\N	\N	2014-07-13 14:54:50.924199	2014-07-13 14:54:50.924199	1	\N
713	\N	14	2014-07-13 18:26:49.572571	2014-07-13 18:30:02.278324	1	\N
714	\N	\N	2014-07-13 19:00:00.263936	2014-07-13 19:00:00.263936	1	\N
715	\N	\N	2014-07-14 06:16:26.889267	2014-07-14 06:16:26.889267	1	\N
716	\N	\N	2014-07-14 06:19:16.367594	2014-07-14 06:19:16.367594	1	\N
717	\N	\N	2014-07-14 06:19:16.414285	2014-07-14 06:19:16.414285	1	\N
718	\N	\N	2014-07-14 06:31:06.893559	2014-07-14 06:31:06.893559	1	\N
719	\N	\N	2014-07-14 07:25:09.099909	2014-07-14 07:25:09.099909	1	\N
720	\N	\N	2014-07-14 07:37:58.695895	2014-07-14 07:37:58.695895	1	\N
721	\N	\N	2014-07-14 08:35:50.210606	2014-07-14 08:35:50.210606	1	\N
722	\N	\N	2014-07-14 08:41:22.84704	2014-07-14 08:41:22.84704	1	\N
723	\N	\N	2014-07-14 09:33:39.634318	2014-07-14 09:33:39.634318	1	\N
724	\N	\N	2014-07-14 09:51:08.356407	2014-07-14 09:51:08.356407	1	\N
725	\N	\N	2014-07-14 09:52:52.844094	2014-07-14 09:52:52.844094	1	\N
726	\N	\N	2014-07-14 10:57:12.266981	2014-07-14 10:57:12.266981	1	\N
727	\N	\N	2014-07-14 10:57:52.321024	2014-07-14 10:57:52.321024	1	\N
728	\N	\N	2014-07-14 12:12:41.466035	2014-07-14 12:12:41.466035	1	\N
729	\N	\N	2014-07-14 13:10:19.803581	2014-07-14 13:10:19.803581	1	\N
730	\N	\N	2014-07-14 13:19:28.50108	2014-07-14 13:19:28.50108	1	\N
731	\N	\N	2014-07-14 14:13:38.032297	2014-07-14 14:13:38.032297	1	\N
732	\N	\N	2014-07-14 14:21:50.024384	2014-07-14 14:21:50.024384	1	\N
733	\N	\N	2014-07-14 14:26:48.958128	2014-07-14 14:26:48.958128	1	\N
734	\N	\N	2014-07-14 14:27:45.546954	2014-07-14 14:27:45.546954	1	\N
735	\N	\N	2014-07-14 15:08:17.728367	2014-07-14 15:08:17.728367	1	\N
736	\N	\N	2014-07-14 15:14:16.851774	2014-07-14 15:14:16.851774	1	\N
737	\N	\N	2014-07-14 15:31:37.870242	2014-07-14 15:31:37.870242	1	\N
738	\N	\N	2014-07-14 15:32:53.362943	2014-07-14 15:32:53.362943	1	\N
739	\N	\N	2014-07-14 16:48:05.458354	2014-07-14 16:48:05.458354	1	\N
740	\N	\N	2014-07-14 16:54:09.43187	2014-07-14 16:54:09.43187	1	\N
741	\N	\N	2014-07-14 17:17:28.809089	2014-07-14 17:17:28.809089	1	\N
742	\N	\N	2014-07-14 18:44:36.036938	2014-07-14 18:44:36.036938	1	\N
743	\N	\N	2014-07-14 18:44:37.595032	2014-07-14 18:44:37.595032	1	\N
744	\N	\N	2014-07-14 18:44:39.48233	2014-07-14 18:44:39.48233	1	\N
745	\N	\N	2014-07-14 18:44:42.254972	2014-07-14 18:44:42.254972	1	\N
746	\N	\N	2014-07-14 23:33:07.753173	2014-07-14 23:33:07.753173	1	\N
747	\N	\N	2014-07-14 23:36:37.960512	2014-07-14 23:36:37.960512	1	\N
748	\N	\N	2014-07-14 23:38:15.66951	2014-07-14 23:38:15.66951	1	\N
749	\N	\N	2014-07-15 00:37:56.671775	2014-07-15 00:37:56.671775	1	\N
750	\N	\N	2014-07-15 01:51:59.299941	2014-07-15 01:51:59.299941	1	\N
751	\N	\N	2014-07-15 03:01:45.789031	2014-07-15 03:01:45.789031	1	\N
752	\N	\N	2014-07-15 03:42:32.588866	2014-07-15 03:42:32.588866	1	\N
753	\N	\N	2014-07-15 04:12:19.392115	2014-07-15 04:12:19.392115	1	\N
754	\N	\N	2014-07-15 05:24:17.923739	2014-07-15 05:24:17.923739	1	\N
755	\N	\N	2014-07-15 05:24:21.001335	2014-07-15 05:24:21.001335	1	\N
756	\N	\N	2014-07-15 06:19:22.013366	2014-07-15 06:19:22.013366	1	\N
757	\N	\N	2014-07-15 06:19:22.062117	2014-07-15 06:19:22.062117	1	\N
758	\N	\N	2014-07-15 08:01:22.794895	2014-07-15 08:01:22.794895	1	\N
759	\N	\N	2014-07-15 08:22:00.807082	2014-07-15 08:22:00.807082	1	\N
760	\N	\N	2014-07-15 09:21:25.100599	2014-07-15 09:21:25.100599	1	\N
761	\N	\N	2014-07-15 09:43:25.035932	2014-07-15 09:43:25.035932	1	\N
762	\N	\N	2014-07-15 09:43:34.333271	2014-07-15 09:43:34.333271	1	\N
763	\N	\N	2014-07-15 09:48:25.163312	2014-07-15 09:48:25.163312	1	\N
764	\N	\N	2014-07-15 10:45:03.696544	2014-07-15 10:45:03.696544	1	\N
765	\N	\N	2014-07-15 11:29:07.487848	2014-07-15 11:29:07.487848	1	\N
766	\N	\N	2014-07-15 11:52:06.472974	2014-07-15 11:52:06.472974	1	\N
767	\N	\N	2014-07-15 12:23:37.787367	2014-07-15 12:23:37.787367	1	\N
768	\N	\N	2014-07-15 12:23:51.388672	2014-07-15 12:23:51.388672	1	\N
769	\N	\N	2014-07-15 13:11:59.287363	2014-07-15 13:11:59.287363	1	\N
770	\N	\N	2014-07-15 14:07:37.872644	2014-07-15 14:07:37.872644	1	\N
771	\N	\N	2014-07-15 14:27:41.385138	2014-07-15 14:27:41.385138	1	\N
772	\N	\N	2014-07-15 14:30:02.807923	2014-07-15 14:30:02.807923	1	\N
773	\N	\N	2014-07-15 15:44:15.370353	2014-07-15 15:44:15.370353	1	\N
774	\N	14	2014-07-15 16:10:24.859082	2014-07-15 16:12:48.246788	1	\N
775	\N	\N	2014-07-15 18:06:33.682114	2014-07-15 18:06:33.682114	1	\N
776	\N	\N	2014-07-15 18:10:44.587235	2014-07-15 18:10:44.587235	1	\N
777	\N	\N	2014-07-15 18:15:40.634168	2014-07-15 18:15:40.634168	1	\N
778	\N	\N	2014-07-15 18:15:41.651359	2014-07-15 18:15:41.651359	1	\N
779	\N	\N	2014-07-15 18:15:45.082445	2014-07-15 18:15:45.082445	1	\N
780	\N	\N	2014-07-15 18:15:45.761801	2014-07-15 18:15:45.761801	1	\N
781	\N	\N	2014-07-15 18:32:07.411605	2014-07-15 18:32:07.411605	1	\N
782	\N	\N	2014-07-15 18:40:05.942114	2014-07-15 18:40:05.942114	1	\N
783	\N	\N	2014-07-15 19:04:46.220858	2014-07-15 19:04:46.220858	1	\N
784	\N	\N	2014-07-15 19:04:54.108493	2014-07-15 19:04:54.108493	1	\N
785	\N	\N	2014-07-15 19:18:06.447853	2014-07-15 19:18:06.447853	1	\N
787	\N	\N	2014-07-15 20:56:53.592761	2014-07-15 20:56:53.592761	1	\N
788	\N	\N	2014-07-15 22:26:40.367954	2014-07-15 22:26:40.367954	1	\N
789	\N	\N	2014-07-15 22:59:43.343398	2014-07-15 22:59:43.343398	1	\N
790	\N	\N	2014-07-15 23:03:45.996977	2014-07-15 23:03:45.996977	1	\N
791	\N	\N	2014-07-16 00:06:57.178034	2014-07-16 00:06:57.178034	1	\N
792	\N	\N	2014-07-16 01:16:33.666816	2014-07-16 01:16:33.666816	1	\N
793	\N	\N	2014-07-16 03:28:50.835745	2014-07-16 03:28:50.835745	1	\N
794	\N	\N	2014-07-16 03:31:57.812357	2014-07-16 03:31:57.812357	1	\N
795	\N	\N	2014-07-16 03:39:52.38796	2014-07-16 03:39:52.38796	1	\N
796	\N	\N	2014-07-16 04:39:21.120627	2014-07-16 04:39:21.120627	1	\N
797	\N	\N	2014-07-16 05:45:46.822211	2014-07-16 05:45:46.822211	1	\N
798	\N	\N	2014-07-16 06:19:23.989157	2014-07-16 06:19:23.989157	1	\N
799	\N	\N	2014-07-16 06:19:24.036167	2014-07-16 06:19:24.036167	1	\N
800	\N	\N	2014-07-16 06:38:49.238453	2014-07-16 06:38:49.238453	1	\N
801	\N	\N	2014-07-16 06:55:50.955738	2014-07-16 06:55:50.955738	1	\N
802	\N	\N	2014-07-16 07:58:06.215987	2014-07-16 07:58:06.215987	1	\N
803	\N	\N	2014-07-16 08:32:58.311936	2014-07-16 08:32:58.311936	1	\N
804	\N	\N	2014-07-16 09:14:28.299003	2014-07-16 09:14:28.299003	1	\N
805	\N	\N	2014-07-16 10:25:32.728667	2014-07-16 10:25:32.728667	1	\N
806	\N	\N	2014-07-16 11:45:36.494125	2014-07-16 11:45:36.494125	1	\N
807	\N	\N	2014-07-16 12:22:36.249235	2014-07-16 12:22:36.249235	1	\N
808	\N	\N	2014-07-16 12:56:29.994257	2014-07-16 12:56:29.994257	1	\N
809	\N	\N	2014-07-16 14:11:44.444967	2014-07-16 14:11:44.444967	1	\N
810	\N	\N	2014-07-16 14:33:38.722253	2014-07-16 14:33:38.722253	1	\N
811	\N	\N	2014-07-16 15:28:39.693848	2014-07-16 15:28:39.693848	1	\N
812	\N	\N	2014-07-16 15:53:20.830817	2014-07-16 15:53:20.830817	1	\N
813	\N	\N	2014-07-16 16:19:05.600031	2014-07-16 16:19:05.600031	1	\N
814	\N	\N	2014-07-16 16:19:14.237928	2014-07-16 16:19:14.237928	1	\N
815	\N	\N	2014-07-16 16:21:20.622688	2014-07-16 16:21:20.622688	1	\N
786	\N	1	2014-07-15 20:56:53.520961	2014-07-16 17:13:53.2102	1	\N
816	\N	2	2014-07-16 17:13:59.70298	2014-07-16 17:20:22.351128	1	\N
817	\N	\N	2014-07-21 15:38:40.067217	2014-07-21 15:38:40.067217	1	\N
818	\N	\N	2014-07-31 22:06:05.242014	2014-07-31 22:06:05.242014	1	\N
\.


--
-- Name: carts_id_seq; Type: SEQUENCE SET; Schema: public; Owner: cbachicha
--

SELECT pg_catalog.setval('carts_id_seq', 818, true);


--
-- Data for Name: data_types; Type: TABLE DATA; Schema: public; Owner: cbachicha
--

COPY data_types (id, name, path, ppu, created_at, updated_at, is_building_type) FROM stdin;
1	DEM	dem.zip	10.0	2014-05-13 21:09:42.467204	2014-06-09 22:04:45.093243	f
4	3D Buildings (Shapefile)	bldg3d.zip	5.0	2014-05-14 15:01:17.68318	2014-06-17 22:14:28.167989	t
2	Ortho (6 in)	ortho6in.zip	20.45	2014-05-13 21:10:31.936122	2014-06-09 22:05:07.795431	f
5	3D Buildings (Collada)	model.zip	5.0	2014-05-14 15:02:02.417471	2014-06-09 22:29:57.832723	t
6	Ortho (12 in)	ortho12in.zip	10.25	2014-06-09 14:21:00	2014-06-09 22:06:47.463685	f
3	2D Buildings (Shapefile)	bldg2d.zip	1.0	2014-05-14 15:00:35.834698	2014-07-28 19:54:57.420555	t
7	Testing 12	testing.zip	14.5	2014-07-28 19:56:39.791266	2014-07-29 15:28:33.411912	f
\.


--
-- Name: data_types_id_seq; Type: SEQUENCE SET; Schema: public; Owner: cbachicha
--

SELECT pg_catalog.setval('data_types_id_seq', 7, true);


--
-- Data for Name: feature_groups; Type: TABLE DATA; Schema: public; Owner: cbachicha
--

COPY feature_groups (id, user_id, created_at, updated_at) FROM stdin;
\.


--
-- Data for Name: feature_groups_footprints; Type: TABLE DATA; Schema: public; Owner: cbachicha
--

COPY feature_groups_footprints (feature_group_id, footprint_id) FROM stdin;
\.


--
-- Name: feature_groups_id_seq; Type: SEQUENCE SET; Schema: public; Owner: cbachicha
--

SELECT pg_catalog.setval('feature_groups_id_seq', 1, false);


--
-- Name: footprint_gid_seq; Type: SEQUENCE SET; Schema: public; Owner: cbachicha
--

SELECT pg_catalog.setval('footprint_gid_seq', 75, true);


--
-- Data for Name: footprints; Type: TABLE DATA; Schema: public; Owner: cbachicha
--

COPY footprints (gid, ftype, iso_catcod, name, agency, vintage, projection, datum, vendor, licensed, cloudcover, numbands, geometry, has_addresses, areakm, areami, bldgcount, geom, area_id, city_abbr, alias, ortho_res, dem_res) FROM stdin;
3	vector	007	EVERETT	Sanborn	2008	WGS84	WGS84	Sanborn	Yes	0	0	Polygon	No	7.540000000000000	2.910000000000000	1058	0106000020E610000001000000010300000001000000050000003B9850F9E8C451C07FD55DA24634454006758AF8B9C251C09F55652C6933454011DD503F38C351C0DB4319997F304540122D8F4171C551C037CC0B4C7D3145403B9850F9E8C451C07FD55DA246344540	10	bos	everett_	\N	\N
2	vector	007	GEORGE WASHINGTON BRIDGE	Sanborn	2008	WGS84	WGS84	Sanborn	Yes	0	0	Polygon	No	5.980000000000000	2.310000000000000	599	0106000020E6100000010000000103000000010000000E000000D37135CDC77D52C03FD4D8219E6E4440145A6B9F047D52C03C6ABF374B6E44402054EF71B77B52C0FF6BC409C06D4440DC9F4E042A7C52C0E652485B636B4440A64741F2FA7D52C0E96B77593D6C4440112C6C0C107E52C066CA8355296C4440DCE7816A2A7E52C00583CF5F3D6C4440B486F871317E52C0CFED2C664D6C44403C81638A467E52C005D2DD6C596C4440D63A8F4D067E52C02745A16E706D4440D2FDABD0097E52C0AC9FF275846D44400E3640F1F27D52C03301E985BC6D44401B0234AFC87D52C0087F18C8906E4440D37135CDC77D52C03FD4D8219E6E4440	67	nyc	gwbridge_	\N	\N
4	vector	007	KANSAS CITY	Sanborn	2004	WGS84	WGS84	Sanborn	Yes	0	0	Polygon	Yes	9.420000000000000	3.640000000000000	1544	0106000020E6100000010000000103000000010000000E00000008B8F28029A657C000DF4A736F8C43404A580A6124A657C0822BF841B48D4340A2877D72D4A557C06687033EA38E43400B6A46A7CEA557C0F577CF3FBF8E43402D15B3EFD0A557C0C3F00A8BF08E4340F34F05F0C6A557C0C30D267F128F4340C715DA8FD0A457C0D3BEC0FBBF8F43408CB294406BA457C066816D96E48E4340C7FBE27778A457C07324559D0B8C43408F1B615A86A457C0FE4CFE20208A434000E7318902A657C0E2AE7B2E358A4340ECCB3453FAA557C03F0B6F441E8C4340CC94EEFAF8A557C0229A6C5A6E8C434008B8F28029A657C000DF4A736F8C4340	4	kan	\N	\N	3
10	vector	007	BOSTON	Sanborn	2002	WGS84	WGS84	Sanborn	Yes	0	0	Polygon	Yes	7.450000000000000	2.880000000000000	3475	0106000020E6100000010000000103000000010000006000000062157EB33EC551C0A1DFA578972B45407EB91EDE57C551C0D816A38DB92B454035C935B664C551C087F1D9D7CA2B45402CE9371572C551C046FB7731DD2B45407458580681C551C00083C420F12B4540A5E8FA9387C551C00472BE31082C45403D50EE218EC551C0FE246168222C45401BCF0E4791C551C026E0C9CE352C4540E1939B6C94C551C0CCAADBE9422C4540C1CEA79D98C551C074AEDFB0532C45403F7EAA309AC551C0C18159F9592C4540F9FED3B19FC551C056341B0E712C4540EC7171A0A3C551C0B2854550812C4540265B8808A7C551C04EDF28F08E2C4540D360378AACC551C07193C87AA52C45401F7CD5A2AEC551C07EB38365AE2C4540EAF1E178B0C551C03701EFBCB52C4540829A5218B3C551C013F5DEA2BE2C4540F192C855B8C551C0594499FED02C454047C3E693BDC551C07F4228EDE42C454063D2F458C3C551C085A863E5F92C45405AAFF471C5C551C0CD2C463D012D454031707A3AC6C551C06BD641DA032D4540CC2D3B54C8C551C03C0AB3CD0D2D454055B2D438D2C551C0C6428FFD3A2D45401B49D6FFDBC451C083E394E1BD2D454027C37FA8B1C451C0D7F32739AF2E454072552468A3C451C0A626DCB4112F45406086B837A4C451C0EDB6DB77132F45402D4A73D4B1C451C075E05A90212F4540D2A71CEEAFC451C098A91C48252F4540791E76ECA7C451C00D90E1D1352F4540BF8500C2A0C451C01612FFD52E2F4540FA7E016E9BC451C03EACBC0C512F4540B4B0135E8DC451C0B532569B5D2F4540B2F5367A89C451C0F846C22C652F45404CBC951E7FC451C0EDF516E56B2F45402C44708978C451C020986160722F45401DA9480871C451C08E473A42652F454017BB895171C451C0444E804E5F2F454087A0702D5AC451C0CF7E98E4292F4540D4BD83654FC451C073453776242F45406A9D1D804BC451C0F65C468E232F4540EA8BD7F2FEC351C00BF71435352F454084FE13ECDAC351C0C1D9B7483E2F4540FC2738A46DC351C083E34606592F4540DD04FDC32AC351C0A717C5ED542F4540D873FEF80AC351C0EBB5F327002F4540AE435FF2F5C251C0EF4A66EBB32E45407AE595E3F1C251C0F60524C08C2E4540BFC49E5B09C351C0A16E284FD02D4540D62449622CC351C07D907FA8602D4540319D5C6A42C351C0C737BCC1212D4540DF39D9A441C351C0F2513E071B2D454070A8328B47C351C06A30C0250A2D4540D9EBD9DC4AC351C0382F66A3092D454038DDDD8954C351C092E1D302EE2C45405B951F288CC351C0F9E3FE0E452C45401A03D9EEB6C351C04AFE665F382C4540BFF0610FD2C351C0D85101951B2C4540EB9215DEE8C351C0341FD9FD392C4540FD5B771BEEC351C08C7B6456412C4540613AE683F1C351C0DC4DCC0F462C454010BCD9FAF2C351C075BEC1133F2C4540467D6A75F0C351C05794A9243B2C4540CF7D564DF3C351C05B68EC3C2A2C4540D9291780F7C351C059FDE535172C45405020E60BFCC351C0FBF104D7132C4540F28E4026FFC351C09801C10A052C454037A0C62D05C451C060DF39AFE72B45404E96B6C021C451C059088D69F72B45402117F5612FC451C02E6AFFC0FE2B4540E79AE57C3CC451C034260593052C4540F7A9C5504EC451C088A29E0C102C45402478A5454FC451C0CB8003A40E2C4540A8715D504FC451C08849B2D10A2C454049B1683F58C451C007EB2E06FF2B45404761AF586EC451C056B1AEAAE42B4540355D76F476C451C06A4DF4B6DC2B45406FC180E17AC451C007F7B1F5D72B4540121DBE0183C451C02137801DE62B454079B6451895C451C055961D0C052C45403A3F8A6F9CC451C0CE0A6D30FD2B45404477903FA3C451C02B7C13D8F52B45401304DB18B0C451C022A45634E82B45408C5FA27BB8C451C0D2731A4CDF2B454031061DE7C6C451C03B731294CF2B4540044BE26FD2C451C0841133FCC22B4540C62DC7B5DDC451C06DD34572B72B45403B8BCD5BE6C451C0EF9C1106AE2B4540C67CFEF0F2C451C059989861A02B4540263513C214C551C06172E9EAD62B454059CF7BE21CC551C0263BD1CDC92B4540F615B5FD29C551C0BCC2948EB92B4540D41518F433C551C0D2FC6F49A92B454062157EB33EC551C0A1DFA578972B4540	10	bos	downtown_	\N	3
12	vector	007	CHICAGO	Sanborn	2002	WGS84	WGS84	Sanborn	Yes	0	0	Polygon	Yes	39.310000000000002	15.180000000000000	18410	0106000020E6100000010000000103000000010000008702000014414A529BE955C02B949D80FCF3444035464810A2E955C01EF7F3050DF444402759993E92E955C069B2E7701AF44440D528B8BD92E955C00220910D28F444402CF68D809EE955C0E353F87928F44440AAA47959A0E955C0338242DA31F444401C8851C3A3E955C093C5372D32F444404068799BA5E955C0F17EA01E3CF4444018D7CE0EA4E955C065A1C90D42F4444098D24CA1A3E955C0436B951E4BF444400A3825E093E955C09F2C6B594CF44440EC318BAA93E955C03AF8210850F444409B96125394E955C0054D9D9A63F4444099C62E18ABE955C020AED24E63F4444081478716ABE955C09634532888F4444051CFC74395E955C0E44891BF88F4444062C7D8C495E955C0A5246CF194F4444024CACE7896E955C006647D709FF444405EED38FD9AE955C015C9D34BA6F44440407AC9579BE955C0D3E0841EABF4444091BDAB8E96E955C0458BC5FFB2F444402ABAB8CF98E955C0D8AF1F47B7F444408544F59898E955C0143385CFBBF44440D453E58E98E955C050A61A2EC3F444401DE48A8798E955C08BEDC290C8F44440105B7F369AE955C05F66F01ECDF4444059CDD22C9AE955C00939F634D4F44440ECB3DDB49AE955C0CBFBB74CDBF4444066366F4A9AE955C080360619E2F4444086E807DF99E955C0C7D59851EAF44440011A677A99E955C035277DDDECF4444088A027CA9AE955C0DA93B4FFEFF44440A7B374919AE955C0D5F9E7F2F5F44440988CA1A898E955C054B49C31F8F44440E5D897CD98E955C0A15C04B300F54440F0971FE39AE955C0D17E7F4A01F54440C10D920B9BE955C021D3DA3E07F544400A9C19E399E955C06D87ADEA0AF54440145A32F899E955C04923140B1FF54440D91E1F4E9AE955C0E715804427F544406A5E6C5E95E955C0859396C627F54440DE749C4095E955C0E764C6993DF544408E9A9DED95E955C0B68AEF324DF54440C10967A398E955C02B2F16BE66F54440CF6A505F99E955C0A5B184246CF544406CB2F2379CE955C05D96302D6CF54440F97F765E9CE955C05894598C73F544407B6091509DE955C017915C2074F54440F567B2769DE955C0AB1B15C87BF54440C271F95F9BE955C0D6FB480A7CF54440AEB9F8899BE955C0EEC265DC80F54440A93FB1209BE955C0B5DE04CF86F54440FEE655F99DE955C03973B0D786F544400D5603219EE955C058A32A5D8DF544402E8B5E469EE955C0DC41029695F54440C2B71E0C9EE955C0A2A773AB9CF54440F78FACD79DE955C00B6F7B809FF544404F110DDD9CE955C09412CF28A5F544406E70B5FA9DE955C05770B06CA9F54440D793D3B69EE955C05D66F9F7ADF54440F4BFDCAF9EE955C03EB11112B3F54440CC2BF2B79DE955C0075978BEB6F54440F3FF2E219DE955C060DF066CBAF54440061A1E4D9DE955C01EAF55D3BDF54440B442B3479DE955C0D6A92FCBC1F54440EE4A36A49DE955C0F76D1233C5F54440AE0BB8609EE955C0BACDCB75C9F54440BCBE0B579EE955C0B306D18BD0F544403F01A1519EE955C0A6FBAA83D4F54440FC6B12109FE955C06677965BD7F5444088F8B1A39EE955C04A07B292DFF54440463D166E9EE955C0DE716841E3F544403E43F0769DE955C0FADDAF5CE6F54440B1C5A3639EE955C057BC8CE8EAF5444017D0F7C99DE955C0FD542D6DF1F544406287A6BB9DE955C03239EDE9FBF54440584AC3CD9FE955C0AAE9730EFFF544407F52FE969FE955C008FFD89603F64440CF65487EA0E955C0F3958F1A0CF644407AE121279FE955C07A81005B0EF64440FACF22F19EE955C0A76D465212F64440FF02BF3AA0E955C0193676FD19F644403AF623CF9FE955C0D27C72A321F644402DCF6F80A0E955C030E56E1E2EF6444062B250A2A0E955C0D91452E438F644408E294A5CADE955C0578087C636F64440974D4F38C6E955C035330F1237F6444012B9378AD6E955C0B6748D4337F64440695BE41FDEE955C0CF91CA7C38F6444058DEBB14DEE955C0D22E0EB540F64440C72C439BDBE955C01E3F631842F64440218757F4DBE955C08F8D500D48F64440B758580ADEE955C002A1325C48F64440049034C9DEE955C01A3F8BEB4AF644407235BDBBDEE955C0513C2CD754F6444069FC2166DDE955C097A664F555F64440975E1F01DDE955C08014DAC958F6444051C88317DFE955C091722CD058F644409961F910DFE955C08223B5A15DF64440C88BAC6EDFE955C0FB7BE72F60F644402BD66851E1E955C03FFC227A62F64440A6E58F48E1E955C0BE1509FF68F6444065EDA19CE2E955C0A39A0E0369F644403B1C3E73E5E955C0A9509F516BF64440A338229CE5E955C08EBC69FD70F64440106015EEDBE955C06AB1AB2871F64440374D04F5DAE955C0F2F4C4AE75F644406BB74FE3DAE955C015FC90B882F6444032148E98DAE955C0302D20FE95F6444000441A02D6E955C09A9BA92C9CF6444051E4FA83D3E955C089DAB7F6A0F644401A67D706CAE955C0003AF1D9A0F6444069ECE853C8E955C05C3865219FF644407B05A0D2C2E955C0A99C40599FF64440BB080ED0B7E955C0B90EF1C89FF64440969913FBB0E955C029892CB49FF64440221A8592ADE955C00C4CFB3E9EF64440FA61E0F0A9E955C03F8D8B05A3F64440C2A6F76EABE955C06A63B2DBA7F6444036E50930B9E955C0899AD3BABAF644408C3649A0D5E955C0CE4F192BE4F64440A6FDC678DBE955C007ABF152EBF644406FD3D539D8E955C0849975F8EEF6444082AD01BDD7E955C095A83984F2F6444064E30919D4E955C0BFB431FEF8F6444008E4F365CEE955C0C8AF2C0FFAF64440FB342CF6C3E955C09E5BF1A6F9F64440871C8167C3E955C06C83BA60F7F64440E71BCF9BBFE955C078343455F7F64440715ABD57B9E955C0DC174DD3F7F6444001362877B3E955C073622D9FF6F64440EFCEC826AEE955C0C8C5048FF6F64440C72EE9EAAAE955C08D0202F0F7F644406E0318FCA5E955C0EA736E98F7F6444023E81FF3A2E955C08885A046F7F64440C11946AFA3E955C059D3E8D1FBF64440F928D99AA4E955C0629B733701F74440C49FE293A4E955C0CF518B5106F744403096C23AA3E955C0E3F7C9FC09F7444082C68A65A3E955C032F6C63D0EF744403A535F1FA4E955C055716C7C14F74440CFDCE50FA4E955C0C9EED9D21FF7444022CC1005A4E955C0E1F28CC227F744409D7611DEA2E955C01544214C2AF74440D180EA06A3E955C060E4EBF72FF744406F349A55A4E955C090C8D0F333F744408721E443A5E955C0ABB36E5D37F7444008598697A5E955C0FD2E364A41F74440455D26D0A4E955C0918830F744F74440143E8873A3E955C094E07A2F4BF744400253D59AA3E955C0159083FD51F744403E474D11A6E955C0D3E3B4DE52F744406D108A3AA6E955C068E1EF4158F74440BCB5AE60A6E955C0A01BA7E95FF74440BFDBD595ADE955C0B97447D960F744409CD50B1BBAE955C096239A2162F744409972F8ABB9E955C08223A2546CF744403D377B6DB9E955C03BB83D8876F74440BD7B9964B9E955C067F9220D7DF74440B16450FBB8E955C0E8DFC1FF82F744402D2F5EBEB8E955C00F3C1F118CF744403A80960FBAE955C0AA743AEC8EF7444078BF10F0BBE955C03709D8E992F744408F01F03FBDE955C0BC080C0C96F74440C225AC36BDE955C092C480D99CF74440C1219F63C1E955C075102FE69CF74440C4AD0F5DC1E955C03F17B7B7A1F7444072A1551AC1E955C0DB777D09AFF744405C3224DAB6E955C0EF5AEA32AFF74440011B0DD7B6E955C0D5916677B1F74440D0729858B7E955C073ADAD60BDF7444090F552AAB7E955C0260342B8C8F7444064E2EF14BBE955C06F8DA3C2C8F74440CDD9B06BBBE955C03BF6ED6AD0F7444078E74361BBE955C0511E1112D8F7444099A7C810BDE955C0FD6BAA57DCF744403D46DB69BDE955C03B9A974CE2F74440B7DB5242C0E955C05FB1CC9DE2F74440307DE232C0E955C0B6A139F4EDF7444052BC0C4BBEE955C0C0934359EFF744404178E513BEE955C0F9DE372AF4F74440BF45A62CCBE955C0D519F951F4F7444003BCBDB7CFE955C0936946A4F6F74440D7C209CBCFE955C087A2752F0CF84440FFB72FF2CFE955C0A991A2D813F84440C216FA4CD8E955C07173D46013F84440C8C8E67BE7E955C0E5085FD713F84440CFC7A9D2E6E955C0A714D91F25F844402BEE26B7E4E955C0713CD1C828F84440C3E9DD95E2E955C06FF031B230F84440D0DF9E6FE1E955C071EEABAA32F84440FFFC8FBDE1E955C0FD54DAD740F84440BE7CEF30E8E955C032EE817C41F84440EBB7DB28E8E955C0CEED477047F84440133088FAE6E955C03952885C4FF844406913B8C7E2E955C062704D9053F84440147FAFB2DFE955C02106ED075CF84440868DFE7AD8E955C0472DC2CB5CF8444023654DEED3E955C0DB90B59B5BF84440F6983FA0D1E955C0270AE5AE60F84440725A4D9ACAE955C0D9FA979960F8444080D523D1C6E955C0535B26925EF84440302AD179BAE955C0151DCEFD5EF8444061FD0CF0B8E955C0518B7AA862F844408875C66FBAE955C0865F615C66F844400EDD3263C1E955C0AFDE9E0C74F84440885DD511C6E955C0BF45920280F84440143E6C4AC6E955C0DE628D588CF844408EBE2F1FC1E955C0EE04408194F84440734FC5A6B6E955C0D4B3BE0C9AF844401233EF03ACE955C0B3D5A90E9BF84440F7B88F8EA5E955C0EE74B4D49BF844405F1F51C7A1E955C04D8A6B6298F84440CA0B0C4898E955C026D4BF6799F84440ECF7ECEB93E955C043F4323898F8444063648C1C90E955C066D0AAB99AF8444079DD8C0986E955C0F0D803289DF8444006D794107EE955C0716AAB0F9DF84440E7F0A86F77E955C08674C3259AF8444089C4AD6F73E955C094219FA69CF84440C9F92E516EE955C06F7DB4749BF84440EC1B9C3661E955C00474DB6E9CF844407612700D59E955C0DD274A0D9CF84440612A522054E955C09A28CC4A9AF84440F9435CBE4FE955C02BCD925B9DF844405A2F573C4AE955C02E0FCEDB9DF844406E44F51246E955C076C286D49BF84440603A1AFD45E955C08269E9B3ABF844404A9BFE5343E955C0B07FDF3CACF844402DF576283BE955C035FD998EADF844404E109D012FE955C0F5A55EFAADF8444067C1D75425E955C0B27855BAACF84440F4B4792416E955C098DAAA1CADF8444038CC778D0EE955C021212174ACF84440A1C48CC106E955C0AA6E27E9AEF844400D824C4DFCE855C04875F355B1F844403C1F5740F7E855C0D77F4184A1F844407D2BDDF9F4E855C0668B109CA1F8444091DF7C026DE855C0D1F9E8AAA5F8444082F3FE9C2EE855C07B2554EAB8F544403EA7451A9FE755C0ABBD44F803F54440A6FE6156F3E755C059C4BC2A87F44440D1731F60DAE755C0F0ADB908B3F3444012823656A5E755C0E2102F07B3F344405EDF665957E755C0C005CE5BEBF24440125E722A4EE655C0399C0E5AEBF24440906C3A0B4BE655C04DC1B27D04F24440B129EF469FE655C0E3AD603FFEF14440F36F318CC9E655C0C4613343C2F14440F4990E4FB2E655C0B5D168ABC2F144409939839CB1E655C0633AA5E3B7F14440AF28D4238EE655C03E88EB49B8F14440049EE3CD8DE655C0C3188DA1B0F14440BE771C22D8E655C035EF2B90ADF14440CD80F7B460E755C0E6654FB6EBF044402F232C955DE755C066BBF6E64FEF44406D97C53CB8E655C0B9606A2056EF4440F3640B3DB8E655C0438C74D32AED44407C2B4CC235E755C05B9FEB58ADEC44408F6DC2332FE755C089E5B0B15EEC444094B27C5832E755C0A5C848CE6BEC4440D58EB51D53E755C04CB1CE1E93EC4440C70DE11E53E755C0C8454D4796EC444035DEA08E56E755C0641ACD4796EC44403084306B5DE755C0EBF815A98FEC4440001944A081E755C00D0824438FEC4440F8DB09E686E755C0468F004596EC4440093695F28AE755C0FD7B9D4496EC44402CD3DF70B0E755C069FEE94596EC444034A7F8D4B8E755C03614D82393EC4440C8A6659E9EE755C0F9D00A0386EC44407158AF50A8E755C034F5200586EC4440D970B8D3B8E755C07225BE5B82EC4440E6205CD4B8E755C0875C0A337FEC44409C4FF7D4B8E755C053B652107CEC44405A3ABC5DB8E755C0981A239E74EC4440DB01DD2CB5E755C058B2EBFB6FEC4440B38A9C8CB4E755C0B7F85C2A58EC44404756D89DB6E755C0205924FF49EC4440990C856BB5E755C03AD7C2A83DEC4440A1CD476CB5E755C0695023F302EC444031666D6AB5E755C0C84BC15BD5EB4440F8E9B7AAA9E755C047D473EED4EB4440CECE49EEA8E755C042A22EF4D0EB4440243232C399E755C0505B29E6D1EB44401E345BA099E755C0C1C4D3B3C7EB44402A9D248B87E755C063D827B7C7EB4440AE945BFD80E755C01D8D81B3C7EB4440C861E2A17EE755C037CB7A3E72EB4440A0E125D87DE755C0E8ACCBBF51EB4440A0891A8A87E755C0494A35BC51EB4440E9BC571593E755C052CA7EBB51EB4440BB0077BEA6E755C0D670CABD51EB4440471B23C6AAE755C0163B3E0A51EB44401FE033AEAAE755C0EBD30C4441EB444019A8502DB9E755C09766FB7041EB4440A813B465BAE755C094AC785713EB4440CB073ED4B8E755C0899FD1A2D8EA4440AE72AEFFB6E755C06DB0D3845FEA4440A3A9E8FDB6E755C0DEC6CD8CE9E944405888E840C1E755C003A1C6A2E7E944400F600596C8E755C0EB38ADDDE2E944402160CED8C9E755C0B48AEB7CCCE94440BD9864FFD1E755C0FB16A205CCE944404D621E49D2E755C034C66777DCE94440F6BDFD7AE4E755C01EDE55D7DBE944405A6797EDFCE755C01CBEED4ADBE944404C0C2D82FCE755C07E6255A8E2E94440377BB2FE0CE855C0C0CBCC93E2E9444065AC2D430DE855C0D1045168D4E94440C88E168418E855C0F13816F9D5E944402A66744B19E855C0846ABC86C8E94440F532514C19E855C0FA12862AABE94440EC32128F19E855C0CC58D0C56CE9444091A3A4F52CE855C0009991C66CE94440D420EDF23CE855C08EEEC9C76CE94440F10C2AEE41E855C0C45A2AC66CE944405C5FE76741E855C062A3C54FAEE944408677767342E855C010572767E6E94440E923BA7342E855C064D71EABF6E94440B492BA7342E855C078706DA5F8E9444039FD104B47E855C0B46095EC00EA4440BE750C2E47E855C072A8959D15EA4440C8D7E47342E855C0BED95C0E1EEA4440BC8B277442E855C08E96926031EA44400CB4460644E855C0490C37D75BEA4440821953284CE855C02285CD835FEA44400C37288F4FE855C0336FDFD85BEA4440DFC12DB552E855C03A1F88E07CEA4440F4C2FC2351E855C0824D627AD5EA4440F98C65B452E855C0FAA0033B31EB44402EBCBAB352E855C055D136974EEB444029A0B3915AE855C0F060F7E7CBEB4440DE3560D45AE855C06629030EE5EB4440FD1F64685CE855C060552C44E9EB4440DAF6D83D5EE855C005623D1606EC4440BA456E3D5EE855C0EB05C00E10EC44407F873EDD5CE855C034F88E0E10EC44409292EB965DE855C0FF2686873AEC4440FE66C1CF5FE855C05E751E883AEC4440D55B933863E855C0115B7BE357EC444008D55DEB6CE855C0F26E56BF54EC44404A33737F6EE855C005763CF26EEC4440A8F84A7973E855C0B8E34AF36EEC4440481F509085E855C01FDAF51A72EC4440716DF55D9CE855C0167EF73C75EC44408BE4E2EBA2E855C075F61C4075EC4440898E61B0C3E855C01AEA79E878EC444070755415CCE855C0680F3B0E7CEC44403A7D8F55DCE855C07DADCD0F7CEC44405FF545F8F4E855C0C32EA95982EC444001E423DE02E955C0E1984E5C82EC444002DB2CC210E955C0B9B71D5C82EC444028CF004C1CE955C084FF265A82EC4440BE05FBFD25E955C0C7F3BF508CEC4440E3320EFB2AE955C02E00116D99EC444018D9821A33E955C0E9A54587A6EC44407AACF5A13EE955C09E1C3573BAEC44408797683145E955C018D35C5ECEEC44406802FB2A4AE955C02D77F318DEEC4440AB71848A53E955C0A8ADC1F9FAEC444001E3F6C75FE955C0BA6C4333FAEC444009302E4B60E955C0FBEDC8B104ED4440C44565E463E955C0D603EF4D05ED444084DD8AEF78E955C0EAEB26FD04ED444008EF931383E955C041C6B18905ED4440FA18938E88E955C003D1A5B808ED4440C58B7465ACE955C01ACEB79806ED44405E7F65ACD8E955C06C0C736E04ED44402232D299D8E955C0D4270F52EEEC44406E6855E4E1E955C05FED0EDDEDEC44409C9BD2D0E2E955C0582DEA68F2EC4440593D45B0E3E955C069DDDE9700ED444047AC1F3CE8E955C0CFFDC13601ED4440590D3C18F2E955C0D2B16FC300ED4440DD47A1ADF5E955C072640F3504ED4440FAE0656202EA55C0E517293903ED4440954849E507EA55C01CA91F6D06ED444056B120F80AEA55C02D3C874706ED4440AAC21BED11EA55C05148897E1CED44400274075515EA55C07027B81254ED44401D67CFE716EA55C06D6C687192ED444065CBF6E616EA55C0E6A6E7B0CDED4440DFF0BBE816EA55C02A43DC7EFCED4440DDA70CF618EA55C04A3E2216FEED44407472B3451EEA55C0802FFE94FDED4440113606DF2CEA55C0F8FB5778FDED4440679094C32DEA55C0CD0CFAF707EE444066076DC92EEA55C017D6A5CE1DEE4440A4806AC229EA55C052BAE67430EE4440ABA51F8E20EA55C0C2F2D73044EE444056D5AFA32DEA55C0090811C743EE444067A5B7572EEA55C0E5F020464EEE4440717305BF2FEA55C0F72460D563EE4440EC0650172FEA55C0C1583E4474EE4440C69330E22DEA55C01013399381EE444008FCE36932EA55C0DFE9582B86EE444040CB801A33EA55C0F779763793EE44408E79D54632EA55C0BC4E053FA0EE44406170C39A2FEA55C0BCB4C89DA3EE4440FB40C18A2FEA55C0A1A25F85AFEE4440BA8DBCCD30EA55C00E2E1302BCEE4440C978192D34EA55C084717EB3C3EE4440ACA2FDA034EA55C04A701725DAEE44408A2352DD56EA55C0C36BF224DAEE4440AB3628C85FEA55C0ADF6DD22DAEE4440C8A931378DEA55C04DCBFDC3D7EE4440937501D793EA55C005CBF043D5EE444000EE464294EA55C06F35E79DCDEE444082456326A1EA55C024B0D60CCEEE44409F693F4EA1EA55C0F09D5292D4EE44404F2E4114A9EA55C0310F70A9D4EE4440744F428DC1EA55C071C3701CD2EE4440A929DC17C1EA55C0AAC89ED8BCEE44404611EA98C6EA55C0F339ADC6BBEE444031DF81F0CEEA55C0A5B965DFBBEE444069B51979CFEA55C0FFB090AEC2EE44401ED23F8ED1EA55C029A0DD45C3EE444061892EE5D1EA55C0EF3428EECAEE444017541C24D4EA55C0E23C21A0D0EE44403158F144E4EA55C0F4C8E61DCFEE444058FC42BAE4EA55C0E253AFD0BFEE444022D12C44E6EA55C079C7BD94BBEE44409808921AF4EA55C0B5CEBF4EBCEE44406B4C7B04F4EA55C07796E507CDEE444003B8E5C1F8EA55C005F6E215CDEE4440CDD5EE7F08EB55C073930A22CCEE44409C326AD71BEB55C0717AD9C9CBEE44403A8C64301DEB55C0EC09E3D5C7EE44402DD7570021EB55C084A92BE9C3EE4440884A4B2E2EEB55C02FEE55ECC3EE44402E7D06DA37EB55C0573727C0C3EE4440A476184B38EB55C021BD1A91B7EE4440B41A0FA340EB55C08B4F0161B7EE4440380E2EDF46EB55C0BDA4C4B3BBEE44405A0E26D546EB55C0A27DF05AC3EE4440662F28D14AEB55C086457AD5C2EE44400386BE014CEB55C0AA8C94A4B8EE44405306575558EB55C07E858537B8EE4440B88176FE57EB55C06F44B6B0D1EE444085518C196FEB55C08F525ED9D3EE4440EBA22AAC70EB55C0AEE0A811EEEE4440FB2B7D2365EB55C0626E850FEEEE4440C13ACFF966EB55C08C99D36015EF444023964CFA66EB55C0823D84B53CEF444009E0B6E28AEB55C0CC428E0939EF44401BFA23D994EB55C025A2010739EF444045C3DE2265EB55C09FAD31AC87EF44407655B8FC71EB55C08EDF6BAC87EF4440A8A9593D72EB55C0C36D3B7598EF444001A5ED1474EB55C0C29ACBB5A8EF4440D4361C1574EB55C0EFD4340FC6EF4440077D2D1474EB55C003E4F9FFD9EF4440EC01B41574EB55C0646FD6A1FDEF444007E700689BEB55C079CD00A4FDEF4440744D12679BEB55C0224B115101F044406FB533689BEB55C0B77A3BBF0AF04440152C52C282EB55C01A5A12B514F044408CA364679BEB55C089323FAA1EF04440EDD0FC659BEB55C05C18BE9F28F044409EB8671C9BEB55C02239C39F28F044402919685F99EB55C0ADD1C86E2FF04440ACD254488CEB55C00B0EF86A30F04440FEFB60987BEB55C0E9855B3A30F04440118BB5EC79EB55C0279BECA128F044402C88BBA775EB55C0A23A2EA228F04440F501276C60EB55C054626AF624F04440F9AF8F6B60EB55C0F8E8E11753F0444066E5E71374EB55C04DD1B91A53F04440B969EDA675EB55C02FEA3E687AF0444029A871FE61EB55C05E1D286E7AF04440DD22E6FE61EB55C0260FC5599FF044403AD377B766EB55C0BF215FEEA3F04440AEF615E266EB55C05DD3E977A8F04440B8D88C0467EB55C0BE34D03DB3F044409CCC77CD62EB55C04EFFC984B7F044403734989163EB55C0E6644C33CCF04440F2FA3A3A77EB55C0EE1DE635CCF04440252C243A77EB55C0FA8FCB13D0F044403F0B23437BEB55C0B9D07063E3F044408A3A80A77AEB55C000DCF208EBF04440785A727678EB55C0F11FDFB3FFF04440F78E6A6477EB55C0080628492EF144401E735ECD78EB55C0ADF085FC48F144402EBD3A8873EB55C03997DCFC48F144400198A0A973EB55C0B1F1578955F144409D3D1F1668EB55C0444B61D256F14440D040873567EB55C08FA79FFD48F144409C62CD544EEB55C0A63609FF48F14440FC68964337EB55C0232A7FFD48F1444017E03D9528EB55C089C7ABFD48F14440AB9CB9AEFFEA55C000ACDA204CF14440ED847207ECEA55C000EA18494FF14440C10DFC3EEAEA55C00974C7F94EF1444036441617D2EA55C0DCA8068F52F144408600A855D0EA55C09C26805337F144400FAE4BC7D0EA55C09672EADB2AF144400E3E6773B1EA55C0F7DF924C31F1444021ABE016B0EA55C018878BCD37F144403D262ED9AEEA55C0936978A14BF14440BE7F3D53B8EA55C006F9E0DF4CF1444054D54116B8EA55C0B189D83956F14440E56150A9B4EA55C0C4B7337458F144400CF712AAA9EA55C0A0AD65C257F14440845101D5A8EA55C02F8A37EC65F14440A4C00E2498EA55C06C0A200366F144401C43024B96EA55C0C7F7F2A25CF14440261DA58592EA55C01BCA3A5758F14440B22C04E785EA55C0A5873A7847F144406BE26EEB80EA55C007CA2B5551F14440B0C804167EEA55C0B15356E34FF14440EB11FFA771EA55C0A851D5043FF144406B2CCB7376EA55C0B7DA389634F14440A796749274EA55C062AA617231F14440BD38E0B966EA55C06725909131F14440823565394FEA55C0E63F8A752EF1444094A896A538EA55C0BE9632E52FF144404940712B2BEA55C0C84A390132F14440E97D224830EA55C0F793DAC357F14440EF2CE32C32EA55C02028AD5A58F14440F4263AA93BEA55C06DB109E657F1444039DFFCA13BEA55C0AC58B4485DF14440C857A3133CEA55C00DEB911975F14440F45837633CEA55C0BB5F882482F1444062EEAA0E3CEA55C0FD3BE1A39DF14440160791774AEA55C00E3CD0A89EF144402587B55B51EA55C0301591D5B6F144405D6AD8FF4FEA55C09A8660C5BCF144406CD654634BEA55C00CE22F0EC8F144402FA05C8048EA55C0FBCF5FF5CFF14440C8AB328344EA55C05B21AC0BD1F14440607909EF3FEA55C0990F1E18D6F14440F1335F3A36EA55C02F056C37DCF1444058D72F7132EA55C088CD37C1DAF14440B6C38F1632EA55C0050389EED5F144408D3FA57B2EEA55C055E5432CD6F144404F76B50E2EEA55C0BEC086F4DEF14440DD6CEFE82DEA55C092241904FBF144400F6EFF652EEA55C0A7C91E540AF24440A9A732542FEA55C07EF8B4BD0DF24440C047361C2FEA55C07FCBF2FA13F24440580295D926EA55C0C8DCB6B927F2444050657D6936EA55C07FF5193526F2444095BE915736EA55C03FB27B8733F24440B8E7EA7336EA55C08D67CD8D42F24440761A578537EA55C0FC2B9AE34FF2444072A2539A39EA55C04E7B8DC350F2444060E1A3583EEA55C0E2A23A8950F24440983A2D4A43EA55C04C0C8A534EF2444011BF6BD843EA55C0EC644CE250F24440289A979548EA55C03B41A58151F244406624BC9B4FEA55C056F5707450F24440190D510350EA55C0B42209A44BF244409D7E9DD656EA55C0E8F29D494CF244400829085858EA55C0C4FCA6924EF24440BDC321A859EA55C009DF3D6C51F24440D4D4FD595FEA55C0CFB097A350F244408DD84CA568EA55C053AE65BF50F244405571E63668EA55C072E9E8A95AF244408B24777E66EA55C0EA3EDB315DF2444078F0430C66EA55C0CF5FFBF169F244404FA4D35364EA55C0AC6BED796CF244403E8C51E763EA55C0DEE6A1F974F244402312E4935EEA55C04E5C5ABF77F244407C2D581C5DEA55C092CEB9176EF244406DEDCF8D58EA55C06A92C7E36EF244404D5FB08458EA55C0905040B175F244401BC2020A56EA55C09DE9EA3678F24440867C98044FEA55C0E8D302B378F24440F764CE2645EA55C0DF718E2679F24440ADE0F38E3DEA55C0D32708327AF244407A1DAB773BEA55C0138873057BF24440C233C3AA3AEA55C00999E3F282F2444075284EF238EA55C04A5AD07A85F24440E66A7D7233EA55C0994BBA2185F24440732446552CEA55C0BA19115586F24440063C22CE2AEA55C0C6C56E4C88F24440DC928DC92AEA55C0E5FC2AB38BF24440DFCA79B52BEA55C00F681FD090F2444046D589D62CEA55C0C28DE98692F24440ADBBE7CE2CEA55C09E3B233298F2444032B987D72BEA55C0026605969BF24440D6664F3C2BEA55C0836957AAA2F24440D599F77F2DEA55C098F5ACF5A4F24440D5D77A3C2EEA55C0AD256038A9F2444071CDAC1C34EA55C03E78BB23AAF2444064461D7334EA55C06D689614B2F2444045D3C77633EA55C000EDC427B9F2444082F310762FEA55C0520018CBBCF24440A649E7D92BEA55C05FDD80E2BDF244407394662B26EA55C0AC2C051EBCF24440DC0F778926EA55C0CAC7A663BEF244406A47CE8A2BEA55C04F21D58ED4F244408E3CE87033EA55C082DE71B005F34440024D4B1232EA55C0F8362B9C0DF344405296EFCB2FEA55C0B211C44C0DF34440812203181EEA55C0821BDCB6F4F24440990313CD1BEA55C0D6DD2DCEF7F24440F1C372DF16EA55C08A63C9C0F7F24440405372B413EA55C09B88BEF1ECF2444009238E1A10EA55C0194BC255ECF24440AA975C0E06EA55C022983115EBF2444037E541FB03EA55C0C86568CAE8F2444075D709FDF4E955C085AEF507EAF24440BE765009F5E955C0857700F6E0F2444015329EB9EFE955C0D6A8F2E5E0F24440BE857FA9EFE955C0267284CDECF2444031B1D188EAE955C0202546E0EDF2444054948354D8E955C0E524E786ECF24440DDD5F3E0D6E955C050379D09E0F244403C98DA33C2E955C035D4E7CADFF24440943D8001ACE955C0D55D9618E0F244405ED76CC3ABE955C03942A603EAF24440C57EA6CDB1E955C086B654C1EFF2444071B1D408B8E955C05E8D0437F5F24440BA8870C3B7E955C09BE5BD8404F344409A0C1C1CBCE955C0C7242BB007F3444071D13010C0E955C0AC037D670DF3444035970299C0E955C05A361FEE13F344404C93A64CC5E955C065EBAAA31BF34440414C5BB7D3E955C0A18864CF1BF344406FF67E5AD7E955C0DB5AF89D15F3444019A262B8E6E955C07BDCEE8315F3444054479995F0E955C07A38C4A115F344401ACDBFAEF0E955C0141092EC26F3444082CBEA10EFE955C00DB3049D39F34440DF2AC2F4E5E955C025E9285B3AF34440157B27ABE0E955C02EE81AC235F34440E72A8FA4CEE955C0A89C2F6536F344409947B0E1BBE955C08AC80A5833F344404A948F9AAFE955C0954834FE4CF344402D5F401EBBE955C041CBB1E657F34440B1FD0826BAE955C07E17ABDB5BF34440FECE579DA8E955C073A4E7F46AF34440A72AE566BDE955C037B258F19DF34440FE14A51CBBE955C01A407B77A0F34440C6A19A6EACE955C0FD6902E6ADF3444086BB3B3098E955C013EBBEBC7FF34440ED29F79394E955C08C4201D480F344400C7EDB9F99E955C0717CAA0F8FF3444097DB367898E955C095815E2A92F344402B23B6EF92E955C0DC08620D98F34440CB65045793E955C02E2F6ACFB7F3444007C45D7092E955C04501D671D2F34440398F881793E955C04D566B4BE6F344407930A0F597E955C0E383938AF2F3444014414A529BE955C02B949D80FCF34440	12	chi	downtown_	\N	3
13	vector	007	CINCINNATI	Sanborn	2004	WGS84	WGS84	Sanborn	Yes	0	0	Polygon	Yes	9.740000000000000	3.760000000000000	1882	0106000020E610000001000000010300000001000000120000009772FFCC552255C05E418FB8438D4340A34C833C5C2255C0FB889CF9E08D4340CFE52319502255C096B7BCEF9E8E43404B7E52268C2055C093BCC1A0638E4340E5E994B8272055C05B6CB6F4368E4340329840EBE61F55C04001FF010E8E43405F7D9832FD1F55C06FA82188848D434004CD0FB3821F55C0AFDF524B058D434091203C719B1F55C0FE3BF956BD8B434021C75E42F81F55C0F13DDFB3588B43401FB6727D622055C0E3CEF132248B4340DEE39ADEFD2055C0386DB243078B4340051CC5589C2155C08D5E1DAC0A8B43400BE5ACC2A02155C081946A8B448B4340E64810D6F42155C07F661005868B434091998625612255C08E388FB30D8C434056897796572255C0445D6D08F88C43409772FFCC552255C05E418FB8438D4340	13	cin	\N	\N	3
53	vector	007	SEATTLE	Sanborn	2002	WGS84	WGS84	Sanborn	Yes	0	0	Polygon	Yes	9.090000000000000	3.510000000000000	2348	0106000020E610000001000000010300000001000000530000000C2CA103E4955EC0B0C15C3B6DCB4740A56AC92511965EC04078EB726FCB4740C6517AB516965EC0CFECF2FB6FCB474093DF5BDC01965EC0895BFBE5CDCB4740167D1C59FF955EC0195BFAB508CC47406F752F6801965EC04FC34F4279CC4740445893BB10965EC015821A70BFCC47409DE119BA2D965EC0330168982ACD4740493A2ABC2F965EC06FD06E372FCD4740E9A0A9C054965EC05CCD3D107FCD47402B0A7A865F965EC09BED6DF98FCD47405FB5114880965EC058B754D6C4CD4740D77E0A9488965EC05B3DCFA4D3CD4740D590D9E69A965EC0D3FFD22CF4CD4740FDDAF225C2965EC0D7446D9F3ACE4740302CABF2EE965EC0CC88D00C86CE47401582F52BF7965EC03CB0B03B9BCE4740DC9C9AB8F3965EC0F596FB03B8CE4740D4590BAFE3965EC0193677A4C0CE4740845CD1BFB5965EC090C15DC8C2CE474008A4F2F491965EC06112B030FBCE47402B78ED18BD965EC0EA8DDFAC2BCF4740D76A8A83BE965EC0A559466B30CF4740A920D4B5BE965EC087C111D93DCF47400FCE5C77C2965EC05453566358CF474077C7BF25C2965EC0272E21257CCF4740A67FE553C2965EC014665067B0CF47405F4011BFC1965EC0DC58CAC812D04740E938A19591965EC0094EAFB512D047400831297E68965EC07C75D5AA12D047406B1B300A1C965EC0BF6139A812D047408499B210FE955EC0D4171EC512D0474083A3C9E0FE955EC0EA5903C34AD047402F0EDB34BD955EC0FCF0205D4BD047403728BA4FAE955EC0B24C44BE74D0474036664416A1955EC0A8E044F185D0474065C12D0D90955EC00698475095D04740EE3455D054955EC04CF3747898D047406062C5BF48955EC00C3EF80B91D047402A6C952E45955EC0FEF8524083D0474076B7054644955EC0BF30143444D04740534D3BB53C955EC00621D4DC44D04740233EE94313955EC0926453E743D04740B98D015B13955EC00B06A3E355D047407143159DED945EC06E695DDD71D0474039DC83B2BD945EC047F5EACB0DD04740E820C37ABB945EC058D12DCE0BD04740D118CD0BB2945EC0C144B75F0BD0474059C069C484945EC0AF705BE60CD04740FCBF05D585945EC07E1FAC96B2CF47404037D3A186945EC0F6219A508CCF4740167D863F87945EC0DB365D9D41CF474013E2CE1487945EC0DA9875CFFACE4740AF0ED17985945EC077F21A0DA2CE4740653C977E85945EC0E0C17C3868CE4740CCE6FDF183945EC0FF4ABC09F0CD47408D5E303983945EC0D1E20F49BDCD4740A3F5A50D82945EC01A738A0D48CD4740FD21912684945EC0D50B4F1B1ECD4740B1BDAFF284945EC0C87F0A7203CD47408E1AE056BD945EC06C99309003CD47403F82780495945EC040C8FF84B6CC47405EA1B51091945EC061172317A5CC47403FFA24C08D945EC0AB27B0EA90CC474039A49A9A86945EC0AA7D61D344CC4740FAD2FB949F945EC01DE8EF9A43CC47402A3CB5FE9E945EC054E494CB0ECC474068D3C5CDAE945EC0C5E2302ED3CB4740B3C209C2C0945EC09FE799AEC3CB47406CD4AA5CCE945EC08EA53FBBC1CB47405557AA84CE945EC0100748E991CB47406C143650DB945EC05FDB354292CB474080B91FF8DB945EC0BA061D02C0CB47407970C0BD0A955EC053CFBDC8BECB47400077EA330B955EC04FF017E88CCB47403E19717718955EC0AEF375BC8ACB4740BEDA2B1F3A955EC08C397F888ACB474076027C1358955EC0862E17348ACB4740297573A794955EC01449F7BD89CB4740A23A62419B955EC0E0F6251375CB474066D30F61AA955EC052DA418973CB4740CB3CAD31BD955EC05FF047FE70CB47400C2CA103E4955EC0B0C15C3B6DCB4740	53	sea	\N	\N	3
15	vector	007	GOLDEN GATE BRIDGE	Sanborn	2008	WGS84	WGS84	Sanborn	Yes	0	0	Polygon	No	5.040000000000000	1.950000000000000	175	0106000020E61000000100000001030000000100000017000000C36740F21F9F5EC028417BE5A3EA4240ADD5D7B7189F5EC0E6868100B1EA4240AC2CDBCD0C9F5EC04B2A9F6FB6EA4240746B6B99FA9E5EC005B000FFBFEA424096BE13EBEB9E5EC0E31EF86FC9EA4240EFD89D3EDD9E5EC0F0DDF96FD3EA424033CED353B79E5EC076BE0856DFEA4240DDA44870B29E5EC06FCF01DBE2EA424033EF0B3A959E5EC07106A9A1E6EA4240F54CB21A8E9E5EC012F42B47E1EA42406E30ADB97D9E5EC0A8E161AEBAEA424078C8F745799E5EC0C4EFB70DAAEA4240D79DB427829E5EC0BB39CD387AEA42404841E7BA6B9E5EC07973A545FCE94240DE68A643389E5EC06B0D1617D7E84240EABF8792DE9D5EC060FAF9E169E8424098C385149E9D5EC0AC8002BF7AE742401F9BC37FC29D5EC0B81B327968E642408E45AE44F39D5EC065CF9CDA65E642401F53B505CB9E5EC01EA8C0A25DE6424070FD82C61F9F5EC03BE20F82B8E94240DE268E311F9F5EC0063CCD1E36EA4240C36740F21F9F5EC028417BE5A3EA4240	7	sfo	ggbridge_	\N	\N
11	vector	007	BUFFALO	Sanborn	2004	WGS84	WGS84	Sanborn	Yes	0	0	Polygon	Yes	8.960000000000001	3.460000000000000	5482	0106000020E610000001000000010300000001000000090000004D8D76AF53B853C0E27542E95D714540B2E36B0CFCB753C0123AA2DCB373454009519E61B8B553C06AA88AFAA473454023199F35BAB553C009286370F5704540DCA42F03ABB653C0639DC8DC2570454022BD96F2CDB753C0E63AB4CF8170454059366565DDB753C086FF01E129704540AC6F09B03AB853C09BC5DCD74A7045404D8D76AF53B853C0E27542E95D714540	11	buf	\N	\N	3
19	vector	007	KEARNEY	Sanborn	2008	WGS84	WGS84	Sanborn	Yes	0	0	Polygon	No	7.110000000000000	2.740000000000000	325	0106000020E6100000010000000103000000010000001B00000031583832458852C08EABD80B8C5E4440E5FF04AB248852C0D9A131BF8E5E44409767BAF04D8752C0CC25E5558D5E4440EBB9CB05268752C0DEC7952FDA5E4440B0FACC34218752C08C963ECBE55E4440F1810E370B8752C093F447BCE25E4440BD40207D1E8652C0F26F3A32DE5E444016B726F6098652C099AF24AFD15E4440B17143E6F58552C0EFA0448AC95E44404854E848D98552C0E8579B25AF5E444024DC04C7528552C0020482F63B5E4440FFB8CDBD638552C05A0D1555F35D4440941FE801B88552C026902578D25D4440FB41099CEF8552C009AAE2CA0A5D444036AD7CD3148652C082DD0E5F875C44405B3EC701748652C01A22D6647C5C4440300B463CC88652C03DE17FD0BF5B44404F9EBE52638752C0D6BAB1A77E5B4440E0BE494DB68752C0A7B8DF3AC75B4440395C667ED18752C06FEE4E4B855C4440D48D0D20D98752C0EA8B52E48B5C4440D4BBE6EDFC8752C01ABDC6C49F5C4440670F20FCD88752C05944B7E0665D44405342E838298852C00FF1CD97895D4440DB97E9DD368852C0CEF593B5D95D44407DB40B6F498852C0B1DC4BA8F75D444031583832458852C08EABD80B8C5E4440	67	nyc	kearney_	\N	\N
63	vector	007	NASHVILLE	Sanborn	2007	WGS84	WGS84	Sanborn	Yes	0	0	Polygon	Yes	6.190000000000000	2.390000000000000	1066	0106000020E61000000100000001030000000100000020000000C8DA63071DB355C0CCE5AAC3FE154240FECEFF0C16B355C0686055C708164240098641D685B255C0FB104DE4581642400B8C843335B255C0AB5C1B2A69164240A4403EE4E6B155C0660DD81789154240C8DE62CCBDB155C0296ECA988B1542407E9A920652B155C021E28839E31542406D441BE92FB155C0312AAF37DE1542403B6ACFF002B155C0890D4CC455154240D9AFF4A2F9B055C0446A32280D1542402891B62409B155C0C570F9D7E31442406CC7BC9707B155C00B8E13CAC01442403CED709FDAB055C02E61907DA114424050C6896BD4B055C0648D8D7B9C14424072E10CA5D3B055C02BF63676F3134240E8F7A16DAEB055C045781518AC1342402608D21882B155C0F3115E46F01242402A1CDFC89EB155C00086A598191342409F2C3134CAB155C07CA0AD530E134240F2210066F6B155C0CBA2709614134240693252D121B255C08327E6602C134240025E27764CB255C048DBBB765E134240A7CB66887CB255C06220BDB6F41342407B82869194B255C0B9C1B035F2134240CA634813A4B255C09AA189FD0414424085AAA0F1CDB255C0ED39446565144240A12E75CCD8B255C0A91007B893144240FA3D940BD1B255C0960313C0A714424030323011CAB255C05FBE11CCC5144240A6C5232BCDB255C05F9142A505154240D38B6273DDB255C0CBF0A13B3F154240C8DA63071DB355C0CCE5AAC3FE154240	63	nas	\N	\N	\N
40	vector	007	SACRAMENTO	Sanborn	2004	WGS84	WGS84	Sanborn	Yes	0	0	Polygon	Yes	7.950000000000000	3.070000000000000	3047	0106000020E61000000100000001030000000100000011000000B35302A3475F5EC075D4A2C9C848434038E7FFBF715F5EC0F7CD4FC302484340DD4BE2AA7F605EC04CC3DA0694484340F8150088E7605EC0F1011BD872484340C4719400EF605EC0D4000431DB484340466B4E4C00615EC0394DFE11EE48434056D6A5161E615EC0E229F8632D494340D7B62E0BD9605EC067B81C7DA3494340211C6E129A605EC0C526CC2D784A4340B160BFF484605EC0FC79B6981C4B43405CD392A898605EC0A7ACCB119F4B4340099F17E9C15F5EC02C3352F9344B4340FA9580FB9B5F5EC04A9DB2FEEA4B43404F9481C0545E5EC05D2D35B03F4B4340C79F6EC55E5E5EC084631421114B43407FCC805BDE5E5EC0E47AF81591484340B35302A3475F5EC075D4A2C9C8484340	40	sac	\N	\N	3
18	vector	007	ARLINGTON	Sanborn	2002	WGS84	WGS84	Sanborn	Yes	0	0	Polygon	Yes	6.040000000000000	2.330000000000000	3591	0106000020E6100000010000000103000000010000005E01000075F7FFF3AD4653C001135260CC6F4340A098B3FCB14653C0795D3D00D26F434009C7F33FB44653C02F5F78FCCE6F4340ED909F7DDE4653C0B03D73BF0A7043409929A6C2EA4653C0D3EE71811B704340E520F0AF034753C0AAD94CA63E704340BA18319C1C4753C0C87AA74962704340E4B019D9314753C021374E2B8070434096F6AEB0384753C0229D81D889704340FEFE03EF3B4753C0A07C414C84704340575815C5404753C069E8C64B8B704340AF98F52E434753C019CDA9438F70434081F50C5F404753C04DD96DB5947043402DE66D1B484753C0C12020A69F7043408E49D454524753C0E6A9E4CAAD7043408FF2C466644753C0B1BAA1FCD170434017D4BEF8654753C06C248138E270434066C29C5F694753C070695688F3704340FD8D9A32704753C0BAF1C70A1471434039BECAC97C4753C003554E6451714340345573F2844753C048A052DA707143403E5A2158784753C05FF283637C714340399558266F4753C0A3898EA38C7143408F8E7AAB5E4753C07C22203E9A71434080F688DD5D4753C09ECD86A59A714340597952195D4753C0B7FDB0C69B714340E8909B114F4753C011E2D1E0A2714340799283DB4C4753C0690ECCD7A3714340F987B8DB444753C0C127F630A8714340541401F4434753C01B72A5A3A87143404A156E23414753C024AE12E7A9714340B3F5428F3C4753C069CC4574AC714340BBF0406E374753C07AFA9012AF714340022EB5C2364753C09ECB2F17B1714340366B2326344753C03C8FBA0BB2714340E19B1835334753C00933B915B17143405AF5FA3B2F4753C083A1631AB37143401082AC5C2B4753C0B287A20BB57143406F59CFCE214753C0033A72BFB97143404AB48BC11F4753C0EF48F5F1B9714340781CDE351F4753C00B5EB437BA71434067BF9B940C4753C0954D83EABD71434066EE831EFB4653C0C23643D8C3714340CF7A677CF94653C01A67E445C5714340D98C1E9AF04653C0E98E6509C87143406078F139EB4653C0DCD5882DCA7143402AA9F80DE64653C0E3D7C5EECB7143406671BDE2E24653C029141C94CD71434051145E64DB4653C06E735D78D171434003A8844ADB4653C02ED931DFDB714340D196BC10D74653C0E4DB4F1EDE714340DB5C8726D34653C0AC34F346DF714340C9F3FFD6D24653C0982E020AD67143409B8AD9D5D14653C06F610968D6714340838A8C3ECB4653C0BB133D01DA7143402A7316CFCB4653C0482398DBE2714340DE3E3C4ECA4653C071AE890EE37143406CCC32FABF4653C0E541EB14E57143406598247ABF4653C064642BE8DF714340E91AB341BC4653C0234C36B5E1714340A0D4F617BC4653C00E39A908E3714340E07E9DADBA4653C047088C7CE47143408BBAF766B94653C05E95A409E7714340B1C4DA1AB94653C073AE70E1EB714340231049C6B34653C0202BEE7DEE7143404A9CCDCEB24653C068FFF0CBE57143409E6003D69A4653C07337EC54F271434048A5315C994653C0BAD352E6F27143404B227EBE984653C05687F443F4714340294F79D3954653C0F8A4BAD6F5714340BD70E474934653C02605EE2BF571434007F035B0924653C0F29B9E77F571434044E5C19A804653C060ECE3A8197243401C053FBA7A4653C01C6970661672434032F27F2E7A4653C09BBE2EBE1672434045D85781794653C0F553F062197243400F5E2076764653C0EDD2177418724340F0720A25774653C0EA6D251B15724340A0D2C12A724653C0A46DE85312724340B5727E656B4653C0548970A50E72434025AC20226B4653C03D3A46F80F724340E5B18B2F694653C0C8ED42880F7243406F9B6C92654653C050C1F4130E724340829A1971634653C022EC3AD60B724340973A6E8E634653C00CF46F5A0A724340DE93A0ED5E4653C0581A55A907724340DB4DE99B5C4653C0D108C56709724340A47C1E9C5B4653C0C0119E39097243400F7A8CA4594653C0D0FA70A80572434035D66DF1574653C09DC4027605724340DD868846554653C037028EE001724340160E2DB9504653C013541526FF714340C3D2DE7E4B4653C0DFF7435DFC7143407ACF3000484653C083E6A67FFB71434008F9242A464653C0B943FB82FC714340F0957A2B414653C0F661DA9D00724340365B6EAF3D4653C026E0A3D1037243406C6F73B43A4653C0CD8B60A4067243401E0B6638374653C0B77E28D80972434062D6B0D8344653C0F66D640E0C72434065DD3C4F314653C086EFEC7D0F72434013B16B0E304653C0636E56B20F7243405A8B56E22D4653C0A1C7BFC111724340CD736C3B284653C0A3133AA116724340211544F8254653C063D5BEAB17724340E6B9D890224653C04CDCF6BE177243409895974D224653C03E2A16E813724340F6B4E01F1F4653C014A8D36711724340A26AD87E1E4653C0E81D40330F7243400794C7DC194653C02CC091830A724340760DA9A1174653C06A7D355908724340512A7B7F124653C0CAE0C7460B7243409DCA63BC124653C0EA18A7880C7243408C7DEFD0104653C00E1E845D0E7243409762857A0C4653C06E591CC81172434050BCE02C094653C0434EF766147243407BF874F9074653C033919B5F147243406D072D0F064653C02F9356BC1572434080DA7508054653C0E63A383513724340B174EF8E014653C090CBAC641572434084E5D57B024653C01FCB33FF17724340225D68F8014653C0B70A7F5019724340F76DF295FE4553C0ED8AD6841C7243406FA8ED80FB4553C0BC2AF47E1F724340231541CBF94553C01EADC1502072434025C428F3F44553C032FA6C58247243407AB63CCDF24553C04D7365B91E72434061AB2674E64553C0C14FA65627724340A034A188E84553C0F3DA50142F724340FED5B215E54553C0C4495F8F3172434029CEE60FE84553C05797781241724340790BFB47E74553C0B41749354572434087124F95E84553C0BE8B85BD48724340FEDFC277E84553C0F2EF544D4A7243400591448DE64553C0343A11BE4B72434028699ACDE44553C054A4A0A255724340C28A11E4E64553C0C4DEE717577243402E08BAF0E54553C067D5C1275C724340EDD0882BE34553C0C48926FB5A724340A3A59505E34553C0939122C45B7243408946660EE44553C0A33874277F724340FB23BFD3E34553C033473880967243405D2CDBA2E44553C0318DBA29987243409B6C43B4E44553C070F4EA88A07243405E506AAEE34553C0952C3F5CA5724340E6F8A892E34553C0ED327268B07243403A2672B9F24553C07394DBFBEF72434004F077E2E94553C050ACC6FEF872434090713898D44553C081329B91FD7243407E461420C94553C039A23EC7FE7243405E176518AB4553C04C9C76E1F07243405742066FA84553C0231DCE4FF1724340F6C31774A34553C0459C5BC4EE7243403BA0CC549F4553C050517863EB724340AFB3870F774553C0D6B219F5D772434051E345DB614553C0333A91FFCD7243408CB38092514553C0463BB769C17243407761E80A414553C0134D3133BC72434029C498F2334553C0187FE5CEBE7243403BC17177244553C0FFA022D1C9724340F1B243BB1B4553C072D29CD1D3724340B5B72DC90A4553C07A48FD28E77243408EFE2B10F44453C0816EDBFDF07243407288D2D1F34453C0126E7AEEF1724340A050D999E64453C08C15DD8EF772434061245D2FE34453C0EB311CCEF872434096014911DA4453C04BBADC99F972434029B18157CC4453C01C268ED5FA72434031D284ACC34453C0CE4612B8FB724340D50E9B0EBB4453C0C0C2FC1BFB72434046BEED90B44453C0A3C4539CFB724340ECAE15C1A34453C0C0676C9BFB7243404E8ACF79824453C09AD38A9BFB7243403CBD2C75774453C09B360AF7F7724340065CF08D6E4453C0FA928019F07243408330D243624453C055262567E172434049615EA0594453C01CD6DBB8AD724340764B8C064D4453C089B6510262724340D2D07D904E4453C03B1354FA4072434053686481524453C06962810D2D7243406D455123554453C0513D2F531D7243408241593A524453C0989F5EA703724340B89496844D4453C05E32DEFEDF714340EA6A20793C4453C0AF0461D8A6714340DC593302524453C0B44C3588A0714340DEE20892894453C0CA7807BE99714340E9C555EE8B4453C051D2B2B5997143400AC74439984453C06B84E596967143402A5F2AC0BE4453C0ED72007D89714340598C94D3C94453C071B5E97B89714340519026FECA4453C01FD7BCF28771434011C4B80DD84453C0DC5D28918571434009F91945DC4453C0E402077A89714340E4CB67B7E84453C0F62BB4788971434092DB42D9F04453C082E5F4E9877143400A4C7B68304553C00A58954C797143405016665F314553C04873D72570714340E10C5A35394553C0FE01F34A72714340CA75FE4F394553C0E91810BB77714340F593C1C5504553C0193C958074714340CC8762B8594553C0297CF01F6C71434069954DD8614553C0C9A8F5FA537143400B68ADFA694553C06D1FA1D83A714340E63A61B2644553C0633C1F4DF970434065E0A656624553C06D6E76F4DB7043403B1DEAFB5E4553C009E33EBBB47043408AEEF2FE674553C047D19CFBB470434067080562694553C052E449F7B37043408B24CAC1674553C03DF7592BA2704340915A324D664553C08172869AA27043405D8402F1654553C02F41F3869E7043400BF63B9B6A4553C09C8752639D70434067798AB46B4553C0BB2C89BDA7704340E6A99054734553C0A3F5DFCFA5704340045A3360794553C03F0CCD46A4704340349CFEEA7A4553C08ED3AA6DB47043402C4CC2DE824553C0AE8BC5DAB470434054AF0E1B8D4553C02657E8ABB4704340901B4CFE8C4553C07603F1D5B07043403152C972904553C012AA1F9BB07043405C2A3681934553C0E084CB35B07043400EE3BE81944553C01AED9A29B570434045E4CA8E974553C07B066C50B57043409CE22474984553C0F9D367B8B07043404F8F5E4D9B4553C08FFC0C1AB170434029E914F69A4553C0DE35543DB570434013691817A34553C086609D8DB57043409A00340CA44553C08DAD95C9AF7043403CB610B4A84553C05B892296AF70434080A7B0DAA84553C0041ABA98B4704340B8251CA7AB4553C07E450DFAB4704340A9C8C4F5AE4553C02EFF3782B470434058C3855FB04553C0C5197F4AB37043406C60D619B54553C025BFCA71B370434086A56FADB44553C08C1FE686A6704340A76C28FBB64553C0D045FD58A6704340B51F4F0CB74553C02DDF84B6A97043403E55168EBC4553C003024174A9704340EB4707D6BC4553C0A4275280B07043400CB194AEB94553C01E0F01A9B0704340A8293EC6B94553C0C48F8587B6704340128EF16BBE4553C0E3674730B7704340CF3DF569BE4553C02A49CDE2B2704340A4D212EAC14553C08FB25F20B370434088DE2B19C24553C0F5ED0CC6B4704340DB81529AC44553C0806A5785B4704340E9E7A0B8C54553C02D954ED5B77043403AF4FC4FCB4553C09525C097B170434004E53B5FC94553C07B01C65DAB70434086A36B0ECD4553C0EF53522BA87043402DAA16A6CE4553C08D476411A9704340F64490D3CF4553C07D0C6871AB7043404FA2F7F7D04553C09A98B554AC704340F55B05C6D54553C0810F7520A7704340D547649DD94553C05134B93AA37043409770891DD84553C0D226C6F39D7043409546946FDA4553C081EF5F0D9C7043402489DAC7DA4553C0BE93AC9B9C704340D54154AEDB4553C068F545409F7043401ED5DCE3DC4553C0206C696B9E704340FF83FE7ADD4553C0E5DC5F739F704340BD738911E14553C048A42EDC9B70434091E98AA8DF4553C0A8D525AE977043403274DB13E14553C0DDA93CD6957043407192EC8BE34553C06BC3CB1894704340A49B5E41E54553C024C2B67098704340E01DB6FBEC4553C0DC23A51D91704340ED4BFCFFF54553C0DEB93C8888704340942FB85FF64553C01DB4B91D86704340E7A4D8C5F44553C0424B37FE80704340E1B24C4BF74553C0464401057F7043401ABACA5DF84553C0FCDF8AF0817043402E5153ADF94553C0D2253EF48070434058496CB2FA4553C03963891B847043408B05E692FD4553C0F2E5519881704340EB0AB718FD4553C0F3299D3C7F704340C606865EFF4553C0C434D2197D704340B1EF46DAFF4553C066475BD57E70434019117F1F024653C0B13DA0EE7C704340CD206F57014653C0431B7FDF75704340B3B02C1E064653C09C3BF88F73704340B1BEC211074653C00AEC7697787043406CB56B91094653C09EEA3C6C76704340F3507FCD0C4653C05A53F12273704340AD60FDE20B4653C0EF0529986F70434076C4D9D90C4653C065F999356E704340F2F6DD1E0F4653C04A5CE2626C704340D3CDFE3C104653C0B66BD9C66F70434011E7796B134653C0F5B253CD6C704340ED6E2ECC134653C0F3A3B4FE69704340DDD707E8154653C0EAED5C4369704340B441F272164653C06F4FF20E6A7043407FDE6E68174653C048B888386970434078DB1DCB1A4653C0A2E31FDC65704340BCC584631B4653C0E0D24EE1637043405075D0271E4653C004EDBA61627043406119C1FD214653C0D12812085F704340DF55FAFB204653C085E86C8C5A7043401EA80298214653C0AF58D89F59704340A4800C10244653C0298B5CE25770434099FAF12F254653C095F920925A704340EA5283F3264653C0B6E57B485970434076A7C136294653C0464DF12958704340FA52FFDF2E4653C0DF2A9C5A527043407F9CD319314653C0C86D3D9F51704340CDDD8F46384653C051806ABA4A704340DC646D47444653C0F86865773F704340874B10E5444653C07CDB0FC33D704340B5FD7532444653C0592F015938704340BC6F72C3474653C0FC6C4FF236704340D3DA8447484653C059EBA17A3A704340B628BD4F4B4653C087BB1F6C377043400E47BA314B4653C0165B4A0E347043408978711B4E4653C02273B3F3327043405E2E95BF4E4653C00430EEE7337043404C5FB3F44F4653C0A80A133B3370434047421D3C554653C0DB06CC272E7043406713BD805B4653C0392DDFA727704340DBF347CA5F4653C0FC1ADB282470434044E57BC5624653C0DE4D0B2E21704340E749690F674653C0D02EFA861D704340A01D63646C4653C0CC1EE3231870434004C7298A714653C07B63C3A513704340DD91C933704653C0F089721F0D704340AB8B7745734653C0C6F892650B704340B95B81A1744653C02D3B45A70F704340B684458B764653C0315D86720E704340926AEA137A4653C085ABFC3E0B7043401AF72772834653C0B2244F6F027043401E8A15CD884653C071E1282AFD6F4340775DB0498C4653C0E2E036A6F96F4340D045E4128B4653C09CAA91DDF56F43403BF2350B8D4653C034BEECF4F36F4340E1DA62098E4653C0E3153CC3F46F4340763613E98E4653C04ED67785F76F4340AF5DC1B68F4653C0BD79423AF76F4340CEC60260934653C0771B9CD5F36F4340E8DE11409F4653C0119DDBD5E76F4340C2AC81FD9C4653C09F89B18EE36F434096C887889F4653C0A907C050DF6F43405C1014FDA24653C033225F2BE46F43403F8E47B8A44653C0123FDF14E16F4340F095491EA14653C01B513BD5DB6F4340F7051AA4A34653C083143829D76F43400F8688DEA54653C09512908FD96F4340408AC081A84653C0B8B71508DB6F434005B243EDA84653C0EE33F701D96F4340814E425BA74653C061605ED7D56F434076B09E77AA4653C0FDAF46D0CF6F434075F7FFF3AD4653C001135260CC6F4340	62	was	arlington_	\N	\N
22	vector	007	LIBERTY ISLAND	Sanborn	2008	WGS84	WGS84	Sanborn	Yes	0	0	Polygon	No	6.400000000000000	2.470000000000000	32	0106000020E610000001000000010300000001000000050000003CCEDEE61B8352C073D32578545A4440786F6960AC8152C0D29BB6C915594440E9E83721B48252C07742144D1B564440131FA94B278452C0236F529D5F5744403CCEDEE61B8352C073D32578545A4440	67	nyc	liberty_	\N	\N
23	vector	007	LONG BEACH	Sanborn	2004	WGS84	WGS84	Sanborn	Yes	0	0	Polygon	Yes	8.090000000000000	3.120000000000000	3007	0106000020E610000001000000010300000001000000070000005774FA3D7C8D5DC01E2EE29496E0404011EE2F2A7E8D5DC0476F671D36E4404001B1C1365E8B5DC0092DD03C34E44040BCC878C1D38B5DC0C7B8191A24E14040B231E01E5D8C5DC05C43E13A26E14040C21442FB5A8C5DC063E67C4589E040405774FA3D7C8D5DC01E2EE29496E04040	23	lon	\N	\N	3
26	vector	007	MEMPHIS	Sanborn	2004	WGS84	WGS84	Sanborn	Yes	0	0	Polygon	Yes	9.520000000000000	3.680000000000000	2519	0106000020E6100000010000000103000000010000000C000000854644C9F78256C0989FA850159141403E3EA9821C8456C0866C2F8321914140242F4C00CD8356C0F257452C4F92414097C5C91F858356C0FDE0CC87309341403EF3D2EA808356C0640474F0B793414032A2341D718356C0FA3A13909A9441400C580598A88256C0B4BEEABA2D944140B7609696718156C04F6AEFE00B944140924A01E4878156C02DC3F3BCB6924140AA5349A5938156C01FA7549065904140231D0129BB8256C0F268036081904140854644C9F78256C0989FA85015914140	26	mem	\N	\N	3
29	vector	007	NIAGARA FALLS	Sanborn	2008	WGS84	WGS84	Sanborn	Yes	0	0	Polygon	No	20.949999999999999	8.090000000000000	3954	0106000020E61000000100000001030000000100000024000000F5F56FE9E5C253C04880EF456B934540858AE1183BC153C00DE812093C9345409B4B7C0937C153C0FFAE9CA2339345407A4B9D44EDC053C08A3A4908A0904540FCF2695938C253C094CA1F299D9045402C82228F74C253C014E2042E3F904540E49376B16DC253C03B4B48ECE88F45400ABCBD3389C253C0F16C45CA948F4540BE2CEE28BFC253C05B93DB5E888F45404AF1DB31ECC253C02D5CF06BB78E4540BD876360FCC253C0A5A20257878E45407EC642D5F9C253C07D23607E328A45401C4B139C29C453C0D1E2CC1C2A884540ACEECD4A7EC453C046FB257BD58745406AE3408D19C553C071D4E0585D894540E5917AF725C553C07634C1FE4C8A45401F23760309C553C0A6C6BD1FC58A45409C86B09ED3C453C08C781B70558B45409211ADAA5BC453C095E55EC8678C45400F69E435F9C353C0B6693B10BD8D4540141CACBD0BC453C09E627491458E4540E3DDA96233C453C0E56FF322A58E454068349FC4BBC453C0343D51D4338F4540CD7B172DDBC453C0470AA5AD828F4540DF0AF3F4DCC453C00AB144A0A68F45404955CDAEBFC453C0CF1C4F6ED48F454005A8B55095C453C0D27FBE58029045405E92E94C5FC453C0C036976800904540C1F5E4F810C453C027AA339C3A90454035A0D51EE5C353C0B00FDC4991904540C4FB35D567C353C0DECFEF2052914540DCA4A4AA38C353C0A0A029A2A1914540125DDE4F1BC353C05B4A9BA4BE9145409F269ACDF6C253C0E41F2A07ED924540CAC7B342FFC253C04EEFA5E234934540F5F56FE9E5C253C04880EF456B934540	29	nia	\N	\N	\N
28	vector	007	MILE HIGH	Sanborn	2008	WGS84	WGS84	Sanborn	Yes	0	0	Polygon	No	7.550000000000000	2.910000000000000	2460	0106000020E6100000010000000103000000010000001B0000007B850EF9C2415AC080BB13A542E143401894D45707415AC0928C4FA83FE14340360F6243F03F5AC0308145973CE1434014147461AE3F5AC0DA8810E141E14340E805F6B9B13F5AC0913FC1DC39E14340E0EAB703DF3F5AC0DAA28C73EDE0434076CDB1DB13405AC03FF5BE51A7E043400820A96059405AC0507A88E545E04340249C448C0D405AC03B8BF973C7DF43406FF7D87C00405AC00A1A10ED8DDF434002CB109FFA3F5AC0007122F53BDF4340DD8BA2EAEF3F5AC0E2E2197906DF43409DEA0C83E03F5AC049EE5DB5C6DE434073B7EF4D7D3F5AC05F090799B7DD43406FAE5A7537405AC04505142AB5DD43404CF0B792C9405AC0D54B3F1EB7DD4340AB99A4E3CD405AC0C0934BCBA7DD434043A09D68DF405AC082D2E666A9DD434013B47B08EE405AC06AAE6B58BADD4340CF2BA28C08415AC0A4E712C2BCDD43404A9105B195415AC02ADED8A3BEDD4340339BB236C2415AC05212A8FFBEDD4340866AF0ABC1415AC0242EFDE75FDE43404D37809DD0415AC071FCCCA89FDE4340CA391D14CF415AC01F810C06C2DE43409E5DE998C5415AC081CF4D24C4DE43407B850EF9C2415AC080BB13A542E14340	20	den	milehigh_	3	6
31	vector	007	NEW ORLEANS	Sanborn	2004	WGS84	WGS84	Sanborn	Yes	0	0	Polygon	Yes	7.890000000000000	3.050000000000000	4412	0106000020E61000000100000001030000000100000014000000265D8FA4E38556C0E55679F9A8F33D40E6969CD8E28556C0398EB063ADF33D406609D2E4368656C0D6E75FE36FF43D402CCCBC9ECF8556C057047F446AF63D408E3AF1776D8556C072AEBA1CBDF53D4023651304B48456C0E95EFBB6F4F83D40C7512F28938356C0A2E52215C8F53D40833848FF9D8356C07863E782A3F53D407F4A0835A78356C0FEB93A9E97F53D40081026C2C38356C0C568AFEA4EF53D405EF3E023DC8356C00DF9E093F1F43D408CE69643EB8356C00FD58A0F9EF43D401A2C59A4F68356C0A6A512755DF43D401449BA32F88356C0B63008FD06F43D40011A7A70E98356C04E2F86CA4DF23D400FE63237DE8356C09EBFA9768DF03D40999CBF70DD8356C0B9AC2D6E3AF03D40CF67522FDE8356C0A846DD8EB2EF3D4039010C111F8456C02CFF2FACC0EF3D40265D8FA4E38556C0E55679F9A8F33D40	31	nrl		\N	\N
33	vector	007	PHOENIX	Sanborn	2004	WGS84	WGS84	Sanborn	Yes	0	0	Polygon	Yes	8.670000000000000	3.350000000000000	3883	0106000020E61000000100000001030000000100000008000000BE2FFA1F95055CC00409FD010BB94040070162DE96055CC030EDC43F6EBB4040B8DE507A97055CC06C48EDBEB4BB40404EAF0F2CFF025CC083B5A11AB0BB4040F59B9C4900035CC0D9A02EB068BB4040C75B1C4DFE025CC069CB100206B940407E48495E55055CC0BE0CC23F0CB94040BE2FFA1F95055CC00409FD010BB94040	33	pho	\N	\N	\N
52	vector	007	DETROIT	Sanborn	2002	WGS84	WGS84	Sanborn	Yes	0	0	Polygon	Yes	7.390000000000000	2.850000000000000	1404	0106000020E6100000010000000103000000010000008D0000000B1FA0032BC454C0500566F6E8284540061F15D02EC454C0DFB67180F52845405ECB8B1B35C454C0A2B9884D072945404D7A669D3DC454C048B3C4D0242945408E89039843C454C0476DEF6040294540596207C048C454C09BFBD4274F294540F469E88F5CC454C0EC99FD76962945401119CE6E6BC454C0A792C866C9294540487240527DC454C096EDD3D6072A4540EB0FD1EE81C454C009179C05182A45408B56A9618CC454C06282D9243D2A4540C4EF41D580C454C0BDEE829A442A4540A9E6D5257BC454C0E5F988FD492A454026369F2875C454C0FEBD9CF34D2A45409D23329376C454C0C8C0FEC2542A4540D2F3257276C454C0065F27F7562A4540D4988A377EC454C0EA9E5D2F6F2A454041316A5083C454C05FB02E4D6F2A4540A45C11AB85C454C0B3B1E7DD772A4540CAF3301B85C454C0BB8B49D97A2A45409F20B68B8EC454C0044462E79A2A45409CC77EA997C454C0A55F9E6CBB2A45405979269C8DC454C009AF1E22C22A45408F6814D764C454C007E1E5FDDE2A45406EEC13F96DC454C049D2FB18FE2A4540800D33FF71C454C069E7CF89092B45402E54174475C454C04CF5AC10162B45407321692C7DC454C0CC5CDC40302B45402D26836381C454C0B5795ABF3D2B454086192C668CC454C0221FDF7C652B45408BCBC87696C454C0FC4F67D1862B4540040BD621A1C454C084B0CC78AB2B454067BF24919BC454C0BF563CB0B92B4540859AE9CF92C454C05C3719A8B32B4540E191E3A280C454C01E48F810BF2B4540FAF1EF7181C454C0FDA77906C32B4540AFDBABD979C454C04EE3A10DC82B45406FBDBBBA78C454C0F034E574C32B45406AC38C1764C454C0C0EEEC61D02B45406FDC3B9667C454C0ED5150A7DB2B454046120F385DC454C0074FA1B8E12B45403440882062C454C09431191EF42B4540071D189A54C454C0B062E6B7FC2B454000032F1670C454C0DCDF49EC5B2C45404C193A465AC454C003D3724B692C4540F1354F0358C454C0B0410DFE612C4540207D04BD45C454C0CFEDCB4A6C2C45406DD2075E47C454C0A081711B732C45404325D82C3EC454C0C8B3D069782C4540878422C23EC454C0D004D2A07D2C45401CA042412FC454C0767A9A0B872C454024848AFD2AC454C0D623C379792C45406D5F24611EC454C0FDD53098802C4540C10291E516C454C03A0D4C6A662C45401D439DD007C454C06A761728702C45408DE8F83B02C454C05E616C5F612C45403C9B1F0EEDC354C0D1FE5B126F2C45409E2A8A35E9C354C0F3CDCDF1662C4540EEB0A06ADDC354C008687F13712C4540DF420FD5E1C354C0C10AD1AD7F2C4540D54B5011CFC354C0392CC61C902C45402C18A604C2C354C0F3711B7B982C4540DFA202C9B9C354C05B78803B7F2C4540B3B08102B4C354C00BE2D4E1822C4540B06933A0ADC354C0672A4C816F2C45402EC8289AA8C354C060384B62722C45409126C709A2C354C02F02F22E702C4540C2707D919FC354C0BEE67E8F682C4540353A55189AC354C0B9B414CB6D2C4540D655853085C354C05CF0ABE97F2C4540B9A9535D7EC354C0801CF4196E2C454016CC301477C354C0458929EC732C4540DC205B9F6BC354C0EC6D9E537C2C45400BDB228460C354C0BB8071BE812C45407977E7045FC354C05525ADA7822C4540F16A72C25BC354C0205A546D7F2C4540CE62CAFA58C354C0EE93B518812C45403530872556C354C0B80F89B87D2C454009A7959452C354C040EA0F8B792C45400072B99643C354C0E15ABEB3842C4540369B5DE135C354C0BE74DCA95C2C4540E3A72D2C34C354C0713579695D2C45407BF0D10D14C354C0C6CFC7FA6F2C4540C08E96D1F4C254C05DDC310F842C45401EC5DB76F1C254C0274334D0892C45407EE7EFA4EEC254C07A52B1438F2C45403C82BDD8CFC254C0703BE9EA332C4540A628A117CAC254C070D2D37F212C45403169F9ABCAC254C0DDFC19F11C2C4540CEA13259C5C254C03B94A7FD132C45401F99A1C9C3C254C0086D2FDF062C4540E1098C59A7C254C00F6741B4172C454094F2225684C254C0B8B89AB82C2C4540DF7DE0BA7CC254C01372BEB0322C4540BCF07E0C6BC254C050A472EF402C45409A20B7715BC254C01F7A3BB6492C4540367A07C452C254C0632A17885A2C45401C8482C24FC254C08BC3B8745D2C4540926763EF3FC254C09620581E2B2C45409328E1D244C254C0A1A7CEAC282C45402C99447549C254C0BD53967A222C4540675E1F0E59C254C07D2C24A2062C45404B71ABE863C254C0A6AE4C0CE72B4540124C1D8667C254C0EDF8AACCD22B4540E1B7884854C254C09256C0ECD32B4540C50E7E043FC254C0D37EDE1F902B45405660975531C254C05FE93F59662B45403124BBBA1EC254C035B396392C2B4540808D443408C254C0B0CF2A21E72A4540BE276D0120C254C0DD608BBAD22A454014CB02DD2CC254C053260050C82A45405022BF4643C254C08F5E0C59B42A4540076F74B240C254C0C3D5BE31AD2A4540FCC0E9543FC254C0935561BEAB2A4540C51EB2AC3DC254C03E2AA4C3A72A45403503B5453CC254C08828CF02A02A45405907086D47C254C076DD3E14782A45404B0DED6943C254C08CC818D96B2A4540BD6D91FD3FC254C0206FCC216E2A454043E0ADE53CC254C06B11E463652A4540ED7AC9AF3FC254C0F26FAEC6622A45407012CA8C3BC254C00F8CA346582A45409667CC6730C254C092CDB878612A45409A55BAA42BC254C08A2271DA552A4540B8722E0037C254C09C97CFD24C2A4540D7A9625521C254C024226B0C112A45402BDA079F22C254C077345BD10F2A45408693C8E858C254C0D94B65C8F02945408D0249B679C254C04A784752DE29454068AF5612AEC254C02862D2D0C029454063E0B52FC4C254C002388690B429454010DE7281F9C254C0DB2A29499629454052C80B110AC354C0046405E68C294540BF459FB53CC354C0E81FF67170294540CA3E2A484AC354C01AD7F0676829454083FF35FB67C354C047027DC1572945402E0C300580C354C04DCE76494A29454021E87870AEC354C0F7FADC2B30294540E9284F42D4C354C07B1545A91A29454058B0F34AFAC354C0FD468351052945400B1FA0032BC454C0500566F6E8284540	52	det	\N	\N	3
39	vector	007	MIAMI PORT	Sanborn	2008	WGS84	WGS84	Sanborn	Yes	0	0	Polygon	No	16.430000000000000	6.340000000000000	88	0106000020E6100000010000000103000000010000000D000000389A80F0F20B54C01D3926F665CA3940F25BDABFDD0B54C071E86D4174CA3940C822433DE20854C05D331C9463CA39404B997FEEC60854C07A41D1845CCA3940C81FC53DCA0854C099FE2029AAC239407BAFB560D40854C0972310CB12C23940BF526899290954C0AD4EBFB815C2394042077A02D10B54C079BCFF228AC339406CD2814DD50B54C0A993ABE58DC33940A409E112D80B54C00A3E255F94C3394035718191DA0B54C0FEA1B894A8C339403F211F80F50B54C06DF63F2989C43940389A80F0F20B54C01D3926F665CA3940	42	mia	port_	\N	\N
27	vector	007	DALLAS	Sanborn	2002	WGS84	WGS84	Sanborn	Yes	0	0	Polygon	Yes	9.880000000000001	3.810000000000000	2108	0106000020E610000001000000010300000001000000A9000000178BE57FBD3258C09938E7E02E624040FB4F1D5EE03258C09B99F6205F62404014063329EC3258C0782D991C49624040F864B63EFE3258C03490384A62624040A94B90571B3358C06966D55C8A62404083A5F26D2D3358C0685F1345A3624040B77BA33A393358C01E167D89B3624040501AFB0A403358C096B8EEF4BC624040ECE953C54F3358C0755E492EAC6240408CE10CE8573358C09F3A22129F624040BD3AF3165C3358C0A57E344B986240406BC3F1F1683358C048E7D89989624040EDD89703703358C0783B67E2846240404C00CA9D773358C0EF20242380624040AF3CC9A07E3358C07C8DF09D7E62404082B01CC6853358C06ACD99027D6240408D4178F98B3358C0ABF909AF7C624040C26D3141903358C05FDC307C7C6240400780CEF2993358C0EE160168846240401514DA90A13358C0957437A68A6240402EEB5596B73358C08EE95D749C624040F99351D0CC3358C05CCA8DC9AD6240403F133688D13358C0226F25F8B1624040D578E090D43358C0EB06E8B0B66240407C7F3889D83358C076DAD3DEBD624040AD6D1599DD3358C0CF7C4BF6C762404078E1420CE23358C0A7D16FF2D16240402AB51943E43358C0089066C7F4624040A17F3FFAE53358C0D9FC1CCE0F634040E20D31D1E73358C044DFEFFC28634040445AD33CEA3358C065C2212D52634040FD2C6C04EC3358C0308A5C4470634040356F8889EC3358C0CF21A7A878634040D50E5096ED3358C0E6D470988C6340409BD99927F03358C059903AF3B26340402C37B34EF23358C0C870CE13D86340408B135422F43358C00C0ADE72F5634040643560F9F53358C0BB037A3506644040103FE01EF93358C0C1392D9223644040EB8B76BDFB3358C071B4C84940644040C0073243FC3358C0A610380A4E6440402FC96319FE3358C096D823606A6440406AC690ADFF3358C0EA6F1A3387644040F6833ECF003458C052A031319F644040E98B5CD2023458C0B3E99417B0644040B4F932590E3458C07A9951E201654040A05E4145173458C0D7707C6F43654040C43DCB3D1C3458C0C3973819686540408BA49B02223458C0122DEB9792654040B239E60F233458C05413975798654040E7DF27DA233458C04EED9B969D654040C25FB991283458C0FD256CE9B965404024BD059F293458C0269117A9BF654040CC89A116293458C0BB9163C4F7654040A77FF217293458C0E4AE42A6FF654040CAB417D3283458C0E3B812F91B6640402A56BCD3283458C05694DD262B6640402E435CCE223458C06D1930D12E6640403E7D1020043458C062838DC22D6640401872D825FA3358C0ADF24AA42E66404008A1D2FFF73358C07E473DC43066404084B7F410F83358C00BBD3E5A34664040E6A41991EF3358C01443563D40664040A7C49E26E43358C043A597AE4A6640408702F9F7DF3358C0E899D1D54E66404037A9013AD63358C0083EF56E3366404079D155D4CD3358C02E42119234664040C9BBE441B53358C05892A1CE366640409A299979AA3358C09B7051FF23664040887707D59D3358C020B9FC853A66404069A529F4973358C0943461D431664040989B6231973358C0E0D8EC703766404084B3882F953358C02308529A4066404043197F58913358C09654FB0B466640405544B3CD913358C06816309755664040C38543A1863358C05D878EC55B664040246E63BE783358C03A0B7AB865664040707BD5706C3358C0E3507054786640401B11232F663358C08605E70E826640406A6313AE5E3358C09A4FD32375664040AF7859FA4E3358C05A32A57B8E66404053A82666483358C05AC74016856640409C5F81973B3358C0BD428EBB72664040DFA8EE952D3358C0D93C229A59664040C060F672183358C05EBA38CE366640405CC8AD12113358C0B3642C5B4166404009E8F356043358C0831AD5862C66404022E8C5A9EF3258C0F6C58F24096640405C2D20B8E93258C095BDDEDA11664040A467DD3BE23258C018836E411D6640404DA490C0DE3258C0ABC0A44822664040DEE1F251E33258C0A651F2992A66404042995094D23258C0E4BEC3D0466640408F222D01CD3258C0B34FFC203E664040AB24BF99C93258C05989DA5F456640404393113FC83258C03C61A79A49664040A657659BC33258C08D235A363E66404073DA51CEBC3258C0B306FBD231664040312110EDAE3258C0BBF989B7206640408592EBD4A03258C091CAE4C30B6640405F1511DC9D3258C0647DFD1E106640408D71FE148F3258C0F01AA4C7276640402AA58F0A853258C0CDCF812E366640401DFBA7A1813258C099011B8733664040AEC661D1753258C0143160132366404010B97371623258C015C8F0E53F664040DC490AF3603258C0E58E67A33D6640402F9C6676443258C0BCD042010E664040427A0525373258C0F642D01BF7654040F05B20D3223258C06C2A42D1D36540407060CC0D0E3258C080EBBC15B0654040BC30300EF53158C07E8373AA85654040A8512017E03158C01D0B893E61654040FE149DFDCD3158C0D1D765BB436540405E019620E83158C0D81C05CA126540408C75152ADF3158C007C1326605654040F52293B7DC3158C0B8F04D4FFD644040A238FA2ADF3158C0C719E668F0644040F1DC139AE23158C034FDF817E6644040622F8C26ED3158C0AB33BA5DD7644040458E81B3E53158C0FC115430CA6440403A85ECD9DF3158C0BE89EB59B46440400FD90179CE3158C00CAF4BC9D36440408AA5C58BC73158C0BB3030F2DE6440408EBE2EBFB63158C0C58521A9C2644040B37ECBB7AE3158C080F731F8D164404029B9F6A3A23158C0BE43B4C0BD6440402BD829CBAB3158C06E261A1CAD6440407A93EE3EAD3158C065FA38D09E6440403B1148BAA93158C0A9C0D02F88644040331C8FA4A73158C0A6E5C4846A64404028DAFB03AD3158C028C8979E68644040D19A0D2DA33158C0C9CC3EF65764404072CDF19C9F3158C070CC775A5064404069BF2B8FD03158C0D57AF59B3B644040C85537F0CE3158C06ED44AAA31644040478FCA24D53158C08B0852D1226440403BA427EBDE3158C09F98157C10644040C5BAA13CF83158C0CC93162BDB634040BA2207ABE73158C0104C95F4B6634040230F6DD5E53158C05842849CB8634040BB18F15AE23158C04ED152B6B26340400FB222EAE83158C0B0699CFEA863404086983445EB3158C0BFE22F3C9B6340408956BB90EF3158C05C887B74716340405F44C7CFF53158C0285FB0C0686340405EC74C0AF13158C05CA30AC56063404042C35F92DE3158C0847FAC09456340402F6C0D4AEC3158C0EBB1434D326340405CFD5F6F0D3258C0BA58282F076340401596519B133258C00963F628066340406B9AFD951B3258C072AA70CCFB62404020207A9D073258C0A4AB5737CF624040955D25021A3258C08630B35DB96240402154D8D21B3258C05FE7BA8DB4624040EB78249E273258C00A2CA7B1976240400CEEAA363F3258C04CBDFC1E5D624040BC791551493258C007CECC454D62404068FCE47F593258C0FE4961646A6240400CF4DF18683258C0B9CA97FF4F6240408F8DC08F693258C055C2332050624040EC25AFC87D3258C0DA2A1D5B6D6240404049FA0A8E3258C0F45B803A4E624040CD567A9EA03258C09EE435AD2F624040B6DE3720A23258C0881FD8BE306240403668839EAE3258C0A5C3B6FB48624040FFCF8592BA3258C0A7CDA56430624040C67BF1DFBC3258C011DF872E30624040178BE57FBD3258C09938E7E02E624040	27	dal	\N	\N	3
49	vector	007	CHARLOTTE	Sanborn	2007	WGS84	WGS84	Sanborn	Yes	0	0	Polygon	No	8.350000000000000	3.230000000000000	1709	0106000020E6100000010000000103000000010000002E0000008D489FF5323754C033A0C5C7D59C414038A9D1DC2D3754C03A008A69049D41407D2CB172E33654C09C3F5947AE9D4140C619BD70AE3654C059D0BBD62C9E4140BBF3BE737A3654C037FDD2158F9E4140B093A285493654C099E2565CCE9E414057DC4D31383654C0E3719457E29E4140A84B0DD3243654C0E3719457E29E4140F6DC632A023654C0B932275BD39E4140489EC8F8F73554C04C882F55EC9E414048D8E6E9F43554C0D10B78A20D9F4140FB0C72A11A3654C0862DB3EA429F4140A84B0DD3243654C0D66D7236699F4140FD5E17CE233654C05DA09A84859F4140FB0C72A11A3654C0F63538CCBA9F41404D08F5600D3654C03FFC2675C19F41403CEC06DEBD3554C0D4144B2C919F4140D682F06E723554C021AA2F356E9F414027F2AF105F3554C0768C343F469F41402036DE7B403554C0374554F31F9F4140172867BA183554C04C882F55EC9E41405FC3CD8BDA3454C04D9342C18B9E414009240073D53454C027046C726F9E41400AB0C390DB3454C01F103779519E4140604F91A9E03454C05ED2372A359E41405907FCF6BB3454C04D87DF26449E414053D7ED7FA33454C0A8B52AD1459E4140514B2A629D3454C005552382299E4140001689B1AD3454C0301AE8F7919D414001682EDEB63454C049C7180B339D41405907FCF6BB3454C0002E556EEB9C414056B556CAB23454C0E0D5B626A29C4140AB027FB6AE3454C02C938AD6859C414005469728C63454C0BABF348E3C9C414061DB54C7E63454C0C3FA189FD89B414072A59D1D2D3554C0147ECA5E539B4140D2A48724633554C03F4058BA299B4140D96059B9813554C05284720E329B4140DE9067309A3554C024F4455D5D9B4140EC080B5AD73554C009F8F1FF909B4140558AA8042F3654C0C5F81395149C4140BA2DDD64773654C0A52D00808C9C41407040D166AC3654C0C0842A21C09C4140CC0FADF6C93654C01AA185CBC19C414086C6EB51113754C01AA185CBC19C41408D489FF5323754C033A0C5C7D59C4140	49	cha	\N	\N	\N
58	vector	007	SAINT LOUIS	Sanborn	2002	WGS84	WGS84	Sanborn	Yes	0	0	Polygon	Yes	12.660000000000000	4.890000000000000	2164	0106000020E610000001000000010300000001000000BA000000182A79E4DA8E56C03D649E7FDA4E434072A3A14E088F56C069425716E54E4340B0CA62D3358F56C03FD5C233F14E4340C45B1AC04E8F56C048EFD823F94E4340356CB2864E8F56C02F89729CFF4E4340AE22E9024B8F56C0590C8E6F184F4340D1749209498F56C0ADCE4DAD244F43405D37D28A438F56C0985B41254D4F434086D424A4668F56C017705E04604F4340584C96C25D8F56C0E8C427B3D44F43406B0F45BB578F56C01374854A3450434069952950268F56C0CC6C226022504340928CC5D2218F56C0D50B7F5E3B504340497E244A178F56C08745375B7E5043402A60AA99F88E56C09D1E4ED92F514340090C108F338F56C0E374EDE9465143402A23D11E228F56C0D52F1FDBB1514340A468ACED0E8F56C056AC2093E95143407F6E02BF148F56C05D69D909FF514340E4CC43720D8F56C0FD0FECE411524340162D4F19EB8E56C030826C40745243400318E4D4CE8E56C0CD409AD4965243403DA42449C88E56C0BE6170E0AA524340312027F5BE8E56C0666B557EAA524340B9B8FDF4B98E56C0EA535041B0524340851B1D15978E56C0431DA6829352434033B1D99F8B8E56C05A797EB8B85243405A4DEADF818E56C092C9A0DEB15243409AC726647E8E56C063899051B8524340C77E93B2778E56C0C8C91D9DA75243408BC174C86B8E56C01536D25E9E5243404AB34BF5688E56C0CD2D33BDA052434098FEE0C0638E56C09E719AB19F5243402890D497618E56C0F92873EB9A5243403611244B658E56C04B15CD7894524340DA6033D5618E56C07647DC028F52434047CF0F2A5E8E56C0765B1DC984524340E091D817588E56C0D8473C0E835243401C013F77578E56C099167DCD76524340D490F4C9538E56C0B7B5290071524340A7303B36508E56C0726F27D170524340C37CED664D8E56C0D745FB5B6B5243401A76CE944F8E56C00AB2F443665243406DA94E9A4A8E56C037DE0B75605243408505A8D2458E56C0C663792D6452434016EB9A763E8E56C04E58C6A25B52434084C4454C418E56C090F9C62954524340004DF1273A8E56C03FF738484B52434042446B08368E56C0F04F6EF14B52434067F1C9192F8E56C0435454CE46524340F887CD0F318E56C018EE466442524340BDEA30BA248E56C083DB0657325243402F8B5FBB248E56C0A7AA41F52F524340B1B64BF0148E56C0B3CABBC31952434048F2E070008E56C03BC1E07F195243404F289521ED8D56C0129881C41A524340BCCE7BE7EC8D56C01072E3DE1F5243406EB6ED06B18D56C0C337F547215243401E568DA9B18D56C0986B4D1C29524340B5B0DBD9A08D56C04700C28A29524340470D2939A08D56C01E6033F81D524340F014553B9B8D56C0BC2042F71E52434032F0C9DC9A8D56C0686B43A3FE5143401AB6FCA38D8D56C0C7C0D520F9514340E5A804BE8E8D56C0B9FA73A0F051434008D4ACDE5D8D56C0D582F11EDB5143404AC87439318D56C0CCF7237BC6514340EBDE3CD62E8D56C00B784A26C751434098FA92A5178D56C07DE00DD3BC514340B2E09437178D56C04D5DD5C7BA514340497DEF62038D56C09C250407B3514340FBA5D5ADFD8C56C0A7AD3EAAD351434063719C17F68C56C04A187DE7D0514340ADBC7D6AEE8C56C0129CAD5BF9514340BE76E770C18C56C0A0A589F2E751434010A36BF4B28C56C03817B68438524340F0E8EA61A68C56C09FAF8BB033524340E2E8B7A4A48C56C0FC53CC613552434088609217A08C56C0FD2C1B513352434078BBDA18A08C56C0865056EF30524340300F29DC978C56C072F66AD42D524340D1FC58FA968C56C08B9476A134524340568C71648F8C56C0A176473031524340F6EF9C7D908C56C0F83CA2BA2A5243409E6FBCBC868C56C04F2854982652434038377BA4858C56C04F0B6C5A2B5243407FC6FC9A828C56C0F12860562B5243405AA199927F8C56C00EEDAA4729524340646C0F74808C56C025F8D82823524340885EDC777B8C56C0F657881721524340D58024277A8C56C04AD8E18C27524340FB9F4291728C56C04BCEA31B24524340897FBA72738C56C07DA3D2FC1D524340D680750B698C56C081F175821952434048965C4A678C56C0E4C5FD582252434029810588508C56C04A0A8B6119524340B97A636C4F8C56C085E6984324524340D3426E9E478C56C0DD2F4ED7215243400B44FF4B468C56C095F59F5C2B5243405438C802408C56C05B775DF2285243409F4DB9D9448C56C0BB36B4AA09524340CF3895AB1B8C56C0F816606FF8514340B5389DB3198C56C03AC38AF50152434039E02D590D8C56C02660F072FC51434074B70AAC0E8C56C07A7C6B3FF251434057A7758CFD8B56C04897ECB0EB514340894A4596F98B56C0B9B008DF055243405D2D2B2FFC8B56C0AFDA799B08524340E47FC784FB8B56C0D3F2C7680F52434046415177F88B56C0A89BED8916524340797FCA0BE98B56C0E1856F9F1E524340529E9480EA8B56C06CEABD363B524340BEB519ECD88B56C0676FC6DC3E5243409A2FAE2BD68B56C04E47CA8A1F524340CCD89BD1A88B56C0C81DDE14255243400D605469708B56C02742A6D026524340BBFACA7A6F8B56C0742FB44AC15143406E404DB7698B56C0BDF95D6D365143402D6917216D8B56C0DFA0E1FCEE504340B0A64E8F6F8B56C0ACC529F9DC504340CA608B49758B56C061075888B5504340F2594316818B56C0811AEBA85E50434084792F5E8A8B56C03925B777115043402D00508F958B56C0C54FCD83A64F4340EAD17D54A68B56C0C10D9F47244F4340348F2E89DF8B56C0E7A2AAAF394F43400A4FEE38F48B56C0872F64E1454F43408D9C8758088C56C0103805B4F64E434032DD43540D8C56C0E9AA7CC5F84E43403EDB6DD43D8C56C0DEFFE06A1C4F4340FCA027A1498C56C02B3E7385264F4340756F3052488C56C0AD48CCEA294F43406BED910D6C8C56C0E5A193EC414F43400850DCED6C8C56C0A7666AD83D4F434083642869788C56C0093BA7B0434F43404BDBC3F0828C56C0DC9E22EB0A4F4340A3EF2AFCA38C56C05F32E4DF184F4340242E6E2BD58C56C067FE72E22D4F4340950F33B0E38C56C076BE3967334F43401E005EEA0E8D56C07F751BDA464F4340923D63F0158D56C0C945DB0D1E4F434058DBD378398D56C0CDCDDC392E4F434062E2A7723C8D56C03AC4A89D174F43401D78A7135C8D56C03B16701B284F434094B674785E8D56C0E2502709244F4340CC8337EC668D56C0D2B8CCCC264F43406DC7C67B668D56C054702185294F4340C119B6266F8D56C0302C41F72C4F43406945F7ED6E8D56C00C5FC0582F4F4340AB742E1D798D56C012ECFF7A334F434043723A75788D56C042DA0E33364F4340C09C224A838D56C05B82A7093C4F43405D05E7D1848D56C04F5096EB354F43404FEE00AC8A8D56C07E5C88A6374F43405770B723898D56C061E4EEC93E4F43409AA9EF969E8D56C072912CC3484F4340D2CB1257A08D56C0120BD1F1404F43406B568C34BB8D56C0EBC5CD584E4F4340531969FCBA8D56C0BD4162C1514F4340AA055BABCB8D56C0CE11BEA9594F4340AA0087C3CC8D56C0A5DA6F90544F43403EB22978E58D56C094E8FC875D4F43406111ABC7E68D56C091B00DC6584F4340CA543C95088E56C080388291674F43409CDC3EE9078E56C018983D74724F434012259183178E56C01AB960A7784F4340B4E60B0B2A8E56C0859100BE804F4340F25229C6388E56C0D632B751894F4340E963FE25408E56C0A68D8F03894F43407437FFC7528E56C029063DA1924F43407B0BC0436B8E56C05EE5BFFE9E4F434095B05CC46D8E56C08E6512C79B4F4340ADE1B4278A8E56C0A274F5D1A74F4340EA4E7B1B998E56C006F7E35AAE4F4340137FD282A38E56C0879D5DCEB14F4340D1BD56F5AB8E56C0BAD145A1B74F4340394BAF20BB8E56C03262532ABE4F4340B29EE26ECC8E56C0E08B9707624F4340EB32189FC98E56C0F12FF3EE5D4F43408D7AA027CB8E56C0A7E015C6554F4340538D20BDCE8E56C07E390FEC534F4340B2EE05F3D28E56C0AD09379F234F43401B8EC8AED88E56C00149429BF04E434015B323BBD68E56C0F231F898F04E43402F345E0FD88E56C0D241A2A1E14E4340182A79E4DA8E56C03D649E7FDA4E4340	58	slo	\N	\N	3
50	vector	007	MILWAUKEE	Sanborn	2007	WGS84	WGS84	Sanborn	Yes	0	0	Polygon	No	16.620000000000001	6.420000000000000	5993	0106000020E61000000100000001030000000100000031000000E2DD7185ECFA55C0E3255DEFC8874540ABA1279899FA55C0DA472972E2874540C482D59681FA55C06B5B3003EC874540AA23D8F26DFA55C0E03C7811DC8745406F7100CB40F955C0DA472972E287454051981437AAF855C0852F6C80D2874540033AC41D85F855C06B5B3003EC874540CD3ED25D1CF855C0E3255DEFC887454066FFD3450FF855C0EBD4444A9C8745404D5F7E7411F855C0E95158E362874540343D78483FF855C06165AB3D368745404F9C75EC52F855C0B1D63260D38645409EB96DD88DF855C0F769A7ECF08545403739179396F855C010D359C9DD8545406DB6B9ADD3F855C0F4E5E8A98785454009F1A98549F955C06446173F4E8545402291FF5647F955C09ED2629621854540D5F1561038F955C0D19D3168DB844540EF91ACE135F955C007FDD5BEAE844540A42FFB1268F955C04A85D4B37B844540240F4FFC72F955C043E64CFE1B8445400AB051585FF955C099837D84AF8345408911569C3EF955C0C8CF5FB32C834540BB92596C24F955C03CD7F2F3468245406F7100CB40F955C0586C23210782454007B4B20D08F955C073EEDC52DE80454008735AE01DF955C0A79FF2607B8045400AB051585FF955C05D309D4458804540466229808CFA55C07AB9F44E488045402C817B81A4FA55C066255CCE3382454093C07999B1FA55C00CDC537B60824540479F20F8CDFA55C01789694DA0824540E2DD7185ECFA55C063C0815BD382454015DDC4FAFDFA55C045256AE5728345407C1CC3120BFB55C0C31924F2A5834540AF5C6EB506FB55C0214E57F2E883454062BDC56EF7FA55C08C51156C12844540141E1D28E8FA55C0ABDA278435844540485EC8CAE3FA55C0E05D6E52758445407B9E736DDFFA55C09D05FFD78E844540633B151423FB55C0DC727A5DA8844540E41A69FD2DFB55C0415DDF06D5844540963A688934FB55C09657ECD057854540FD7966A141FB55C0B70DAC3B918545407F59BA8A4CFB55C0AAE08E8BEA854540171ABC723FFB55C0258773437D864540963A688934FB55C078808EF1DC864540FDBABECE2BFB55C0BE20410D33874540E2DD7185ECFA55C0E3255DEFC8874540	50	mil	\N	\N	\N
57	vector	007	PITTSBURGH	Sanborn	2004	WGS84	WGS84	Sanborn	Yes	0	0	Polygon	Yes	9.480000000000000	3.660000000000000	3852	0106000020E610000001000000010300000001000000130000005043E131A10154C0824E4292B33944404397AE028DFF53C042C4A23D743A4440C6AABA7B88FF53C0446D8DB95E3A4440BACD5F2DEBFE53C04065732C70394440FA6131B6B2FE53C08CBC6859CC384440DB186019BAFE53C00723079D34384440E83CCFE1CEFE53C0B350A157393844405532BA99D1FE53C061626A6FB1374440DD7F95C6D2FE53C0A2D32CAF4C37444082616A7ABEFF53C04A50455E3437444055F8AA79DCFF53C0870530D9CE364440D736F50DEFFF53C0CDC1FFCB8C3644407DC2BFDD670054C01498D8197D36444043452087FF0054C0D9BE0AB89C36444060ECDFE4EE0054C0FAA7B9094437444003938932790154C067053056693744400A6A58DA5C0154C0BC36DE1B643844402CC11B0A6D0154C093F0E49E733844405043E131A10154C0824E4292B3394440	57	pit	\N	\N	3
5	vector	007	SAN ANTONIO	Sanborn	2007	WGS84	WGS84	Sanborn	Yes	0	0	Polygon	Yes	11.920000000000000	4.600000000000000	6992	0106000020E61000000100000001030000000100000030000000BDBCF412BCA058C0A99864A218663D40079A086BC3A058C0800DA74583663D40079A086BC3A058C0FE2A8FE32D673D40A56E6A7DA8A058C0A935C44194673D40E224B90AA6A058C0F68FF53614683D40068D7D0290A058C07967E45307693D405C84CBBC6DA058C0AECF1622A5693D4000664A003EA058C04FCABD0D656A3D4062845D8525A058C01248B8CAF16A3D40A447C9430EA058C066B134A5A46D3D409820047904A058C0BEFD90106D6E3D40C495E5A1D99F58C067EB2FF32C6F3D4025A76DBE8D9F58C0F8D08AA9B96F3D40258D57ED269F58C061DAB6F7B0703D40F3F042C2FF9E58C0B4A66049C6703D407A771A3FD19E58C017C97E6297703D400C25B786AC9E58C06E306FF45F703D40318D7B7E969E58C0B7E0E6F00E703D40C954C05F909E58C01499977E866F3D40B720DE639B9E58C06A467967D36E3D403DB44049A09E58C01C2937DA976D3D403DB44049A09E58C010106203E96C3D401E599982A19E58C04233B39B716C3D40C347A32EA59E58C0B8AB00ACF16B3D406E43CA0B949E58C0E2A6BE3B296B3D408D9E71D2929E58C0257724865C6A3D40612990A9BD9E58C0257724865C6A3D40612990A9BD9E58C06D3D5BC8CF693D40745D72A5B29E58C093A0D69DCB683D402573411CC09E58C058C40F4CE5673D406E505574C79E58C0684B6B2CF2663D4080843770BC9E58C0E72BF8E15C663D40B113C132B09E58C0B6F69A2EE1653D405602CBDEB39E58C0C5B5939E47653D40E9BCF28EC29E58C0D4653292F6643D400C3242EFDF9E58C0F70D0E3EE1643D409FF9F407229F58C0830E465E03653D4018731D8B509F58C00B5D804A32653D40F40A5993669F58C0C1AE3F1AFF643D40C47BCFD0729F58C07D404CA207653D4025A76DBE8D9F58C07D404CA207653D4025B4F826C19F58C07D404CA207653D40138DA193FF9F58C0563E63B218653D40AB6171DD2CA058C05B5F77C229653D4086F9ACE542A058C0DF47A77A65653D403D2924F66EA058C01843AB026E653D40D5FDF33F9CA058C04CB2B376A5653D40BDBCF412BCA058C0A99864A218663D40	5	san	\N	\N	\N
65	vector	007	BRIDGEPORT	Sanborn	2007	WGS84	WGS84	Sanborn	Yes	0	0	Polygon	No	4.860000000000000	1.870000000000000	1922	0106000020E610000002000000010300000001000000320000009093DC39484C52C0B93D0E01D0974440E85B4098364C52C0658B2C47E9974440F90D06BD064C52C0227EAB03E8974440EDB46BB3014C52C08F050BAA999744407F3AD341094C52C05B107AC073974440E84113B6EC4B52C0A8040E015D9744404AD6FA2CBB4B52C001F67054089744408A794069C44B52C0F9A50A5CDD96444079C77A44F44B52C041DA44D8F2964440CAA99C96F24B52C04C4921E3DF964440BF50028DED4B52C0B2F0453CBB96444073542247DF4B52C025BD8E0A7C96444033B1DC0AD64B52C02DB14E8A4E964440A811B788BE4B52C0A72502B40296444057A27E459B4B52C0F7079AC8DC95444096B8AD907F4B52C08F04262275954440118CE00B7D4B52C0E18F8444549544403F7D6023B64B52C0F26E1AD12B95444039971E17C64B52C0B306FF2C1F954440C5364499DD4B52C0505953B9F694444028E558F2F54B52C0E9CC84D1E894444022FF16E6054C52C03AC86A7FE2944440D68F4D911C4C52C0E7BA7545CE9444402D72DED1544C52C0803836BECB944440672FE2016E4C52C05731740BBA944440C4F7B44E964C52C02A77690BFD944440E11C425FB54C52C0B01B11A6D9944440BE2BA024F04C52C0F4C91810159544401B675C80F34C52C0299D496B4B954440FECEE560F94C52C038B38A307A954440FECEE560F94C52C057F1E4E28B954440F2754B57F44C52C0E79E42E5E6954440B2D2051BEB4C52C0B6FA50C2079644408AE1F4F1EB4C52C06DF462262B964440A7796B11E64C52C0AF613A513A964440A7796B11E64C52C0FCBE595C82964440E68F9A5CCA4C52C0AE8823AE8896444073A2A9EDBC4C52C0B94A952A9E964440F35B1E75AA4C52C0BB40E7BFA596444015DAD6A0944C52C0288896B8D09644400A813C978F4C52C0E8A60A75CF9644406149A0F57D4C52C0D72E0247A89644409C798D34724C52C02C792CB5B8964440164DC0AF6F4C52C02533510AD79644405CD647F8684C52C0F79CD38904974440507DADEE634C52C08C60C36525974440CA50E069614C52C0DEECD8E452974440BEF745605C4C52C0FA880A8B779744405663EFFA534C52C0C08AF114929744409093DC39484C52C0B93D0E01D0974440010300000001000000280000007F938F6E9A4B52C0438456C3629644401019F7FCA14B52C0E79D764A65964440B4DD3AA19E4B52C098D7CA188196444045D68B3E814B52C094417F18DC964440D7CEDCDB634B52C0A0FBEEBBE89644407F79628C504B52C09C076478E796444056FB3A722C4B52C0288896B8D0964440FFA5C022194B52C0EE0F6BC218974440F9326825044B52C0626B63B26E974440854577B6F64A52C0E2EC4C69B09744401DB12051EE4A52C0D5D605F3CA97444034D63E73D34A52C062642AC0E697444005E5BE5B9A4A52C0E4D41FA4DC974440E3A5957AF74952C0D6C2ED504998444046C793E2EA4952C071AB25EF25984440E3187F89D24952C0DBE99EFB9F9744404BADD5EEDA4952C0AA98513C89974440742BFD08FF4952C018292A207F9744400019AA31F44A52C0E8A60A75CF96444011588647E94A52C02683C2B875964440C5E8BCF2FF4A52C02900A6F85E9644404B158A77024B52C06DF462262B964440EE4CB72ADA4A52C0F151EEABD29544408C9EA2D1C14A52C0C148DE349295444034D63E73D34A52C0DC7458A977954440DC0DDB14E54A52C02D04B9098395444057E10D90E24A52C0BC7A3E43979544406E9342A3EC4A52C0C91094A3A295444011E59C380E4B52C0FA6776789395444051A20F57614B52C0DA0E599B10964440BF1CA8C8594B52C0CA913D78319644400B8C711D434B52C0D4C9088791964440A2F71AB83A4B52C007BE7403A79644406EAD6F85364B52C02C792CB5B896444017E50B27484B52C038B866AACB96444011FFC91A584B52C0AC20CC38A3964440D7CEDCDB634B52C044787A4390964440C58F00C66E4B52C0FCBE595C82964440E89ACFE27D4B52C0FC97068E669644407F938F6E9A4B52C0438456C362964440	65	bri	\N	\N	\N
64	vector	007	HARTFORD	Sanborn	2007	WGS84	WGS84	Sanborn	Yes	0	0	Polygon	No	11.900000000000000	4.600000000000000	2136	0106000020E61000000100000001030000000100000022000000AFFFB6D6A42B52C0CE5A2066A6E24440933EA072822B52C0309183FFC0E2444040994CAD4B2B52C0D5FEBC7FA4E24440AA25E5A1132B52C053BCE632AAE24440307394FAFD2A52C09A2572CCB1E2444071A3B7D9CE2A52C008AB123384E244405344B00E7C2A52C00AC9476680E24440B235EA516F2A52C085B2396693E24440AF97F9EA3E2A52C0DCC14919ACE24440683E8CA3C42952C0CD737C997CE24440C491D57F872952C0ED88C57F45E24440567AE389462952C086B4A1AF83E144401EF8B5C1012952C061FEA1707DE044407D3868380D2952C0817C700426E04440A5E355811C2952C09D27B8DE8FDF4440655123097C2952C054D3877571DF44402321002AAB2952C03235D39702DE444075286388B12952C0246549A6B4DD4440FBC48A14B42952C065D1B6089ADD4440683E8CA3C42952C0E8831A686CDD4440B235EA516F2A52C0C989722AD1DD44401F4DDC47B02A52C0DDDD78320ADE4440CF94F11CC22A52C0DDDD78320ADE4440BB9A1588792B52C08625DC5D86DF44401ADBC7FE842B52C070791718D8DF4440C8D364A07E2B52C02CEEC0831CE04440781B7A75902B52C04E24D7D23CE04440E5947B04A12B52C0FBD6A56B31E0444095DC90D9B22B52C006F75EB93EE04440BF256F89F22B52C06599DC42E0E044407C575B43F12B52C01C25D7B1E2E14440398947FDEF2B52C0D55A883212E2444089413228DE2B52C0F01216B367E24440AFFFB6D6A42B52C0CE5A2066A6E24440	64	har	\N	\N	\N
66	vector	007	SAN JOSE	\N	2007	WGS84	WGS84	Sanborn	Yes	0	0	Polygon	No	14.060000000000000	5.420000000000000	6141	0106000020E6100000010000000103000000010000001A00000086D7D840437C5EC054AA7FC9EFAE4240D8CB6E122C7C5EC025A70577E9AE4240367C84048E7B5EC0B838D54B0EAE42405717C2D0C57A5EC0E0B152A802AD4240BCFBF5058F7A5EC052A8E4B0EFAC4240FEEE0DBC757A5EC08EBDBCD619AD4240F5F63E8A857A5EC0D7E4F2CF67AD4240A747A7B3257B5EC0DF6EEFC579AE42408B8AA977AA7B5EC0BAE491B163AF4240B5DA5293497C5EC02D31026DFBAF4240D4B1DF70F87B5EC00A40E6ED18B042409A0ADA86AC7A5EC0E7F8EBBB8BAF4240B9E166645B7A5EC008942988C3AE4240E49FE2BBD8795EC0ABD098C53FAD4240324F7A9238795EC00D1C8B65D5AD4240829753FECB775EC0D2369B5112AA424077DBD3DD52785EC0B623BF62ECA94240F31F13CBDA785EC0DEF21A728BA9424091556E3745795EC0AC0081D7A6A942402B0368C69D7A5EC033E94B5C74AB42401524AA1ADF7A5EC0E828D4CDF2AB424034FB36F88D7A5EC03E62689A64AC42405B315172F97A5EC04885A625AAAC424069998DF8C77B5EC0F108AF76AFAD4240FED61933427C5EC06D785DBD8CAE424086D7D840437C5EC054AA7FC9EFAE4240	66	sjo	\N	\N	\N
35	vector	007	JERSEY CITY	Sanborn	2002	WGS84	WGS84	Sanborn	Yes	0	0	Polygon	Yes	8.940000000000000	3.450000000000000	5193	0106000020E610000001000000010300000001000000D90000007D879959A28352C02457C3506B5A444006726E27B98352C0340F5E5DA25A4440757B11A3CE8352C0FA7974C7C95A444070269E42D28352C08CA71C94C55A4440F7F974DFD88352C03BDAD703D05A4440A3CA89EDDC8352C0152CBBA7D65A4440AD5735CBDF8352C0766CF454DB5A444099DBC694E68352C0DFD12E94E65A444028C15A48ED8352C0D9DB0C04F15A4440216AC228F48352C0D782E520FC5A4440BE055A45FC8352C0592E0501095B4440C0DE428D0A8452C00175C71F215B4440ED901605108452C07ACDB564295B4440CDD5D90A188452C024F6A889365B4440F1BD46B6228452C06BF20458475B4440724E4F9F258452C0BA2922D14B5B4440E2908D9F2B8452C05282CD5C545B44400886794C308452C0A63C53245B5B4440A557A3873D8452C05CFFACCC6E5B4440AA3A85D2428452C0C44F9AA9765B44406F0F52A4488452C04DBE5D03805B4440E6076BEF4B8452C0C31CF1AE895B44407066DBD54A8452C03328D5DE945B4440B404992C488452C0CB575F86955B444008097414488452C05C4D1547975B44403D801982488452C0C357EEDD9B5B44400F579431498452C0E62AE027A35B444095350B674B8452C0238C9954A55B4440E65414034C8452C0161306B5A85B4440B6F8AC744B8452C0B3D6A441B05B4440C0654AE94A8452C0D1FFF829B45B444064F9CBF5478452C052021D3CBC5B4440C0762F02458452C01AE1C770C45B4440A3F91E38438452C0C0AB7C8DC95B444071BDBB3C428452C048DA14B4CB5B444086B085BB3D8452C0283D8CC6D45B44403180DE403A8452C074E0E3A0DB5B444006454D49338452C031812608EC5B44402256AF94358452C01E68C326EF5B4440CA33C487338452C00B33F051F35B4440D00267912C8452C0C6E65C3D025C44405CB1F2482C8452C003FB7D7F075C4440D667D2D72A8452C0C18656C50E5C4440D37B03A5268452C09F6977B8185C4440E5CC28642F8452C0DAB0CB8D215C4440C349DCA3308452C0A11BA9221F5C4440079BDEE0318452C0BAF3097F205C444054034B0F358452C0EAA8D47C235C4440B7CAD5E5338452C0AD514172265C44402C0048EE358452C0A60B1037285C4440521D944A3C8452C0997548DF2E5C4440C37012FC3D8452C08F8C680D2C5C4440DCB4C904438452C0D7B05AC1315C4440F589204D428452C0411E0C50345C4440150756F33B8452C03B1A47EF455C444008C47190378452C0C837C91E535C44405DBC8F9E318452C03002BA34685C4440294709E82F8452C0B7BEBAD6715C4440D4C606351A8452C0F5172813A55C44404ED0E909198452C0DA6ABB3AAA5C44406727382E168452C0A2BD2DD1B05C444022A7DDB1128452C07ACEE38EB95C4440F4121BAC0E8452C067423352C45C44403253847D098452C010FBEDB0D05C44402D8A79B7068452C0EE6B4C7ED85C44403D0F8D5D008452C06B0DE4FAE95C444023211401FB8352C0C7255FE3F65C444069F01736F78352C0E68B7E82005D4440233865410C8452C0FB336F5F1F5D44402EFC45100C8452C07EE225302D5D4440CF61CE020A8452C046659A5A315D4440AC98CCB9058452C0425F577E3A5D4440B10BD2E2018452C0D4C849F6425D4440532C15C5058452C087BAF61D485D444063C749540B8452C0A7C17BFB4F5D4440896A1D910F8452C0EDE8E468555D4440E66EF9AB168452C0074CF3605F5D444045CD40B21B8452C068F51E2F685D444071A3EA6E248452C0FCADB463745D444016088114278452C059DD2F52785D4440A686CE06258452C0DC0DB7C17C5D4440390FB9841E8452C050BE23E7875D4440048432AA1B8452C02638C4018D5D44405F89814E188452C0F9523A92975D4440BCA77479138452C03DC0F14AA55D44403ADFD6360F8452C08EED3392B45D4440F07BA9B70B8452C0EB959A8CC05D4440C0BD8F470A8452C004C52379C65D4440D447B7F9068452C0BB995BBBCD5D444042C0FC38058452C032764057D55D4440CDC36B4C048452C0916083CCE05D44400DAB021A068452C0DC4581C0F25D44401EF40ADA088452C023EB630F005E44400FBC6844098452C00F78968F085E4440031ADE28088452C09503EAE7155E4440644C7253078452C062FB3AD3205E4440AAD4F22E098452C0AB952130225E4440D048F7FE078452C064A4B3D52C5E444060D874A0068452C0F53638D4385E444051789420048452C01A99B070395E4440941E598BF78352C0D8E90A65385E4440968AE790F28352C0E7F4CD62635E44406EBD4E5FEF8352C090A3DB07635E44408FAD68FFEA8352C00FC92422655E444022AE35F8E48352C08C8358D1645E4440C765A01BE38352C077175DA7625E44402234F500D78352C08E79E24A635E4440DEB10FD7D28352C0298659E1655E4440FF590C46D18352C0275F5E10725E4440C93D9E79C58352C05D180E9E5D5E4440480486E1C28352C04576D21E595E4440125D6182C28352C081433EE65E5E4440B390A14BC28352C0502549F5695E4440BE7C7A16C28352C0708CEB20735E4440686FEE6FBB8352C06BB8F458735E44406D72E663BA8352C0CE97C3366E5E44406C64C5F7B78352C0F53C9BAD695E4440A4059CAAB28352C033F47A1B645E4440F0614404AD8352C004133EA55C5E44408B5FC913AB8352C02A2F2F42595E44409124048CA78352C0876B2B60545E44402DD1EA3DA48352C0A25FD3C45B5E4440EF35E4BCA18352C0F5005839625E4440771B21F29F8352C03E8F14E0675E4440C0E7029E9E8352C06C8AE075675E44405565C507958352C098C874BE5D5E44400521F652918352C05FD57B74585E444002E933168D8352C0DC8066E4525E4440AB73C3388A8352C02C679C3B5B5E444098FD0C9C878352C03338E3785A5E44402273E604708352C0CFA36AD4415E44402B95D794668352C05786ACD9575E444043810CB6528352C0527BCF53435E4440A170803D4F8352C08DD8E9D54B5E444080B1FF674F8352C0396F7E354F5E4440D45C46804E8352C058A16CBB545E44407784C396498352C09CDB85595F5E444026288DFF468352C06D1E2821655E4440244BBD7E488352C02192533E685E4440475BF5F2478352C05F7BAB6B6C5E4440FB63F9BC448352C0B792890F725E4440934448C93C8352C07CF05CC5695E4440A37238AE2D8352C096AA8E32595E4440184EF33D218352C0347898814C5E4440BFC8379B1B8352C06DA067245E5E444018937DBE138352C08C4A61C8765E4440BE8234AA0C8352C0D676A8538D5E444093E7E4D40A8352C01B330F498F5E44407511188D048352C0FA197DEB8A5E44409E8D75B3068352C01FE05D76845E44402E0B45020C8352C0B0A3F275805E4440E40DE15A0B8352C0DADFE2A2735E4440F7B4C1AE078352C06D996ED26C5E44401FFEA0EA018352C06BA9FD61635E444085E3FF41EE8252C0C505D1ED795E4440F097C593EA8252C055A1E2B0785E444014E76100E98252C04AC256AD795E4440A8E1BBB6E28252C0D6132D78775E44409236DB21E18252C0435B9183755E4440E18A4E35D28252C05DF6637E705E44401AE5F783C88252C0E4F3BED36C5E44404153F2D1C68252C0BA48508A6D5E4440F5E2811ABC8252C0F47F57156A5E444048023263B18252C0CD55CF7D665E4440A85DD38AAB8252C0EF11838E645E444049412E48AA8252C0F0FE9892625E4440578BDD92A98252C00CA72E56625E4440E60962BA9C8252C0B74952245E5E4440625C2052998252C0973E73175D5E44402BAAE7DA898252C08C0C41DA575E444055EF93B27B8252C07A82AA8F515E4440FC47E3DC798252C0BC9D1216525E4440CDD1D79C698252C02BF259CD565E444089163318598252C0D13B4A0B5C5E44403E6DD01A498252C050293E4A615E4440FEE1B347378252C0A6CE5F02665E44409058D4F8358252C0F30E5E97665E44402923E4D92C8252C0A0EDCD47635E44405C42E345278252C0130FCA13615E444073FAF6971E8252C0586B394F5E5E4440ABABBB6F138252C0CB64332C5A5E4440C70FE129098252C00D50A1B7565E4440C8F7F745FE8152C02AF7D8DA525E444056491B03F78152C01537AB3B505E4440CFFB6D99EE8152C0461904554D5E4440E5D8BAC2E18152C06963285F485E4440E0D128EED78152C01D176F30455E4440E6F926C0C68152C016A681CA3F5E444057D74AEEC78152C0B61A3DFA375E4440A42C59C6C38152C0257557D7345E44401D7D7CDBC58152C0CEA67995285E4440C468CE33C38152C080A59C36275E444019452AEDB98152C005E3A3C8365E444064C0E5D2B68152C07C48999F365E44400ECC186FAA8152C0830CA92E305E44408061F35FAF8152C015AB7E031E5E4440FC51D12CB78152C06B336A87055E4440D201C472BB8152C0DB86C592005E444058C0A18EC58152C06831D81D005E444046835BFBC48152C0D0C4494CF35D444075CE3986C68152C0E7794C54E95D44401753972AC78152C04504CB43E35D4440733CA84ACB8152C03C00D13CE45D4440E5B23BCAD48152C0309A93114B5D44404492338FB18152C04B27700C455D4440202BB3BBB28152C04E5D5EBD325D444094F546ECD58152C03C39FCCB385D44403163A32AD98152C0D89F267C045D4440786A7AA9E88152C03180C21B185C44409CAD2C47DE8152C0243F7B99155C4440C0CF31C4DF8152C004A174C6035C4440B37508E0E08152C05E32C5C8035C444076EE64E1E98152C009900985055C44409DEED18DFD8152C021627F53D95A44402D39FA2B488352C0077AB4861C5B44406BE459FD698352C02A6AB4A8A85A44407D879959A28352C02457C3506B5A4440	67	nyc	jerseycity_	\N	3
43	vector	007	SAINT PAUL	Sanborn	2002	WGS84	WGS84	Sanborn	Yes	0	0	Polygon	Yes	2.930000000000000	1.130000000000000	491	0106000020E61000000100000001030000000100000057000000F7EB4701544657C0246533234E7846403D762946914657C01FDD72899B784640E802DDAD8A4657C0187BF5F8A5784640C81F454C7F4657C0DA92520BB778464045863F80984657C0811BDE9FF6784640D19F152AA64657C0D86CFCB21979464071147A8FB14657C0A03455AB30794640725A2686A44657C05975CDCE40794640F38CBA6D984657C0F3E7F57D5B79464026D665AD8E4657C0B6C07B9570794640CFC218D47B4657C0FB48C19F887946403484485F6D4657C0F720B25F9A7946403734B3B1774657C01D6AF93BAF7946407673439D874657C00C0BDB1BB77946409C803C728B4657C00E9804E6B7794640CF82A0FDC14657C0BB156703BE7946403C51A2F1C64657C03303777EE3794640825DAA49C74657C07FD07E2D0A7A4640B22F9861C74657C0056FD03D1F7A464001A421BBC74657C001F809D5447A4640C4FCA3B8C74657C04A1E65295F7A4640385BB6F6C74657C01432F5F2797A46406FD53C32C84657C0AC35F78F8D7A464030C3967EC84657C0DC8A91A4987A4640763889CFC84657C08E810B29B27A4640312F52CAC84657C07F801468C57A4640663AC86FC94657C041E13F91DD7A4640F1797687C94657C0B4A9DA75EA7A4640649474A5BB4657C0240833CAEB7A464047A6BF71B04657C0FF48AB85ED7A46403C49E16EB04657C0A96F7BF9EE7A4640E7005F07A74657C027FE6DBCEF7A4640934BE0F9A64657C077A25C48EE7A46401DB2FD49A44657C0E75E6083EE7A464042937826A14657C0F2F90848EF7A4640FD8E80E99E4657C03D5F5A56EF7A4640911FB3089C4657C0C1CD5B79EF7A464036EC353D8F4657C08E0F57D2F07A4640371B1E878B4657C08005BB37F17A46406CD0C232854657C02042B235F17A464035526D7D684657C0A5AA9B65F17A46408C941A90584657C0B47DF93FEA7A464022965738544657C06D7B20A3E97A4640CEBF683B544657C093641318E87A4640E0414FA14B4657C0FEEDF253E47A46403AED16F7494657C02BB53CAAE47A4640E18982B3484657C09C0C0C00EB7A464056C737EF444657C02E1E404EEA7A46401EA6716A454657C06D729BF4E57A4640EBABD134344657C0C1BFC3B9EB7A4640157B65D3164657C069256056F87A4640C1E2D6CE094657C0172E4FD8057B464081AB5AA6F44557C0CF5F9B11FD7A4640BA9D6352E94557C0B09A3D86FE7A46409DEC562AE74557C0FA255595E97A4640B9111B9CE54557C08E47E1F0DB7A46407FCE6682DB4557C0FD0316C8DB7A46405DAECD57D94557C0E0CDEBD6DA7A46401415715BD94557C08DCD2706D97A464047A4DD8AD04557C0D75A1DFAD77A46400D933089D14557C0EDA49F709A7A4640F694FB79D44557C0CC75C27C597A46400C004CA9D14557C03016841F397A4640F2B30FE2C34557C088E6B7EE247A4640340F61B6A04557C0D06C29B7F57946401444261A9D4557C0A576B54FE97946403CC876D68B4557C0425E9B9AD97946409BB1A494724557C0F202954DD27946407AE31FCD484557C070D17242DF7946407D64BEA13E4557C0B04AA3D5D77946408CFCB91A3A4557C0C0FA1D29BE794640962315AE2E4557C0AD1C877D937946406B6A9E2A1C4557C0B1C59E5B60794640C8519CC6144557C0D6D5B12C4D794640C87F38470F4557C03541B61B3D7946401F79EF1B214557C0446CF4812D794640096B3658614557C082D03956F5784640AA352D26684557C08176CFA1F17846401806C95B784557C0FCF57400E578464027F27A27954557C06056FF93D07846404CADAE509B4557C05B875268CD78464035F5984DDE4557C0DD7AE254AC78464013233915E44557C002667A28A97846401541740F114657C09EA05BD18A7846403B274638184657C006BC20179B7846408C2236FC374657C0668E3D6072784640F7EB4701544657C0246533234E784640	68	min	stpaul_	\N	3
54	vector	007	LOS ANGELES	Sanborn	2002	WGS84	WGS84	Sanborn	Yes	0	0	Polygon	Yes	27.059999999999999	10.449999999999999	27278	0106000020E610000004000000010300000001000000730000007E6E1117A9905DC040E70AC4E5044140CB743ECCB3905DC04C0839F2EF044140986CE00DBE905DC060C1A766FC044140CF1060DDD9905DC0B24734A420054140858812F7E4905DC07294A30C03054140676B8B5ADE905DC089C0E8FCF9044140662FF7FAE1905DC0AE0AA8A3F1044140F48A67E7E7905DC0668C7A4BF7044140550A5B3AEC905DC0A5FC8569F804414077F9103C15915DC0EC0AC1591D054140CDE9363FFF905DC0E18DCD104F0541405516D84011915DC0F7E76793640541405CC1F12611915DC02C3E952F680541403CD33A87E6905DC03C9DB069C4054140F617F227FC905DC0078380C9CD054140596E03C402915DC0517A5455D5054140461568ADF7905DC0F94634E1FA054140D29C4653FB905DC090D7A0C9FF054140EB10C35DFD905DC0C172BB9CFB054140EA6ACF7701915DC0A267B6C2FF054140B7608F7DFC905DC0C64CA43411064140F17A900E01915DC07C5684691B064140528788D60A915DC07059983B1A064140E0F20D4E10915DC04EAB04601E06414083628CC410915DC03A84054C2306414046BA7DC606915DC03FA536B42E06414021D433D7F2905DC0A79A675565064140F1B1D131E8905DC06B9A774D830641409A03A4CEF7905DC0410B1A50900641404188286F08915DC007A5489A9B06414049017AAE03915DC02F6B1D88AB0641408F51B22C01915DC01BD131E4A806414085EB51C7FD905DC039E2FF82B30641403F74601B02915DC09B28CCE6B60641403960EFEFFE905DC02FDA6BC3C00641408093037F03915DC023B3C60BC60641405CE3EFF7FE905DC03F5D7E75D4064140AD36C02814915DC06A8DB8AEE7064140E52739BA02915DC04862170F1F07414050AD7B110C915DC0CEA1D39726074140137208EC08915DC0068B033A3F0741408F115CEF0D915DC047CEEABF430741403A5FFBFD0A915DC02CD7543B4D07414088846EEA06915DC09A74C45E590741401134A7E004915DC0F2DA7B705F074140BE54D01003915DC0045004C0640741404D45593B09915DC05350E9177007414000F6FED605915DC00501775D7D074140F1103F6F02915DC07B96D44D820741406D69A55BFB905DC004EF2DF17307414016B87834F3905DC057B803388C074140C6FE40FAE1905DC0587F51F5B507414018B0976DD1905DC02D750B0BDD074140AB81600CC6905DC0A5C8D993DB0741407BDC7C8EC3905DC0CA70EDC8E2074140A146E5AFBF905DC0538B4B0BE2074140CD084776AD905DC082E1C77CD4074140261C51F7AA905DC0D7D0190BD907414030CAB5B9A5905DC0FCDC5185D4074140FC8662F09E905DC02BF9524EEE0741402666E5A899905DC0646EBD40EE0741405A96E26E68905DC0182B52D8BC07414056D6FEC136905DC0D9F2B2718B074140E593529413905DC070BE88D0C70741404B9CC1E40D905DC0172067BBC9074140D4C70A67FC8F5DC090E808E1DD07414074AC52AAF48F5DC0AB9F4188DD074140F6F3CD4DE58F5DC0AB2F34C2DA0741409DFDF839C48F5DC09BA75075A20741402503C37EA78F5DC0DC8738E97807414088288831938F5DC0A626922556074140455E9D07848F5DC0BA16F8283E07414046D50203938F5DC06685DFDB25074140F29B4D97828F5DC0D58B54690B074140784F6F5D988F5DC0B1CA73FADB064140FCAD6B07A38F5DC0718F9E75C4064140974902F9818F5DC029F60E85970641406C6A019AA78F5DC08EC267EB3706414054E18EC9988F5DC05080742D260641405C4A4554818F5DC02AD37E34120641405528F8418B8F5DC0B229B8BAD90541406393903B818F5DC09FF3038BCF054140E413A14A858F5DC04F904087B605414001F501AE7E8F5DC0E780FEB4AC054140415232E4838F5DC01EF6064B9E05414024F7B004778F5DC08B4F26638F0541400497982D958F5DC0DF2497394C0541400AC4C07D948F5DC0B06F973249054140F4C49963B08F5DC0258E34E40F05414075AE9E0ECB8F5DC0EF3CFF0133054140F255C0E7E98F5DC010A378E6F5044140E41E8338EE8F5DC05B4E5B56F1044140FAA5F5B3F38F5DC0ED271B7700054140384DD8070D905DC0B0D58E7830054140A28B4D0928905DC0C3B9F0CC040541404707F8472D905DC0CC00851C0D0541406633B58A34905DC0C44AEF940005414091A361C939905DC061387FE408054140B597741548905DC0D41E4A1BF20441400AC8C0194D905DC09DA51B0AFA044140E46C108D52905DC06717CDF4F30441408A5BFD5F54905DC0CC9E9299F60441402CA8F7805A905DC0BBA9C6DCED0441409478285E66905DC007A5B68904054140DF53329A6B905DC01F49E00706054140C39636D970905DC0E6144A190F05414004E9A20774905DC08C9E0AD00C054140879DCD9778905DC093AC398115054140A6FB83177B905DC0095FB73813054140B146664684905DC07C062C2AFE044140E8A7853C87905DC05EB6ACCD000541408BE43139A1905DC01239CF28230541403120263CAD905DC0B94D5DF105054140EFD50D9CA1905DC0D4C4A6D7F60441407E6E1117A9905DC040E70AC4E50441400103000000010000006E00000050B3A46C679D5DC0783EDAA677054140C1418CC76F9D5DC035D04B568A054140C035BF3B7D9D5DC0ED1246F5A9054140644F7AEE899D5DC0DDB7DFB59A054140ACE58C22949D5DC08AC58D528E054140829E43BB9B9D5DC060E3FF5C85054140BE26DF049E9D5DC0241D15E489054140CC70D330AD9D5DC01AD0A579AD054140621DA54BCE9D5DC0B5A4A6A3850541404560D8CBD39D5DC0A69199717F0541406A48A7DBE99D5DC09EC4C618A6054140CC268069049E5DC03BE55F9E7A054140F681F4E5059E5DC0192A2B427D05414098262A42079E5DC07A9D1F8B7B0541400F3D64250B9E5DC08B57B5B5820541405FDD4F0A0B9E5DC0F5A7268D85054140A0924596129E5DC0CCE7CC8193054140271E77212C9E5DC069728CD3BD054140B4444759399E5DC0B7E7D5DDC5054140736072B63A9E5DC019CD237AC5054140567849093F9E5DC0324B71D2C50541402759FF9C449E5DC020DF27EAC605414036A5188E469E5DC06F5C7EBDC9054140BCBD9615459E5DC0DFF6AC97CC054140221CF69D489E5DC05E0C60D6CE05414092F17B03469E5DC0625D2B67D3054140C244004E269E5DC08FC272150506414019A0C416379E5DC0BB614C1C1B0641408ECF2B2A359E5DC08819D4881E064140C83E6CC5369E5DC04E38267223064140C70E3BDD2F9E5DC0A6EAE5DC2E064140313D19C42A9E5DC0C304E5493606414095CB137B289E5DC0A8D74CB53206414017F86CE0259E5DC07E80971537064140ABB34FD3279E5DC0170C335F3C064140DAEF88E1309E5DC0DBC84BBB540641406C1B96AD379E5DC0D0FD23A44A064140DF49B7A63A9E5DC0838E2B1C50064140CFC085DB339E5DC0181242955A06414001BC0456399E5DC0D490AFFA600641405193C3473C9E5DC0C937BC385C064140F370D14E3D9E5DC0064D0D8A5D06414040DC5C9E409E5DC0878F06AE61064140FDADFC8B469E5DC05C34B62D66064140054C307D3D9E5DC05009716675064140401D314C3E9E5DC0994AE9BF790641405E51E993359E5DC0D2650DD587064140870809DE099E5DC0B12919D1CE0641400D3E31791B9E5DC05EC09D8CED064140650A52F6179E5DC0CEB99911F3064140371453821B9E5DC025ADD93CFA064140C8F398E2179E5DC0310D062300074140CE11A5E2139E5DC018059ABAF9064140BC39BC860C9E5DC01F09907906074140486B24BA0F9E5DC0DC342CF10B07414098E1779F0F9E5DC075270F5A0F0741400D03842F0A9E5DC0F13719BA1707414084F281320A9E5DC086D5AEE41B074140E391A43F019E5DC084ACADC92907414060EF6C4EF89D5DC0319E77333907414054EB6061F19D5DC0DD64BF2D3E0741409353BDA2EE9D5DC0421C2C16390741408AA8F13CEB9D5DC010F9E39A3E074140836AF39BE09D5DC0722095432D07414072265701E49D5DC0E72A6E2D27074140F53CA825DD9D5DC0D28D97AD1B074140AB3C55C7DB9D5DC058CD220416074140A12F4D8EBA9D5DC06BE57F0A4C074140B24AC9A2AB9D5DC0C976DA62280741400F68E456A09D5DC076C4632B0E074140961A75AF8C9D5DC038B0B609E00641400EDEA321509D5DC0387C7F1DCC064140546C96EC359D5DC0B9BDF16FF306414089A93AD2239D5DC0C4DF2EA70D07414061030B490D9D5DC0A23D0A080B074140CCAFC650039D5DC0419841B20E0741405A0AD781FC9C5DC031B849501107414049664392F89C5DC0957C7D0916074140237D9168EF9C5DC0D4C19B17220741403823B523E49C5DC04AA7005B07074140ABFCAC4EDD9C5DC0744BD91BF706414098C4FE9DD39C5DC0C7EB440AE0064140E5E0F9E5B39C5DC005F027935406414049D2EB1DBE9C5DC08C607A0A490641405B8DAD52C29C5DC0820BD25044064140E20B6DA4CE9C5DC0EE2C13A33506414097A4AA86D19C5DC0BFB701F831064140310B5C4FDD9C5DC06BC02B632506414023596584E49C5DC09028BD551C0641408B7508F3E59C5DC07F95F2B317064140B65A627EF09C5DC0A156F6BE0A06414038F371A9FB9C5DC0465795BEFC0541404DA2E3BAEE9C5DC079D01C0EE0054140D252526BEA9C5DC083337671E4054140768E924CE69C5DC0E4B3BA31DB054140CE7A432EEB9C5DC0F337388FD705414035AAB11EE99C5DC05FF7A1A6D205414018EA8480EB9C5DC09146CD2BD005414061BA967DE79C5DC065A50A07C50541409A970DA3EE9C5DC0E13A8C96BD0541402F18BA85F09C5DC0D8976852C0054140FF1352BDF59C5DC0BD5BF099BA05414017934355F79C5DC0A966D8F7BA054140AF8B157FFF9C5DC094D8190FB1054140F64CCCC3049D5DC0E11FB946BE054140BDF181DA209D5DC00E6FA2EBA505414056F1B049309D5DC0C2588DBC980541405E1C613F3A9D5DC0D51A94F4AF05414000097539449D5DC0AE1764C2A305414050B3A46C679D5DC0783EDAA677054140010300000001000000E20000008090EC9222945DC07CFB2BF953064140C84DF8FB32945DC0C77CC26A63064140AA3EE56E52945DC070E4EF857E0641400FA91F4D6D945DC0C1BE9E5D8906414060783A0E7A945DC02BFDD7D98D06414040FAD755AF945DC0C0183566A2064140CFBAF334B3945DC0CD16B845A4064140CE594234AC945DC02DBFD071BE0641406EA67482F2945DC0F74EE073F7064140A2C71CDF01955DC0F85EE34FBF06414017E2B7D011955DC09F87D5EFC70641409854185416955DC037BC57F9B40641408109AEBB19955DC0D2C3FBC9B00641407BBD5A172D955DC0AA5EF826BA064140A1E1209B32955DC03BDCAFE09A06414065C08B8A54955DC030BC371DAC06414064A058FD59955DC0831A1806A60641400A4894C963955DC05103892AAD064140EB3E879D6A955DC0B0D0BE43AE06414095CFDA7E73955DC08079CF9FB1064140881A0BA579955DC0B310C79EB406414073F10A8482955DC0CF66416FB3064140187488138C955DC0453967A7B50641405FB86CC99B955DC0AE21673FBB064140602F172BA7955DC0BC1DD7D5BD0641403F7A98D2AF955DC015C004F4C106414060A534BCB5955DC07915AA67C0064140A516969CBE955DC00D49BEDEC10641400654512DCD955DC051B98DAEC30641401B5A3DCBDD955DC0AA32501CC5064140EACA2B44ED955DC0A557D566C50641401353A48CF4955DC04289237FC6064140DFE7DEA9FD955DC08CD141E2CC064140757428FA01965DC023916750C8064140E25E8ECF0D965DC0E5830662C9064140A9708EA419965DC07A49AFB1C9064140FF70AE062A965DC0AC79975BCA064140DD0A79C536965DC07418AD2DCC064140830495FA48965DC0B41B96B9CE064140DAA369D159965DC0EAE394C3CF064140C6FCF44969965DC02E05AE4BCF064140703442176B965DC016DAD592C60641409F0325D96F965DC0B7F5B4B2BC064140007E4EB973965DC0F330BD32BE064140C9BF2559A3965DC000DA5B02E00641403AF908FDB3965DC05175381D83064140F766F534B9965DC01FD004447C0641407C356E7EC0965DC067CBC0407F06414058354DA3C1965DC0064FBD4682064140CBF14461C9965DC06A61C54285064140350334E5D0965DC09FF517A0880641400C473AB9D2965DC017EEF7668C064140EE1F9746E0965DC0341E5D3292064140D88B0999E4965DC07EF2D8CA910641403F7A4AA8EB965DC0366ED8C794064140F09F4C68F8965DC0072C11DF980641401AF389AD0C975DC099953A99A2064140B8198FE51E975DC0CAAA9B71AA064140C27D8DCC31975DC0F7B8D0A9B2064140B1B4BAEA3F975DC0235497E1B7064140108DB16442975DC0C16FEEBEAB0641409B42993D46975DC0DA67E740A20641406A9F40F74A975DC08415EDFB89064140F9AA78F54F975DC0197DC2458406414007C38FFA59975DC029FEDF6088064140FA80073A5C975DC00D9796DD7B0641406FDA62F55E975DC0B88D499B7C064140CBA1927966975DC03E16485980064140150CCECD65975DC078F6D0A785064140283C4D216A975DC045B5F624870641405170AE0169975DC0D2B417978D064140D3359AF378975DC0FC21A8F093064140E2CE75C07A975DC0092AB9D68A06414077E596647E975DC0F09705328B064140AB32A6E985975DC07331CE739006414027FF409686975DC0EC981DA98C06414029721FA58D975DC0B276E4E38E064140F261548B8E975DC08558F5F589064140B076193092975DC0884820748B064140DB8DD04B91975DC03478B9CA93064140B912B0F399975DC05881C44898064140C7616B449E975DC0ACC057D99406414061D65DC1AD975DC043525B549C06414038635CD0AF975DC08D6EA83DA1064140DB546668B6975DC01D567C4E9F06414026C59284BF975DC0C968C46AA3064140C27113C1C4975DC0679F61E6A406414079F8DCBBD1975DC0AEF073BEA906414014846D64D0975DC0B33D8F5BB406414018D450ABD2975DC07309E519B50641409710BBEBD4975DC0EBBB597BAA064140F4894417E5975DC0383B1A94B10641400BC6A519E5975DC05BE6B0BEB50641406AAA8C93EF975DC03D23A939BA0641400041DBEEF0975DC0C0AFDE6DB6064140294A3159F4975DC0B4E3578BB7064140DA24977EF5975DC09FEE2953BB0641408BD2CAF5FA975DC061BE4490BD06414045C43CBFFA975DC06979FE00C4064140E34E1ACCFC975DC0A5DDA020C5064140B059DEBBFF975DC005BEDCA3BB064140B189B00A11985DC03A1E9FBAC206414072B0921011985DC0BB879CF4CC064140C61BD9EF14985DC0917941D3CE0641403ED3AE8116985DC0E488B996C4064140FB555B3F1E985DC0D6F225D0C60641409C709F6624985DC0B816E151CB064140746F673124985DC0DBF16108D40641400EF64D7826985DC0461AABC6D4064140AA21236328985DC05E2E005CCA064140B271A43037985DC017B7B453D006414079968C1336985DC0C3A67BF0DA064140A9252ACF38985DC0B69DFD0EDC064140B81B5AED39985DC0B0940657D306414026BD4EA83C985DC0E595A452D30641405E1F359747985DC0288C918ED806414057D3913D4B985DC004C54CB3DC0641409FD9DF334E985DC0BDF55993DE0641402EDC30EC50985DC08D426703DA064140F3F27EE253985DC0B75573E3DB064140C9062A2B56985DC0F2A768A9DF064140B07E28685B985DC0FB74BEE6E10641406FAC9BBD5A985DC03D5D221AE9064140B6F705905C985DC0014E1FD9E9064140C5F8D92B5C985DC0036416E105074140E4C2528C62985DC0A01F8A7D08074140CA12385E62985DC0D35AD9521D07414039CFB96562985DC052AE93332A0741408A9767E062985DC00E4ECBCD3407414040D0C30261985DC0B19B85CB510741404E4CEB0C61985DC04E15CD376307414010BFBF1561985DC07D0A4E5E72074140869E485761985DC0BFF9B3DD7E074140E8D6057460985DC06B4933B88807414063565D0660985DC01195C676940741403D22394960985DC02E21F33BA30741401BD4F25060985DC0CB0BA47DB007414086E01E4261985DC07E92C97FBE074140FA34315E60985DC083A76537C70741405329257B5F985DC0B266DB72D1074140DBAC23F95F985DC09BB383BBE1074140D7F2703C60985DC005369D42F107414003BF8C7B60985DC0F4956C97F9074140EDCF8ECE5F985DC0DC2E3AA0FC07414057AB439A5F985DC026D295DA0608414046FEEADA5F985DC0F53A22D611084140F4A586E35F985DC05300AD9B2008414073206F5E60985DC0DF5FDB962B08414086B2B1D660985DC090927C06320841404D14406960985DC06F7D06263E084140CD468D5961985DC04C7652A44A084140606687D461985DC0BF3C9FBC53084140811C855462985DC0018BF16D67084140FE1CA3D864985DC08DDA56186D084140C3B8DD0366985DC040C227B97A084140DC76C11063985DC0E4AA8F877E084140B840627D61985DC052F2621D86084140FF112B9563985DC09FAF22CC990841404BB7D03D62985DC0936D4B69A40841402E9E634C62985DC06322D468BD084140E15D4D2364985DC0FFE610BBC5084140E3265A1B65985DC0CD0D0E7BDF084140C201416662985DC0809C2AC8DE08414048A316DA4F985DC0E13CAC93DD084140634021BE41985DC086D65DAADD084140B2EC59C22A985DC0BC113030DE08414066BE7D0219985DC0EF9C85ADDE084140CF75FC8809985DC0F48530C6DE08414043B7E75A06985DC062C6FF71E1084140F4CC411103985DC091F848D3E50841405D881364FD975DC085D7C48AEB08414051E31278F7975DC036C2634EE9084140B49A0465E6975DC00A5EBE61E6084140FDCCB24EA6975DC05A4C5FB6D90841405F6DA31473975DC0859C510ACF08414039299A9025975DC0AAC3CAEDC0084140C363A5D725975DC04C1C2B08D808414001795375FD965DC07933097FDB08414094A2A29BFD965DC04C562D302109414068EB68D2CA965DC0DF7CD510100941402916A140BC965DC0983B04E10D094140C59956F3A1965DC0DEC2E2C10409414057E51B895E965DC0357BCE64EB08414033AC5EC427965DC0A106E434D80841409E1CB3B5D9955DC01EC8B7E4D7084140C8E590B2A9955DC099FAD72BD80841409682076A5B955DC099525F9BD808414037EF93F639955DC07437798CD9084140AF4147B5FF945DC0809CFBBCD80841404A331C2DA2945DC00093027CD8084140A5E5994A48945DC0C43DBEF7D80841407639936CC9935DC04E1B9470D90841404569417124935DC0703C2DA8DA08414064D5AD29FC925DC07B2709DBDA0841407E3C6652FC925DC0BB4B8838B4084140D8678A03FD925DC005B3711E39084140FEE6761EFD925DC072ED1A8AF1074140F3F4CB0BE7925DC0E573D744F1074140BC69E502E7925DC0877CC592DD07414013F35EC2E6925DC0CC49C4C74E07414065774186E6925DC0C7523AE708074140A26F83BAE6925DC019323EA5FB06414068077010F5925DC0B0A43155FC064140A5D1A112FF925DC015D7C1C4FA064140330625F8FE925DC0168B7A70C0064140B61E205321935DC0E10721E4BF064140528A1A8F21935DC0E51378ADC3064140C82D718C42935DC0CC5097C1C2064140DC54DB7343935DC0F8A8C357BF0641403BA979484F935DC03A64AFE7BE06414012CCCF5965935DC04F8680A8BD0641400850E8EC7D935DC0EE2CBDABBE064140DF03334E89935DC05CCB003EBE064140AB30CC0B96935DC0508287CCBD064140FCC3C58296935DC065166B19C3064140F9C637B299935DC0AA9B4815C3064140CBFDC1249A935DC0520D1AEABE0641409C9444B3A3935DC032C7A43EBF0641409ECCC035A6935DC0FBC90305C3064140AA140C5DB6935DC02291FD8EC20641407D1242A2B8935DC0E16B47E5BF064140F42588D7CF935DC01445DA27C0064140EFDAE70BE7935DC0F90C7985BE064140B48086F709945DC0A17716BFBA064140A064E41A09945DC0968E68EC5A0641408090EC9222945DC07CFB2BF953064140010300000001000000D0000000ABD37032FA9A5DC035EC935B880541405823983BFD9A5DC0303F1F6390054140AA832991029B5DC0BB70879D8B0541408D971AA9099B5DC015B048DA9B054140EB6CEA340E9B5DC017FF474E9A054140003A4809109B5DC07860A4149E054140010A53C8129B5DC008441B80A40541407416B852169B5DC0B7223728AA05414077865B3F179B5DC0B48504D5AF054140DE06BABC1C9B5DC0021B0C89BB054140783030B01E9B5DC00A58E556C2054140DEBEA6AE239B5DC07923D5F2BD054140699D71B62A9B5DC0A9CB0230B50541401DA2C05A349B5DC00D6EA683AA054140DDF1C9DC379B5DC03E11024BA305414029EE3BA13C9B5DC0A40149489F054140152BD65D3F9B5DC0602718EAA1054140CCCF4C74439B5DC0A06B7B0B9F054140EBC4CE334C9B5DC061C410D19A05414029C032A3509B5DC03615A37699054140A75C3B41589B5DC0EDEAFCE4970541405139D22C5E9B5DC0626F8FEF9905414010C25A9E639B5DC03FE74B75930541401D0551C3689B5DC041B381759D054140D7CC84076E9B5DC01EE5AEADAA0541401B88E2F9779B5DC00B53BA4DBE054140A6DA08A67D9B5DC0F7ED7464B80541408B5011977F9B5DC0940AA268BB0541408B29DD98829B5DC050CA3313B8054140EA308F38819B5DC0147F9FBAB3054140E553CC91879B5DC0B1A4D659AB054140AACAA3F08D9B5DC0352EB27EAB054140DB9424C6909B5DC09252E1AFA7054140A5191EB68E9B5DC02FE9B3D4A1054140F08729879B9B5DC04219A558930541402B0CEDED9D9B5DC03505C94098054140A243A0ACA19B5DC0DA1341D194054140B3C364F0A69B5DC0CFB06D47A1054140B401870AAC9B5DC0FA13B0CD9A054140F92B6520AF9B5DC022760246A005414013622AD9B49B5DC0DE4C417DAD0541403F40771BB19B5DC0E06EA770B2054140DDC4566DB49B5DC035634A8FBA0541401831C865B89B5DC01F2E655DB6054140ED234F07BB9B5DC01D3D0607BC054140F6BACC88B89B5DC03810CD43BF054140EBB24556B99B5DC08DFC97B8C105414027313E3BB99B5DC0B8C38AFFC3054140C3E18871B89B5DC0ED2D2F39C7054140D8D4F7A0AB9B5DC009564377D6054140C269F067B39B5DC0CB9A74B2E6054140402EE3E6B89B5DC0FE6B8E7BF4054140AEFFEC0EBB9B5DC0E446C692F2054140597AC26EBC9B5DC0D99B6829F6054140196093D8BA9B5DC031D31B72F8054140276E94F7BE9B5DC0FBCB15740206414048063305BC9B5DC0AB3A1BA4060641405C2D2EB5BC9B5DC0C4F5A987080641405DF8EB2EB39B5DC001588687140641409B11C81AB89B5DC04A8CE50B2006414031B81E71C79B5DC08186D15A4306414040F4AFE2C19B5DC0921565364A06414031B6A824C39B5DC0204E59AA4C06414040A5606CC09B5DC0A55279A9500641409716A9E2C49B5DC05CF5557A5A064140B6B09D6BBE9B5DC0575E06E961064140D9FEABF7C19B5DC06840C0D669064140C0F75952C89B5DC04000278B63064140A94C868DCC9B5DC068520E096C064140F7DC376EC69B5DC01BD1920874064140651F9F22BD9B5DC04E28F7C980064140F7EE36BAB39B5DC0B3068C2B8D064140782138A4A99B5DC074AD20349C064140D90B41B79C9B5DC0375337F6AC06414003E4F16D999B5DC09D9EC2E8B10641404B7FC0D99C9B5DC0D9F0B21AB5064140917771EF9F9B5DC0E7361232BA064140F96485CFAA9B5DC01AB52971D4064140F501EB54C09B5DC0F2C7D30B070741405BB2E7D5C99B5DC04EF49AA61E074140D5B86C79C89B5DC018B5F72C2007414081A9AD1BCB9B5DC04D15FEC8260741408D6F3879C79B5DC0EEBD7715290741404B7C6928B49B5DC01B9811B1320741406098C273A89B5DC035E19582370741400E32D3ED9F9B5DC067055A2B3B074140A8DAB18DA19B5DC0CDDFB677470741400E9475499F9B5DC0FD378AE44A07414086A41435A09B5DC021C5FADC4E074140B6D18F62A39B5DC0D21B73CF4B0741409CBEED39A79B5DC00AB5241C560741402A9832D3A39B5DC08A52F1AD5A074140A72F3F1DAF9B5DC0D29C22C39007414090B97E62B19B5DC0055D26DA8E074140F6C7C62BB59B5DC0C7EB89229B0741404F914756B29B5DC09FFBDC219F074140E59CCCD5B39B5DC0008DEA81A60741402C598DC9B69B5DC0526BB636A40741401DFD7D45BB9B5DC09172C25CB60741407236BC34B89B5DC06320A8D8B80741407DF3215CB99B5DC0F7787216BF074140F48E4450BC9B5DC020D1AE5CBD0741407458D011BF9B5DC03010B030C70741407FFF6D01BC9B5DC05614083ECA0741406E3AA2B0BF9B5DC0A4132B12DB07414049A68ACCC29B5DC06FC7A67FE8074140A6C35A1AC59B5DC081516077F307414072BD9644C29B5DC0F706C015F7074140D040990CC29B5DC0FD84D47EFA0741409B32BDD1C09B5DC0EBD44DD602084140707F7974BF9B5DC087ACC639030841407BB45C19BD9B5DC0E081E31E1008414081123781BB9B5DC08C145F900F084140221AD874B69B5DC0C37B07402B08414046881EF0B79B5DC0014DB82F2C0841409F8A5C05B59B5DC0A653921D3C08414039E25A02B49B5DC0EC207BDB40084140A6006329B39B5DC00CD719AA420841401FCE1184AF9B5DC0959DF7CB40084140605C0792AD9B5DC0C42772743C084140FD51CB4DA79B5DC0B16040173908414005AB371C9B9B5DC0557C489A310841405292D44C939B5DC0C930926041084140E71E5DA88E9B5DC0127E391F4A084140D2A0DA8F869B5DC0FEC5520C59084140D8FC1589859B5DC09EB9C81B580841403EF523B5829B5DC0C36754915E08414017EB0C587D9B5DC009B1305B58084140B56D14B9799B5DC09C428C25600841400029A9AF729B5DC0340BB40367084140416B138B4C9B5DC003AD326E8808414026AA9A37489B5DC0F2749B8387084140F5990B87399B5DC0C16012E2820841402C72F7C33A9B5DC09FA71D44AA0841409CF138CE399B5DC050EDF940AE084140158430E1399B5DC01A95AA13B108414099AD2EBF389B5DC072DB2DEEB0084140585C8462379B5DC07DF2CA43B2084140564E3990279B5DC04AF47E1AB008414045EAB132189B5DC072B04751AE084140B88286D1F09A5DC03089384BA90841400B98C2E0A39A5DC0C8AAB8399F084140CED8FAC5709A5DC0290B34C298084140B677E7B7439A5DC0198DD011990841402B0AF814419A5DC087422722910841404FA6861F3E9A5DC045B8D0F690084140E26B9F553E9A5DC08F5C93558A08414043A127663E9A5DC06D425D427608414091A7B3613E9A5DC010348B7C57084140F8FADA1D3E9A5DC0AC73BF59EB07414034B10CEA3A9A5DC00A8BF58DE4074140DCE0A192369A5DC05621B332DD07414007F771C62D9A5DC0E2E4F529CD074140A3F9A9072A9A5DC0562518FAD00741405293FD4A229A5DC08E7C03D7D007414015544AF2229A5DC09B5483E7C4074140D3DC57CB229A5DC0AD25C42FB507414069DA5CA3259A5DC0E0155CFAB407414002066944259A5DC0B0A126DCA807414003C02EFF279A5DC03B5E7576A80741409D3330A3279A5DC0B2F84714A1074140A2924C4A229A5DC00FA88A1DA107414010501DEB219A5DC056BE5E9E94074140CB3FA0A7299A5DC01065F890940741402A21AABB2C9A5DC057086232970741403A8D0F61359A5DC0B175E6F2960741405E4267DF3C9A5DC0DBD3F9A59007414047EC3E633F9A5DC07022238E9507414091CC1382499A5DC090AA3967930741402E63F6094E9A5DC0D9D89A3A8B074140D81E1250489A5DC0743988ED7B074140D11A394D529A5DC0170F829472074140935373644D9A5DC0E9933A9B6B07414082E2BBE0449A5DC031BCDA0C730741403233BC413F9A5DC06A476D26600741408D861F45409A5DC0E9F493C95B074140F6290661339A5DC08EA9E5894C074140255DCB96499A5DC0D748B26728074140AA1FA9D83E9A5DC0FC2EC6971407414099306CE13B9A5DC0E611BC641107414097A050A5379A5DC0845B9401070741403DEFDE872B9A5DC0EB58462CF006414008CA49973B9A5DC092858B9EC90641402CD5C081389A5DC06FAA7295C306414007D221A7349A5DC00DFF994AC90641408CB380432E9A5DC0861A68C2C106414060DCD179339A5DC06FF3AB33B90641400E47197A2B9A5DC0364A6EACAA0641401E472413289A5DC015116A0DAF06414078A90FE7219A5DC0558CBC29A3064140E2C36B30259A5DC078D407079E0641400B0A648F1E9A5DC014F23562910641403034BE793D9A5DC023EB9F6C6E064140A70798FC639A5DC0D7F67C2F410641402B670B1A8A9A5DC0EADEC1BE1506414032B1B9B0CF9A5DC0A01E1E10C50541403E13A2BFCE9A5DC0337A7E61B805414097A48D29D89A5DC08F11CE54AD05414029211E4DD99A5DC0BCAC39E4AD054140E3BCFE7ADC9A5DC0950258A7AA054140BF3305BFE39A5DC0680BF2EBA405414066E2D213E49A5DC073893BF1A0054140DE8F3646E89A5DC07DC6B32D9C0541405779A546EC9A5DC01D3E4B4BA4054140211C5FF2F19A5DC07FA14DA09D054140E03661F8EE9A5DC0B098551296054140E99D5290F69A5DC0E68DD1088B054140ABD37032FA9A5DC035EC935B88054140	54	los	\N	\N	3
1	vector	007	PROVIDENCE	Sanborn	2007	WGS84	WGS84	Sanborn	Yes	0	0	Polygon	No	10.289999999999999	3.970000000000000	7349	0106000020E61000000100000001030000000100000056000000FB37C610DADA51C0EC36EF013FE74440FB73E061E9DA51C04EC65DFF48E744403AEE5B15F0DA51C09DB104CD7DE74440BB71995001DB51C033ED001701E844403BD749E30ADB51C02F718764F1E744403A1364341ADB51C01FE4E489EEE74440F9F28F7A2ADB51C01FE4E489EEE7444039FC510235DB51C04AB6FBF9E5E744407823A13247DB51C0AEF5A98CE4E74440373FE7C966DB51C03C4685B7CDE74440768B3E19A3DB51C028529327C5E74440F5F76922CFDB51C01A149F97BCE7444073BE3C2512DC51C0A7E96B8FDAE74440713DEC3D53DC51C0571A0FCFFCE74440308ED1AF5FDC51C0E4DE611115E84440F01AD1727BDC51C089EBDB0833E8444030954C2682DC51C06CD9866D52E8444030954C2682DC51C0FE220D148AE844406F62F45C7DDC51C070A739BDB7E8444031169D0D41DC51C0F4DBBAC022E944403344C1710BDC51C0BA5920F26CE9444073F3DBFFFEDB51C01528A0367BE94440B3F52211E7DB51C0724C9EEB80E94440F4A43D9FDADB51C03CB4205C78E9444075742CE7BDDB51C0724C9EEB80E94440B6E72C24A2DB51C0E53BD17793E94440F71E131077DB51C06A9447079CE94440787D482C5EDB51C02E454E5296E9444078945A5E43DB51C087BF85749DE94440398B98D638DB51C032CF6A93AEE944407AE786E137DB51C04047553ED2E94440B92C63BA51DB51C0AA1859CAE4E944403803CD7857DB51C06C4DC630FAE94440F8E2F8BE67DB51C08079052322EA444037ECBA4672DB51C06200DBAE34EA4440375D74726EDB51C05DC901F342EA4440772A1CA969DB51C06BCB12154AEA4440373FE7C966DB51C082CF842C6FEA44403803CD7857DB51C0F666C0BB77EA4440785FBB8356DB51C0D3C9FE8E8EEA4440B92C63BA51DB51C009F38B5EAFEA44407B15AB4502DB51C01BA8A231C6EA44403A2A7666FFDA51C0E878F72DD0EA44407CB488D5C8DA51C0A24CC793E5EA4440FD12BEF1AFDA51C05214CE44F5EA4440BE7AB595A1DA51C0428C55DBE9EA44403DE06528ABDA51C0E1B671C4C4EA4440FD475DCC9CDA51C04A5FB6EDB7EA4440BE3E9B4492DA51C07D5619C8BAEA44403ED9EAB188DA51C01BA8A231C6EA44407E174C1480DA51C0B81E19BDD8EA4440BE733A1F7FDA51C0C1341441FFEA44407FF9BE6B78DA51C0F4EEB2170CEB4440BF8A4C5164DA51C0654329D007EB4440FF3967DF57DA51C054059F8803EB444040CBF4C443DA51C0B8D32D1020EB444040714DCB2CDA51C093824CEE18EB4440813EF50128DA51C0F4EEB2170CEB44400510851889D951C0100793792BEB4440C88713783DD951C08E28F4E236EB4440C9620B5913D951C0583DC87535EB4440CA3D033AE9D851C049BD55D0F0E8444009293819ECD851C02C320BB1DFE84440C997AA3300D951C003A45A72BDE84440C9447EB00BD951C074BAA2DFBEE8444009DD860C1AD951C0137FB791CEE844404804D63C2CD951C0E369D446D4E844408614133B59D951C08B360A02C6E8444086AAD4857FD951C04846CA97BAE844408557A8028BD951C0BF7A3DC0ADE844400510851889D951C0BBEBEBD75DE8444085047C7F96D951C0F9E59F254EE8444045E4A7C5A6D951C0A789E41C6CE8444044CD9593C1D951C091C9822844E8444004358D37B3D951C062DF225C0FE84440C4BA1184ACD951C0341CBEFCDBE7444004358D37B3D951C06BA9B70F96E7444002D2C9F8FBD951C0AB1654AA76E74440424C45AC02DA51C04752018579E7444042885FFD11DA51C0A1B5B3EF84E744404153C02225DA51C052C5F3AC6CE7444000C2323D39DA51C0655690AF62E744404078C8414FDA51C0475789675EE74440FEB19B8176DA51C0A1130FDA4BE74440BE3E9B4492DA51C0DA1FC0B44EE74440FB37C610DADA51C0EC36EF013FE74440	1	pro	\N	\N	\N
17	vector	007	HUEY P. LONG BRIDGE	Sanborn	2008	WGS84	WGS84	Sanborn	Yes	0	0	Polygon	No	10.410000000000000	4.020000000000000	1673	0106000020E610000001000000010300000001000000150000003684443E448C56C0706EF6EEAEF73D40D5708973668B56C0D401D912B8F73D40D9E1D74D338B56C00872AD3DCBF43D40FF5D05F9C48A56C0B058140E43F33D406F5586FD3A8A56C002E8C45476F13D4069D893301E8A56C0CCA4637318F13D4038C757C4F08956C01152CC0448F03D402E544735198A56C0BBC5CEB00FEE3D40E92E75B1258A56C0CCA2208591ED3D408CC98935A78A56C0CFF48716D8E83D407FE5A608A58A56C08617789983E83D40304D137CAC8A56C059EA2D8E44E83D40BF7409710F8B56C0BEE4A23BBEE83D404C2B2B21198B56C054102693BEE83D407AB4F2D3C28B56C09B7FC9AA8DE83D40A50A0E91028B56C02E4D8B9246F03D40FDDCE509608B56C04BDA762BA8F13D40BD910822788B56C00CCA1271D7F13D405A77AFF1ED8B56C0CB57521A18F33D40AB1D951B3D8C56C0F866B8C21CF73D403684443E448C56C0706EF6EEAEF73D40	31	nrl	hueylong_	\N	\N
55	vector	007	PORTLAND	Sanborn	2002	WGS84	WGS84	Sanborn	Yes	0	0	Polygon	Yes	3.450000000000000	1.330000000000000	991	0106000020E6100000010000000103000000010000004100000021D4C1E543AB5EC0EF65BE77A3C04640429C5AF555AB5EC094380D43A6C04640A2B8E66667AB5EC0C136A8F9ACC04640EA38548170AB5EC0A08D330FB2C04640173FFC9687AB5EC0345C18FCBDC04640D84094C3B6AB5EC08B4B76CAE0C04640CDE88F75C9AB5EC0AF534A3DFAC04640F2CEE33EECAB5EC02DEEF86C2BC14640349E211CF7AB5EC0C1DF5C5941C14640C36AC815FEAB5EC0ACBBC60349C146402D57A3680BAC5EC031D6854D70C146409E7200E311AC5EC0A12234DC7CC1464004D44B7C15AC5EC0AE18B38F9DC1464051C574E817AC5EC02C172F91B4C14640F4658B6217AC5EC06E906780C2C14640426D41ED10AC5EC0F42E511CD8C1464041426B710CAC5EC0A6E1E610EBC14640BAF7A06406AC5EC0224F7AEAFEC14640FAB86190F4AB5EC0033DFF7048C24640BF1283FEEFAB5EC0742D7B185CC24640FAADE76AE8AB5EC003C9E41278C24640F216A13CE6AB5EC0D1CDDA2C82C24640F167B463DBAB5EC0515C8556C4C2464011BE3040DBAB5EC0F5177EB3D1C246406CE2F0BBDDAB5EC06969C075DCC246404248C686E5AB5EC04B87C9CAF4C24640D1F91278E9AB5EC019FD486708C34640FC6821A3EDAB5EC0C70EA8D427C346408C53178EEBAB5EC0292FADC72CC346406A85C799EBAB5EC0F971C44A34C34640B2B2C83AECAB5EC034149B4664C346403490864EEFAB5EC06D1F9063B9C3464069F078DEEFAB5EC0FF0F7E96D6C34640F018206BC6AB5EC0A638E7BFD7C346401671B33AB3AB5EC056DB917AD8C34640B638C3208FAB5EC08D8F31DAD9C346409AA6EF0985AB5EC014DD323CDAC34640D647DCAB5FAB5EC08E93F677D2C3464050D7B3665BAB5EC0F1E2BACED6C346406C2E925A58AB5EC00F7CAABFD2C34640B609FBB840AB5EC0B0C229F1EDC34640D85ABAFC3FAB5EC0E74C54E4F0C34640EA3B34B039AB5EC0BDEBCDF2F7C34640D6D7A6D22EAB5EC0D2D0C27D03C44640DF76597728AB5EC0901B2E9EFAC34640A3E91558F3AA5EC01AD636FFABC346401C7930F9E8AA5EC04709B6A39DC34640F2F80004D5AA5EC09521AFBE6BC34640C8EDC131D2AA5EC0A678B77C59C34640ADFB0D62C3AA5EC0C94C713803C3464087F6C274C3AA5EC07CAAAD64F7C24640011FE2AEC3AA5EC02540CF2EE4C246402EFD620AD5AA5EC0EE82F4F48DC24640C97A671EEAAA5EC09F4D623226C24640BFD329AAEFAA5EC027E21A860CC246403DE9A7FBFFAA5EC0DA8C6A44BEC146406F0691A209AB5EC0D87D3B7D92C146408774A594FBAA5EC003E54D2154C146404DC83CF9E5AA5EC0B16296F0F4C04640B73D2E66E0AA5EC0BDC04778DEC0464036A0986DF2AA5EC0FE4C67DDCAC046408CBF3D1A0AAB5EC051313CC0BCC04640BEA360E42DAB5EC083850C87A6C0464003E4697639AB5EC079667F3AA6C0464021D4C1E543AB5EC0EF65BE77A3C04640	55	por	\N	\N	3
47	vector	007	INDIANAPOLIS	Sanborn	2007	WGS84	WGS84	Sanborn	Yes	0	0	Polygon	No	11.310000000000000	4.370000000000000	3325	0106000020E6100000010000000103000000010000002700000045FE7D61538C55C0B88BDEA79EE343400B237AE04B8C55C00043ABAABAE343406168CD6B188C55C07EFC8CCACCE34340EFEB041EF68B55C0072D61ADD6E343407DE3BA38AD8B55C06BEE2E53D8E34340B4A6BB8A678B55C06B863290E0E3434043C712973B8B55C0CAB3CC55F4E34340D1CF6674C28A55C0EF96C992FCE343407A38D105BC8A55C04CAA1EFE11E443400982C903AD8A55C0EDBF45E337E443405F539E26A08A55C024FA28AF9FE4434042970C39A18A55C095936CA2C0E443409768E15B948A55C01933921F09E5434040593C020C8955C0603196C3EEE443405C15CEEF0A8955C0011E09B3D7E44340401FFD4D1F8955C0734D0B83AEE44340B29BC59B418955C01ABC260566E44340957C5308398955C09DD90E8939E4434079D15FDD098955C0AC080173EAE343405C15CEEF0A8955C0D4F4B5E7C2E343405CDB8E3B1E8955C0A23B57597FE3434007A7D972218955C0103AFAD9C1E24340951973622F8955C0D833BE5336E1434095DF33AE428955C0369D3310B9E0434024B5AD435A8955C07694EF2F72E043407BD5F05FB28A55C067E9E6D573E043405FDF1FBEC68A55C0369D3310B9E043405FDF1FBEC68A55C031B3B2401FE143402667FCE2C88A55C02C70AE4078E14340262DBD2EDC8A55C0A31F239EEBE1434098A9857CFE8A55C0A31F239EEBE14340D173EB3A368B55C032ACA5B002E2434027C0A332808B55C05568527716E243407DE3BA38AD8B55C00B26E1390EE243400B45B665EB8B55C0151E6BAA3FE2434061DC4BD4F18B55C0612081EF7FE2434028F0A9901A8C55C0482439A0D5E24340EF66E8F24C8C55C0ED6E98EA4DE3434045FE7D61538C55C0B88BDEA79EE34340	47	ind	\N	\N	\N
8	vector	007	ORLANDO	Sanborn	2007	WGS84	WGS84	Sanborn	Yes	0	0	Polygon	No	11.890000000000001	4.590000000000000	5301	0106000020E6100000010000000103000000010000001B000000EF7293D7DF5954C0D14118E58D893C40CDA0646FE25954C0AD328931A6893C401340C043F05954C02217A409D58B3C409F8379E8F85954C0D4D7A0AAAC8C3C40E427D7B8F35954C057EFEB372C8D3C40CDA0646FE25954C082662CBBA88D3C4028D63881C85954C01595925BDC8D3C4097A687CC735954C01595925BDC8D3C406698A239515954C0298F0CCEAE8D3C408AC3369E4A5754C0298F0CCEAE8D3C40C521DA4B465754C0470ACE4BE3853C407337C2584C5754C0FF83D49DAC853C403BD41CAF635754C06FD6D280A3853C401BF3E7529F5754C0551ECD4691853C4060247924465854C0C713C92988853C4035FD89A5825854C072E31C2085853C40E41272B2885854C052B5245A97853C40E60D70B69B5854C0385FD0639A853C4019125151E45854C0B1267E8AA6853C40BCE17E3BEB5854C0568744FDF2883C40C1CD764B375954C0B319222D02893C4094B08BC44D5954C0B47C1EEAEC883C40F2DB5BDE595954C0A4C464CDE3883C407E1F1583625954C051386A10F9883C40EC8199CBA65954C00D6BD706F6883C40CAAA6867BC5954C0666C217017893C40EF7293D7DF5954C0D14118E58D893C40	8	orl	\N	\N	\N
14	vector	007	CLEVELAND	Sanborn	2004	WGS84	WGS84	Sanborn	Yes	0	0	Polygon	Yes	9.960000000000001	3.840000000000000	1334	0106000020E6100000010000000103000000010000001400000072267918DF6D54C077A3549478C04440B4DAA2BA7C6C54C0EFB312E7FFC144408400F4462C6C54C016C79FCB56C14440592555B7236B54C0F3B3A94173C24440D173C68B946A54C0A09B53D42CC14440DF75B8FB816A54C0E9A6130F3AC0444024CBBC1BCF6A54C05881675926C044405DEEA9D5FA6A54C04A915491D2BF444035835302686B54C0131CAD1869BF44408512A8F8B86B54C0C61BD9E122BF4440C579F38CEB6B54C03ACE7DA2D0BE444041EDA850FC6B54C0C8490F84AABE4440A6BAE7E22F6C54C05AE87D8619BF4440A53A964C606C54C0A5FBA90827BF4440FB10E313B56C54C0876EFE1A7FBE4440AF11C789DF6C54C03F5C71815EBE4440F868DD782F6D54C0C1A8B6640EBE44409878EE70496D54C049C02F6154BE4440F3253EDCED6D54C0C34FCBC4FFBD444072267918DF6D54C077A3549478C04440	14	cle	\N	\N	3
9	vector	007	NORFOLK	Sanborn	2007	WGS84	WGS84	Sanborn	Yes	0	0	Polygon	No	3.560000000000000	1.380000000000000	775	0106000020E61000000100000001030000000100000026000000C22B37C1B31253C0EB0C0581096C42400A1D33F7B71253C06BC9CC46296C424043F4312BB91253C0EBB93A2A2C6C4240366B2AFDC01253C0F0239CFA306C42402D7318A3D31253C06A14FC605A6C4240BD55100FDC1253C06A14FC605A6C42403295034BE91253C03A4F66445D6C42406FFDF752F51253C045302BF8646C42406174F024FD1253C0DBF00DA1876C4240C899E65E071353C0B77F766EC06C4240BFA1D4041A1353C088195471276D42403150D26C1C1353C089D58AD8366D42402236D56A191353C072A2D552446D4240E6CDE0620D1353C09588CA93576D4240D191F8B8F41253C0FE9D2521636D424081ED1B07D01253C0E0C45CEF816D42400F3F1E9FCD1253C0E012FE5F906D4240D6671F6BCC1253C051CAFE70A86D42407DCB305FBA1253C085C1D292D86D4240688F48B5A11253C08D3ED05B2B6E4240026A527B971253C005CEDB62446E42408055931B541253C0B0C71B82276E4240B82C924F551253C0F9AFB1CE1F6E424073CC8BED5B1253C0FFF89729E36D42406B19AB713B1253C07903B17FDA6D4240127DBC65291253C0063085AFD56D4240A4A4E5AFFE1153C07812FE3EC76D42403D7FEF75F41153C03E89F186F36D4240424E83105B1153C05BADE6A2896D4240DBE35BF8831153C0D3A14DC4B76C4240C2D14C9C931153C0EB9C0830796C424028F742D69D1153C0452594C5CE6B4240439A4706991153C0DCC84600956B424069812286BF1153C094AE1F68A46B42401DBAFF9DE31153C0982F69B3B66B4240E29DCF8B151253C0EBFAB724C56B42403F177861701253C06CC63CF4E36B4240C22B37C1B31253C0EB0C0581096C4240	9	nor	\N	\N	3
38	vector	007	MANHATTAN	Sanborn	2002	WGS84	WGS84	Sanborn	Yes	0	0	Polygon	Yes	26.079999999999998	10.070000000000000	17382	0106000020E61000000100000001030000000100000077000000F3FEE66E0D8152C097EE08009059444078985D94418152C0BC104000B2594440A0AEDF90468152C0DDC08481325A4440B35E9FB0378152C0A2D22041D15A4440F2486EF4148152C00D9B777FCE5B44408BD2FEAFF48052C093BD60448F5C4440460E2512DE8052C0E098F757385D44402ABECB39F68052C07005472F3D5D4440A2031081F58052C0096C3D4D475D444052B1B640EC8052C08680A26C465D44401E67F4EEE88052C0FFD33421785D444052BD3990E78052C0C7A9FEF4885D4440F5648EF6D88052C076AF7633875D4440923549EFD58052C005E79151D15D4440B8AD30FEE68052C02A680D6AD25D4440044088B4E68052C0DEA7379CDF5D4440E46DDDA5D38052C0AEF32C07E05D4440CE6D2E38CB8052C09AD81BE4A25E4440B40C6BDACC8052C0E1A56371A65E44400F62F11FCB8052C0B7C187EFCC5E4440C8707432D18052C0217266D0CD5E4440FE0C8D0DD18052C0EAC77436D25E444022820267CA8052C02ED2D336D25E44408980BA1AC98052C0E954FA2EF55E4440E9119CA6C68052C0445C8407245F44407E7FB566C98052C07CF4D7A6285F444055D0F419C88052C0DDE86144385F4440A1F7AE00C48052C068360E78415F444088615DA1BB8052C07D5B6B5DF85F444049F50C5F968052C0C2786292B1604440264029A06D8052C0ECF58A9E206144403A9644496E8052C053E54E2A26614440C87B63F0748052C0C99D96852E614440C3205D1E6C8052C0620C5098476144400313CA80688052C041E1E77E4661444001679BDD628052C0DCE1715242614440DCF8F2CF468052C0275437EB936144400E0CED734C8052C01807F6A2996144408F647E6A498052C0D005E78DA16144406FEE61E8428052C053C548609D6144400AE2E4603A8052C0A803D2C5B76144407B5CC24B3F8052C055A0B0D4BC61444038BF51423C8052C039C4F12AC7614440B2B5412F368052C0CC42B18CC2614440D2DF7865248052C06BB08DDFF8614440535B066F278052C0082EF6D4FC6144408FD62F5F228052C08C75BF770A624440708F61E31D8052C026DEC344086244402FBE11021C8052C0F9C825160F624440CF9BB9A5158052C0CBFD1D5323624440E722FC711C8052C01CD375572C624440F49A1F87178052C0D0511D7038624440CDA7AEB70F8052C0231E829933624440E185399E078052C0F7AA308D4D62444076FA1F640C8052C0F5E4909156624440D8B37CEB088052C0F17414206162444068BC6C47038052C0B299767C5E624440A3FBD908FB7F52C08DCB79B688624440F33E322FF67F52C0A81E7C208F624440CE7B345CDC7F52C0C9C691B5FE6244404E4C7186C77F52C0C7B3D3430A634440F855E624C47F52C06D08634314634440A02AEEA8BF7F52C06E310D7118634440BC166667B47F52C03992A0DE146344407A169510B27F52C02529B92A16634440462A1850867F52C0B967D8E8F46244402FC626F5807F52C0BA52371EF7624440ACE14BB6727F52C086CE30B1EA6244406382D6FD5A7F52C07527B6ACD66244403D0B1499467F52C0E213152DC66244404E87F8BC3A7F52C05C74C1BCBA624440791F197E267F52C0C7C3AFAEAA624440ECBDAEAD127F52C04948984D996244407A28EB55027F52C07F452B398B624440D6EE88BBFF7E52C0BBDD8C43876244400D81CD1DF67E52C01C59673C7F6244402DE10769DF7E52C031C420136E624440820A6713DB7E52C078395F7565624440BD0E2B16D97E52C04ABC13D863624440A0BF826E497E52C007065DF7E4614440DB12D971437E52C09D897758E1614440A008014E3D7E52C02BAFDE00E56144402B6740F4377E52C017CDADB3E161444094C1EC581D7E52C079372A09CB614440183ED5C7057E52C09924A103B76144407089E926F57D52C0DE36AAB5A86144400C288F0DE17D52C048624D1599614440C6A374ADCD7D52C0C937BB93886144406C9A7534B27D52C08E631F3A736144408DC9F258B07D52C01BC6559D6A614440E20799FBAD7D52C082CDA7B568614440C6A6D0BA9D7D52C07903689A5B6144401C3F50B5877D52C05AD21BC749614440E6F129A7787D52C02C8CD6B03D61444099B01A66747D52C098FB879E3F61444079B81A41687D52C0773BF36434614440315BC6CE667D52C021B7055D2F614440AD95F57B627D52C0ABEC5FE42B61444010D7F529567D52C07A644DEE2161444034E17227407D52C0616FB8F6FA6044407AE9AD0D597D52C09786970FBA6044408B5878E9CD7D52C0F8FAC04B9E5F44401CC302C7097E52C01FDDD1110D5F4440398F5C351C7E52C05D0DDFD19E5E4440E554F964347E52C00BCF71121F5E44404D44B01E1B7E52C0B93991CC8D5D4440BFEBC5BC087E52C0A674CE07235D444022B642501C7E52C065EF8388C45C4440B6CB3E33327E52C02AB3A148335C4440477A8D97537E52C021642648615B4440C767A043777E52C08929F609F35A4440684C561EBB7E52C0F2EDD98FC55A44400D6AC8B71B7F52C0299A7E96A95A4440B31CE1A96F7F52C00E3381DAA05A4440B5845E5CB27F52C036E1115C885A444096C5A4A7F97F52C0942CE51B595A444087A1D30A518052C025908D18E9594440BDE340DEC28052C080B2A19291594440F3FEE66E0D8152C097EE080090594440	67	nyc	manhattan_	\N	3
51	vector	007	LOUISVILLE	Sanborn	2007	WGS84	WGS84	Sanborn	Yes	0	0	Polygon	No	11.990000000000000	4.630000000000000	4763	0106000020E610000001000000010300000001000000290000002CD5621CF77055C084860A2F232143403870A97FE07055C04AFF27BA1C2143408273781BAD7055C084860A2F232143405AE05561487055C0FBE7EBA329214340EEE6F398E16F55C084860A2F23214340C1B64151B26F55C0C7974BC2F22043400BBA10ED7E6F55C0DF71A879D2204340C753D1DE7C6F55C0825601D29E204340CE5188B49B6F55C0CF518FEF67204340844EB918CF6F55C0D761DF68621F4340BD19B2C3E76F55C08DAE797E551F434022155DB62F7055C01812EC6AC71E43404DE4E7B50A7055C0DA596A34FF1D4340D6B066D20E7055C0AD7C0312001D4340607DE5EE127055C04C157856851C43404149A152217055C06E821EC2F01B43400F7C5F7D277055C096F8D4A2381B4340B77C22361D7055C086FD48E1BD1A434097E7B651D76F55C01175D7097A1A43401DF2E6DD326F55C06969641EEF19434048C171DD0D6F55C0C6B5CBE297194340F7BFEB6B226F55C055E402A3C21843404A229925626F55C0135264144B184340651A757CDD6F55C0CEB3EF9D44184340607DE5EE127055C0EAFF4E6695184340607DE5EE127055C057558D94F5194340A6444C45697055C0A61BB50AFC194340F3096A71DE7055C044AB8BCF221A4340703BA22AF97055C07A7C7145AB194340456C172B1E7155C0BB1B006C67194340C1C20EE7167255C0BB1B006C6719434006294EF5187255C097F00CA8BE19434040CF879D537155C0DE0F3CB8011B434025D7AB46D87055C0589C4A91F11A4340F9A6F9FEA87055C07D6E891F471D43401F3A1CB90D7155C0E2F7A21B711D4340E2D193802A7155C008FB07ABA01E4340149FD555247155C028FCB4D4211F43409D6B5472287155C02C368A628C1F4340966D9D9C097155C0AC3E12FE842043402CD5621CF77055C084860A2F23214340	51	lou	\N	\N	\N
24	vector	007	BALTIMORE	Sanborn	2002	WGS84	WGS84	Sanborn	Yes	0	0	Polygon	Yes	6.270000000000000	2.420000000000000	2562	0106000020E6100000010000000103000000030000000600000000000053AE2753C059D0DB9118AB4340000000C0AB2653C04018739DEDA54340000000531C2353C01C229B7CB1AC434000000033492553C0935745DBC7AD4340000000B3B62853C098E70D62EEAC434000000053AE2753C059D0DB9118AB43400600000000000073EC2353C095A9C173A7AA4340000000334C2253C075D7A41369A84340000000D3271F53C0AE717F16F2AB434000000013142053C034A1533787AE434000000073FD2153C098E70D62EEAC434000000073EC2353C095A9C173A7AA434005000000FFFFFFB2592B53C02C8916472BAD434000000073E62953C09026C25CE4AA4340000000F30A2B53C0210E4DBB9BA64340000000D3EB2D53C02A6F1EA100A84340FFFFFFB2592B53C02C8916472BAD4340	24	bal		0	3
30	vector	007	FORT LAUDERDALE	Sanborn	2002	WGS84	WGS84	Sanborn	Yes	0	0	Polygon	Yes	9.140000000000001	3.530000000000000	5249	0106000020E6100000010000000103000000010000002F0100004B63E2D9D30954C0E8C910439A193A40900D9CB3D40954C0FC78091CB2193A4002C86C02D50954C0669B1AF9C5193A40E77CB0E3D40954C0E6D26543E3193A40917F2A5AD70954C0AE8AB386E9193A4091965979D70954C04B255737F2193A40650D1DDBD40954C00336B6E0F5193A40B6C331D2D40954C0A75CA33C091A3A40200FE074D60954C0F74836F8101A3A4019989292D60954C017B4D6E21C1A3A40433419DBD50954C0D1672F402D1A3A405781E549D50954C0422BD8EA361A3A407768230ED50954C0DA8E5DC66D1A3A400F138D56D50954C08ED187898F1A3A40012C544FD50954C035799465C51A3A4095778880D50954C01984BE4A1A1B3A40BAE502FCD50954C0B51E35C83F1B3A409E5F5AC2D70954C007FF7486461B3A405613C3D9D70954C02092A417601B3A40019256F5DF0954C02E218246611B3A4016E46A00E00954C0E8B28E6C6F1B3A409EF8EDB0D50954C0EB88C62C701B3A403775EFBDD50954C0F9E6C213A11B3A404A6488FCD50954C06AFBF5F5B11B3A4081986F4CD60954C0B6833003361C3A40398D3EBBBC0954C0000B77E8351C3A40CF79BD7BBE0954C0524E754B5E1C3A40BB601C8DBF0954C05F183CF16F1C3A40658E627ABF0954C0C9A9019FBE1C3A40645530D1BA0954C0C3568482041D3A40E949E514B80954C083D5452C6F1D3A400DC22213B50954C040C343A58B1D3A4000616D7DBC0954C0CC3001CA901D3A40E2842F72CD0954C0BBEC5B5B9C1D3A409AB525CDD40954C0AFFC2302C21D3A40D1854B24D50954C0B58823FAE91D3A4094A405E9D20954C0F1867F8BFC1D3A40F0E7C45DCE0954C001B685E1261E3A4061B58F18CF0954C0F53BC68A351E3A40E3DE1E52CF0954C007E09C58511E3A409BEFDCD3CE0954C073523A09581E3A407C74E3D5CE0954C08DDEB8CA791E3A404291C467CF0954C0ABBB03DC941E3A40AEC2F372CF0954C0091085C2A21E3A402F3F8A5CCF0954C0E228186BC11E3A40449E8596CF0954C05012F273021F3A40971B729CCF0954C080FB0E851C1F3A40CFA23AEBCF0954C0DB5F469B561F3A40D6CF778FD10954C0D056DE1C5B1F3A407F7ACA97D10954C08635CE376F1F3A40827FDC8ED10954C03888B793821F3A400875E874D10954C0853387B1941F3A40A3FEB6EDD00954C0EA890DBEAE1F3A40FA5572D0D00954C06F3056CEC81F3A4076E5FB53D10954C0BD4FF21E29203A40270739E4D10954C060A9531F82203A40C311F013D20954C0930A5D45B3203A4096B8F5A8D20954C01E94E9D513213A404E6B3FF1D20954C0907CFF144A213A4055192CDAD30954C06719CC5D8D213A405D182831E10954C041C097328B213A40B1E54B72E90954C0A976282A88213A4019D1C750F20954C049F63D6187213A40E7BB7359F50954C0B3AF1B3D82213A4096AD18BEFB0954C0F624EB2382213A40FE98C631060A54C06F0A262681213A404A9738E60B0A54C0E98CDE8781213A40E73D0D950C0A54C0332A5C0784213A4052FA936B140A54C04EDE223883213A402C565EFC160A54C0138F7EDE76213A4059E881191F0A54C03F0FCE9175213A40189816061F0A54C0E0B7FD8979213A40A72702B3210A54C0395B79947C213A4041BE63B0210A54C06231D54982213A40FD76895B280A54C0B964A0F281213A40897A3E5D280A54C020FF90397E213A406A4365FF2A0A54C0BB13635F72213A401BB19EBF2D0A54C073E734B171213A40B7E27EEE2D0A54C05C8E619A7E213A408C45C38B300A54C05F3A312C7E213A40E0FE3432320A54C067AC82F67D213A40A0E5127A320A54C02CD52ABE7A213A4098D0E695330A54C0C55FFDCD75213A4034DA2232360A54C0245ABDDB76213A40A70F7150360A54C0E6C1AA8881213A40869D2208430A54C001E47F5581213A40A51C7FD9500A54C0E1B847E980213A4092DB396C610A54C031C740137E213A40935DE606730A54C0418958837A213A408FF2AB47790A54C0FD0E37E67B213A40E154B862790A54C089FDB9C58D213A40C385D3E2790A54C017812F95A9213A4011A4F985790A54C04B84403FB4213A40CBA01D28790A54C079D50BE5C1213A40AAAF1D9C790A54C0B8E50143F8213A406701E1E9780A54C06195AB35FD213A40E9E15D85790A54C08217EED28B223A4040EEE1617A0A54C055B46927EB223A40A80ED6EC670A54C090C09619EB223A407EFE9FAD490A54C0F578ECA4EA223A40C17F18A6320A54C09C6D6C5AEB223A40718C570E1F0A54C05EE7E7A3EB223A4022EF3CEE1A0A54C0C3E44C0AEC223A408D14605D150A54C036C048ABEA223A402B11BC1D020A54C0698CEE76EB223A408D7FEECDF70954C05F2AA078EB223A40A8165168C70954C03B1EDF92EC223A40219C9B79A80954C0E2B5B1D9EB223A40C9B89410A90954C0BA7224EC6D233A403D5392BE950954C0D038AF3370233A405CA9C80D7F0954C059ECEFA472233A4040E493E3650954C01EA9508775233A40076AE854510954C0CA2B5AC776233A401B01410C3F0954C0FAB4FB1976233A40CFDB6D78350954C0ECA02D0982233A408E4EE0F92D0954C0337F2F9A82233A40D07B6987230954C06A0E675C81233A4062EEF53C150954C0DCF7018D7D233A40A5DE7AA1140954C00442CF5477233A40EC0FA3510A0954C0D2B06F5577233A4000F35D7C090954C0103511C87B233A404275D075060954C09A77AD347C233A40CE9D514D050954C0AF3B317876233A40C1CBF335DF0854C03B1261877A233A40AAFFED0EDD0854C0E978912486233A402A7126BED20854C037C23D2188233A4007246CE8CA0854C044C10FF386233A40245C99CCC80854C0E3C4AFBC7A233A403CD8C5F4C00854C0FF4B23067E233A403800E249B80854C0BAF3D9CA81233A40186CF4A0B60854C056D3883687233A4033B0AB3AB20854C018CE841B87233A4044391CDCB00854C082C5A11884233A40400FAC98AC0854C069850FBD84233A4067B5DB88A80854C082221EDE87233A402436A525A00854C0695DA22988233A40F2B00CD99C0854C025DFCDD587233A408C5CE88C9B0854C0639C75D683233A40700B40C68A0854C0DBFB70EC84233A40D05047A9890854C0BE6B3C188C233A40FF8C5741870854C0ED766A098C233A4035849D5F860854C021D9F38F85233A4000E5B3C07A0854C0E65A1C0587233A405D5AC6FC790854C068642FF78B233A4024CB21F0730854C0C550C4918C233A4023ABA1D96E0854C0D2A174F18C233A40DFB93B456B0854C00EB54C968F233A405CED0DBE570854C04A999ED891233A4029700169570854C07B3713A28B233A40169C3E6A4A0854C0D43AF4CE8C233A403D1672BC490854C0FC8ECA9D36233A4081BBA6FF480854C06916B27007233A4012F825E9470854C0380EEFF500233A4090C17619470854C055F65083D4223A409B1E7705470854C0BC8F377EB4223A402D0D5E87460854C0BC560532A9223A409305C1513D0854C07ADCDBFAA7223A408C93B8003D0854C0DB280F5499223A40202E5E77430854C03B6DE97D98223A40445ECC65440854C0FE676C2984223A40FC4D64F2430854C0B30304C573223A4064BEDEC5410854C037F956D165223A40F189D659420854C0A15AFFB056223A400482885E430854C0912EC52C4C223A40BD5A84BF460854C09F2C448C46223A40DBBD5C6E460854C0B2F1002538223A406CF795CB420854C0E895DE1534223A40BCF23ABE420854C05A491E262B223A407C63BE32420854C0D1D0DD2EF1213A40DBE205FA410854C0C14CE462D4213A40C538D4A2430854C0D4F5D336CF213A4044A4D0EF430854C09D647752C1213A40BBC40536430854C063075BECB0213A40BBF5EADE410854C0178B95469E213A4033AEE931420854C0D1DDD7B983213A40D3E837FE410854C0BF2C343F6F213A40293CF48A440854C05A356DD56B213A40F5E91609440854C05FD0ADC12F213A40358999B7460854C0DB1231532F213A40221A735B480854C096DFAB9334213A4059FA70114C0854C01C09B42935213A40DADDB5A44F0854C02852BBC034213A40D5743EDF540854C09EFBA76532213A403E832968590854C0AC94D67F33213A4058DAD89D5B0854C09DB19D172E213A40C84D3D4C5E0854C0E25CA3E82D213A405DDD24DE5F0854C0E7A149E733213A40BC854149690854C0FA6FB42234213A40FFDA7BDC770854C06E765FFF32213A402D56595E860854C08B95735C31213A404DDCC38E8C0854C0C1DE520530213A40D8B3EBA7980854C0D2BB3B1030213A405A85B273980854C009EFA1531D213A40B588A1E8960854C0AD4E683ABE203A4029A84FDB940854C01884E8B7B8203A408873138B930854C0E53B7F6D97203A40A1CDFCFC920854C06141F1A975203A40A7B61558940854C08FAE72A45A203A405EDF22FB940854C01562C6BA50203A400EDEC9CC940854C0F2FEF81243203A4083E33C6A940854C0387B372C34203A40C0ADD81C930854C06FC4E22732203A403DB405F0920854C0AE3E1A4621203A4050E95702920854C066E771E20E203A40AA294FF48F0854C0019A31A2E51F3A40773794E68F0854C0B0DD0C71DD1F3A40C3722E3C940854C0228CC00FDC1F3A4013F6FB4B920854C0BA03984A4E1F3A40E61319C2980854C04CABCC324E1F3A40147C04A5970854C07ED20F23311F3A4076126AEE950854C02CFC955D2E1F3A403653DA2E950854C07E54CE202A1F3A40B172C109950854C048C993DD081F3A40E6EA3D59960854C08A623D6A061F3A40DC05899F950854C05EE39BC4F51E3A40B184B3A2920854C0DC180BD7E11E3A404A271AD9900854C022DE950BE21E3A406AC4D8718E0854C080E518BFE01E3A40175231AD8E0854C07E094BDAD21E3A40F1EBE565900854C0958A1B28D11E3A4067D952D08F0854C07C470687BE1E3A40BE49B3F88E0854C0B10C4575A31E3A4081A169E2890854C008300AD5A31E3A405BFF9D2C860854C0250694FFA21E3A40256E78E2850854C0CE0518B4851E3A405522C9A7770854C09FAF975A861E3A406D4ABC29760854C099432EA57B1E3A407A14E2F7750854C0FE077C6F751E3A403BEC4BD07B0854C01C34BBD6731E3A401F59CD457F0854C0C22297C2671E3A4090C8EEB28F0854C0FB414367681E3A405102334D8F0854C0CF3806F93A1E3A40CBAE45AB8E0854C065912671F91D3A40CA312C9F8C0854C0C8CD4673F11D3A40033B33938C0854C02F431389E51D3A40467F932A8E0854C0447673DDDF1D3A40B06337528E0854C0AC8CE36FD61D3A407B8C5DCD8E0854C077C94D35C41D3A40E1AD5A6F910854C0FD01ABDAB81D3A401B1D8919940854C0D2296F209C1D3A4051EB7591930854C0D1CE912F921D3A40109DFF13940854C01281B18F821D3A40BE5CEA67950854C03A07F2AD761D3A40D634764A950854C0178CC8836A1D3A40EDF97012940854C0940EB18E601D3A40FF140F7F930854C029C36AFB231D3A4028617FFD930854C00776560B1D1D3A400F485906950854C0ED9E45D51B1D3A402411EFBF940854C017699898F61C3A402B242551930854C018955DDAF01C3A40C315A22C930854C01D0E7159CE1C3A40596DFD76930854C0240ADFEAC51C3A409098153C930854C0897E8B96AD1C3A40D451DB6D940854C07FAC1D789F1C3A40A28F2197940854C0FF2A0891921C3A40C1E8976B940854C0222039B47F1C3A4085752888930854C036F8D1F37C1C3A40E0E5F6F9920854C0A726E5AF5A1C3A4003B7E6CF930854C0E7A113C0541C3A40DEE3E094930854C0163C49AB3C1C3A406F485333920854C07FA25CE11A1C3A40A5498EC8910854C027C8341FF81B3A409F78DEC8910854C0137B7EE5D21B3A4070347571930854C06450E5F8CD1B3A409A394857930854C0F601B1DBBA1B3A406FA98CFE910854C07C1879AFAB1B3A405A07B303920854C00ED5D6C3A01B3A40DA7D4FDF930854C0EBB290919F1B3A401140CBC2930854C0F96A1A6B911B3A40F328F947880854C0D9EDB7A1921B3A4099A0E3FC870854C0CB068552771B3A4052DFE607850854C0BC787A3E781B3A400A66A0EB840854C0E91AF198691B3A40B90843C3840854C092A6A008501B3A4003EA0C93840854C03D056959461B3A40C8C10453870854C034C241EB451B3A40649E4EDE860854C058E6C041381B3A406A8F73F3840854C09617DA7C341B3A40A8303DD6840854C0BAA69CD3271B3A40B3A6EF91860854C0BA4076AD1F1B3A40C1A99860850854C0A726C057E21A3A40652D558DA50854C0CC9AE229DD1A3A40377440ABC10854C0C35C97DFD81A3A40AB6007BDC10854C04ACE6123C61A3A40F963209DC10854C0A9FCF4B4991A3A408B9E32BFC10854C0AD976F812C1A3A4084C20F76C10854C00E968E7FE7193A40AD1929A6BF0854C08CF99965AA193A409E4540A5D50854C040BD3072A8193A4065BC0551E50854C055C9CC54A7193A40548CE274EA0854C04BDF81A0D4193A4000AE6412F70854C085689192D2193A4001FBE0F00C0954C07CC81468CA193A4019F47ADF170954C0890537B0C7193A404EEC970B260954C066247C16C0193A40215E6F0D330954C0B298E9F8B5193A400C52BCDE360954C06A81BF36A1193A40604C68714E0954C0CB46A087A1193A407ABAF0EF5E0954C0C43D062DA1193A40DC40D0B3850954C0F72F6A1E9F193A408FBA482F9A0954C0195DC99D9D193A4010BF683EBB0954C02C7989A99C193A404B63E2D9D30954C0E8C910439A193A40	30	for	\N	\N	3
36	vector	007	RICHMOND	Sanborn	2007	WGS84	WGS84	Sanborn	Yes	0	0	Polygon	No	10.050000000000001	3.890000000000000	7770	0106000020E6100000010000000103000000010000003F000000F19951047E5E53C0EB92E7042BC942404C7E134A5F5E53C0E5EE9FD32CC942401C7BFDCB185E53C0A6FFB2C1EBC84240E7D39F1CD45D53C05BC8364DAEC84240FC63BEE1CC5D53C0B108B16191C84240F4EDD297CF5D53C03169680066C84240D7E7C888D95D53C09C3901DA41C84240D2438157DB5D53C0C1B5F63235C8424024B25753BF5D53C01C9AB87816C8424052A438F6AF5D53C017F6704718C84240744E8A36A45D53C0F61DC31F23C842409F6EC7C0955D53C00CED72A772C84240DD4C7FF7805D53C0F1B80CB17BC8424050547258035D53C061EE5BF9FEC7424082EA9A2CF25C53C07CE3302D9FC742405015E195AC5C53C0B7B0B38834C742405015E195AC5C53C002A99E3A1BC74240B813D656895C53C0B2CDDA94DFC64240DBBD27977D5C53C06231A8B1FAC6424026B61249645C53C0BD156AF7DBC64240030CC108705C53C0332E9233B4C642404B3208A2575C53C068965E20A2C64240DE503AED255C53C0BDD6D83485C64240195D4E0B125C53C0B38E49D288C642409E614DDBE45B53C0389348A25BC6424091471A60E95B53C07EE7EB2244C64240C6AFE64CD75B53C0A363E17B37C6424059CE1898A55B53C003ECEAF216C64240D75C2C1E7B5B53C0A9C897EADEC54240F1909214725B53C02ECD96BAB1C5424047D10C29555B53C094BA56A038C54240044F0DC16B5B53C0D52B212DCCC44240C770558A805B53C0B0709A1182C44240AF0E93AC885B53C08AB513F637C44240A4C6034A8C5B53C0DB5146D91CC4424069F980EEF65B53C085505D8790C442404EC51AF8FF5B53C0C05C71A57CC44240195D4E0B125C53C0756486F395C442402949259F0C5C53C035B42AA4ABC44240EE3C1181205C53C0E517F8C0C6C44240A34426CF395C53C0BF9B0268D3C4424023E46E30655C53C04A83DA2BFBC44240F8C331A6735C53C0BFDA932A2AC54240CEA3F41B825C53C074E2A87843C542409DDF6F60925C53C02F8E05F85AC54240232300F3BB5C53C0D4A943B279C5424048DE860E065D53C0C4BD6C1E7FC54240D0F3BAB92E5D53C0AE2D4E5986C54240F5AE41D5785D53C0149930C4BAC54240CD60A863865D53C02ECD96BAB1C542409F6EC7C0955D53C0193D78F5B8C542409F6EC7C0955D53C0E978F339C9C542402F397878125E53C0D9CBAD6825C64240CFB06E01335E53C0C8DFD6D42AC642402CA665226A5E53C0CE831E0629C64240219D6782C45E53C00E730B186AC64240B6CCCEA8E85E53C073DEED829EC642409533B2434A5F53C09899749EE8C642407BFF4B4D535F53C09D7C4D923DC74240BD814BB53C5F53C01C5B27B6BFC742404BFC35CF0C5F53C027E247DB12C84240CE2E9186E05E53C01635020A6FC84240F19951047E5E53C0EB92E7042BC94240	36	ric	\N	\N	\N
34	vector	007	HOUSTON	Sanborn	2002	WGS84	WGS84	Sanborn	Yes	0	0	Polygon	Yes	8.440000000000000	3.260000000000000	1648	0106000020E610000001000000010300000001000000C30000008D9A18D592D757C0CAB5A61AA2BE3D40FFDE82F5BDD757C08C294F0709BF3D40A370DEBA02D857C0D124E9CDAEBF3D404FFBBA2F0FD857C00F43D615CCBF3D404D8D8EB704D857C07EB3C99E00C03D408CE57828FBD757C0DD27066434C03D40FBB8D6EFEDD757C0FEEE079976C03D40CBFC6992EED757C0E8D9592779C03D4080041066EBD757C0F2CE5DFC8AC03D40281FA9DCE9D757C054CABB338BC03D40FB2BCF91E7D757C05DABE86E96C03D40B8B0B86AE8D757C0880307C799C03D4068801F49E0D757C0810228E2C0C03D40B3D6313FDFD757C0E61A6294C0C03D40FAFC6E47DBD757C0E3D5F694D5C03D404FB57D6ED5D757C07DA28B69F2C03D408EDE2FCAE3D757C07E77DDC714C13D4091162905ECD757C01D31A5083CC13D401F0E161BF1D757C09BF8D74481C13D40E4691383F3D757C0310A7AE981C13D402CDEF4A5F3D757C01387816C91C13D406BD818BAF3D757C0BC64008ECCC13D40E8E67A8FF3D757C000A37DF7F7C13D408A842542F2D757C074904F66F8C13D407DED333DF2D757C01BC44680FAC13D400F7CCFE1EFD757C07BC2A3AD69C23D407A0EA097E9D757C0B4DB83138BC23D402C3849ECE5D757C07740745DA5C23D40293EF0A8D5D757C00438E005F4C23D40B24D3FADD0D757C08AEAD61D35C33D40B626221DCFD757C03DC9D0454FC33D4007AF4E89CDD757C04CB9B1C083C33D4063D16E88CDD757C05DA730508FC33D40CAB9CE10CED757C0CD49AB758FC33D40EBA3C450E6D757C084A2067690C33D403D430A1909D857C0F70C12B090C33D40C7C38C3D09D857C0DEF5E026B5C33D404F019C4509D857C0B438F4A2D6C33D40E783D23B09D857C0C7B9D61D03C43D40D76C254D09D857C0540A121258C43D40D2F0213A09D857C01FB25C9A66C43D401E88E8DE09D857C042D4033468C43D407FFFB5BD09D857C0F0C9BAEC76C43D4088D7759709D857C0E2C1ADBE87C43D401DC95BAA0AD857C0BFCCA226A9C43D402AFA3CCE1ED857C03734C335B0C43D409B89C83C26D857C0D7AE49EDB2C43D40CA61C05126D857C09F295BDFCEC43D403585708326D857C056EAF8CD1BC53D40A6A15CA223D857C0F34034F91BC53D409C23E81C0ED857C03B8EAA621FC53D40A324A8A00ED857C0C056EBDE7FC53D404AC435C706D857C0AB5151EF80C53D40D3C11719DDD757C0B8FAD08C82C53D400F989E2DC1D757C085784C1E84C53D401BB1D137C1D757C0CC2C83F78BC53D40D0A06A48C0D757C0ABE97E718CC53D40360F0EB4B5D757C05A4A00418CC53D40A79A8DDFB4D757C0D9EEDE1E8DC53D40D78D3AA0B2D757C075D884118DC53D404A77DD69AED757C046AABF098CC53D4012C48B5EAED757C03722F50191C53D405C681C2FABD757C0AEBD7E9E91C53D404F89262EABD757C002E40AE18BC53D40286C37EBA9D757C0F16B07EF8BC53D408E532ED3A9D757C0BED2EC5290C53D40D2C41D7AA6D757C0306AF7B990C53D40BF7FA240A6D757C068045E278BC53D40E334FDB89BD757C04FA70E8B8BC53D40475EB7A59BD757C0161867A07EC53D401BDF16649AD757C01C34961B7EC53D40C3E41BB197D757C0C8537F897FC53D401CCE59AF93D757C027E0330F80C53D40F3F0EC4E8FD757C045C1CF027FC53D40D2AB26E88CD757C07A0346CB7DC53D4077451FC588D757C0745A179980C53D40A657E68F86D757C0CCD4974582C53D409938DE237BD757C07EC37D5281C53D406796708F78D757C032C4F8CB7BC53D40E0BA837367D757C073385FC578C53D4064F1684461D757C0615A1B4941C53D40945C359652D757C0A4C65552FFC43D401CBB2FC440D757C0D5C39DA7C7C43D4093BECEDA37D757C0991B9871ADC43D407A1831D331D757C0B2F6C243AAC43D40E33D253414D757C0CC64916169C43D40BC41D7A50DD757C01D28BCAF5BC43D4064C352D1FBD657C0E6197A4169C43D40FE05C7C6EAD657C0828A89627FC43D408BA1FDACDDD657C0724DD71291C43D404C69C261D7D657C072AF8A919BC43D4048B2529BC6D657C0F7935109B8C43D404694287ABED657C013BBB493C5C43D403F379CA586D657C041A663DE20C53D4035A1DFB477D657C0A634EF1726C53D409B809B2A6CD657C003139EDE20C53D40BA4AFC0053D657C0C2E320D520C53D40CD2D85E445D657C0E1DB90D820C53D403678E8D22ED657C092DD5D7619C53D4046E492FE1CD657C0CF5A1EE10CC53D400393117811D657C0CA10C50CF9C43D40ED3D286AF5D557C0A1CE770ACFC43D40C163EA1AF4D557C0938B1671AEC43D406C061945F2D557C01B71571D7CC43D40E9A76901F2D557C0E2103D7F6BC43D40A975C544F2D557C0DC37EB5855C43D403BC8EC46F2D557C0F530CE7F2DC43D4073FDB643F2D557C08F5F58AA03C43D40CA84B188F2D557C0CE6A5B38FBC33D40EF94B346F2D557C04C937092D8C33D403A8CDE43F2D557C06B4AEF6CBEC33D40BFF2CD46F2D557C067717F69AAC33D40B1716D44F2D557C09D243E557DC33D40D7BF9446F2D557C075B01E7C55C33D40653049CCFDD557C046AA6C68E6C23D40686CD39C0CD657C026870A029AC23D402F57DF2409D657C0E27426A391C23D40655F8B850AD657C0C45F39768AC23D403C97A78402D657C0F2E20F3678C23D409D7DDB0AF8D557C0A087F93F61C23D40C9199D47FDD557C0E935710948C23D401DBFD5BAF6D557C05DA81F5B38C23D401BBF8A70F0D557C0A4F2E18528C23D40AC6BB853E3D557C054F4C82809C23D405912CC0CD8D557C08ED672F6EDC13D40C408DFEBDFD557C0CD9362FDC4C13D404C64373ED1D557C0E966BF39A0C13D40A47FADF2DBD557C0825880E467C13D4063264D4FD8D557C00D7F7D5E5FC13D402DAB74BED9D557C003F4644158C13D405F9DD090D1D557C04ABA801947C13D40D54C89A5D4D557C0C7B216B635C13D40C562BF49D2D557C0AB0E380130C13D403C60F86FC5D557C08F6E32C011C13D40C81EF345D7D557C0193ED0C9BCC03D40CF49FEF1CAD557C02FA612509FC03D40ED65E74ECDD557C0DB9CBFD993C03D405253D0BED6D557C0BAA1E5BC64C03D40D63102DFDED557C07F18FCB53AC03D407C323728DAD557C06E3468322FC03D40D44BA2FAD0D557C0FCFE021919C03D40D6750B76DBD557C0B04D84C5E5BF3D405894A816CED557C0F4DA004CC5BF3D40EB215895D8D557C081F2E0F891BF3D4045287AA3C9D557C03636A4426EBF3D409F491E9BD3D557C09B2678063FBF3D408BBB6F16DED557C09E12F3B20BBF3D404938BCC1E1D557C0F54B65CEF8BE3D40961AF392E8D557C053CD4F46D9BE3D40B2E443ACF5D557C02643786E99BE3D402CC80048FDD557C0B32B9B74C4BE3D408327FDF100D657C014A520A0CABE3D40A3B7FFA60AD657C01A77988A9BBE3D40AD5E6DC317D657C0108D7BE7BABE3D40723C623F22D657C0446EACA888BE3D40B678E58928D657C0FC57AB4F98BE3D40667ED3A930D657C0512B884FACBE3D4084E88A8E3ED657C0C67DC8BDCDBE3D408195048348D657C0476A05709BBE3D40EF343BE355D657C0E42BD5FDBCBE3D40C555D48F64D657C011678AABE0BE3D4055096DCA6ED657C0CA31367AAFBE3D4060C925117AD657C064A8C7ABCABE3D402702857E83D657C0FA93B8749CBE3D408288B40494D657C0F9227C3CC1BE3D40D8266EA5A1D657C0BFE2E9A6E0BE3D40E2631AD1AAD657C0B261A8ABB3BE3D406DC9CA2FB8D657C0E1DAC00ED3BE3D409FC81D9FC1D657C0406ED8F0A3BE3D4066310025D2D657C040F3CEC8CBBE3D40BE2EBC0DDBD657C03CB773ABE1BE3D40A719F483DFD657C0391AA2B2CCBE3D40F2BFB0CEE5D657C0B08E3B73AFBE3D40E130BCF1E8D657C0545CCCD2B6BE3D4008629519F7D657C0174A165CD9BE3D40632652CD00D757C0E7096430A9BE3D408063F12C0ED757C0775B00A8C9BE3D407817859C17D757C0846E995B9ABE3D4074AEF40B21D757C083F34DDFB7BE3D4046F97A7F25D757C055823620BEBE3D40BCA22CCC2BD757C08DB2068CC8BE3D40564C51EC33D757C014C4E78ADCBE3D4049FA7CBF38D757C0D3639758D9BE3D4034F6E3133AD757C0E7E0DCC3D1BE3D40E098E1DB3BD757C06653BDB4CEBE3D40AAEA7F2D3ED757C0C928C0F9D2BE3D4098363E8A41D757C007706985D3BE3D409C3439C64BD757C00A1090BDCCBE3D40BDD663565DD757C0C4669E98DFBE3D400E30ACE463D757C0CE514636C0BE3D4069D261C971D757C0CB5DA6D0E1BE3D4007954E7D7BD757C070954876B1BE3D4028749F7988D757C0BCC82177D1BE3D40E0CB890F92D757C092882A98A2BE3D408D9A18D592D757C0CAB5A61AA2BE3D40	34	hou	\N	\N	3
61	vector	007	TAMPA	Sanborn	2002	WGS84	WGS84	Sanborn	Yes	0	0	Polygon	Yes	2.130000000000000	0.820000000000000	256	0106000020E6100000010000000103000000010000005700000074F082EC1F9D54C0D3332865A3F03B408693460A3A9D54C0E25BC1B0C1F03B403B74A76C5B9D54C094C857B70CF13B4081E386D05B9D54C0FFCEEFD430F13B40C76C43BC5C9D54C007AD3F0A7CF13B4068CE4C065E9D54C0087072AD95F13B403ADB13E2649D54C02EF89DA2CBF13B4065FC244B699D54C063331F1EE4F13B40145284DE799D54C0AC407F4D40F23B40B9AA6CE2939D54C00CFBE3F8A1F23B40AC62FBDCB19D54C048A2A67106F33B40F5C55102B89D54C032E499762FF33B40EADA1BA3C59D54C0EF6358B387F33B40C4C7F42DC69D54C05BE45C88D6F33B40A09B31A7C69D54C03984CAD707F43B40C94A3E1FC79D54C0DF0D9EEF74F43B405745C663BF9D54C0622E459EE6F43B401CBA3BC1B59D54C0EC98DB9CEBF43B402C1198C1A69D54C0D8464289F3F43B408973F008989D54C0A0E87277F8F43B401672693C859D54C04AB52EC112F53B40E3E065D3739D54C001AEED0D01F53B40B9F671FC729D54C031CF24CF02F53B40E161707F6E9D54C08FDEBD9E02F53B40B6A4B0C4639D54C09893A98302F53B40A2FBA8F25D9D54C058548A9702F53B4008F11EF25D9D54C0E9A0719900F53B400FD4F1B35B9D54C0CEA69C6200F53B4021906144419D54C061AF403B02F53B409212C5A4369D54C029AC1E3F24F53B40D8E0A13D369D54C01B3265E817F53B408FA12C6E359D54C0E1A374CFD0F43B40CDCA8CE1349D54C00294B18556F43B405B9410C7329D54C02DD198CC56F43B405812CEC22F9D54C07BC0049855F43B406FB9F69D2F9D54C0BA27D31B52F43B40B3EFD7242E9D54C02BCD4BA151F43B40409C54CC299D54C0056CD53052F43B40FC09309C2A9D54C0C79FDC0836F43B4097E30A7E239D54C03DC0F98014F43B40A9D937051E9D54C03AAFA25512F43B40F2D144DE199D54C08E60313104F43B405FDA0213179D54C08158B0B00EF43B4056136822109D54C0DDF2020611F43B40B8652C690C9D54C0816AFC580AF43B40537FDBE5F49C54C0D092DB7F15F43B4002E3B08EF49C54C0E8FEC2371FF43B40A4A88D8CE99C54C0766DD65B20F43B40B4FF4B40E69C54C0A372D0681EF43B408AD588C0DE9C54C0BA82337E22F43B40A2DD18E3DF9C54C0DFBF3831EAF33B404099E411D59C54C060F3892695F33B409B01A65DDA9C54C002BA59F374F33B401E34CC8FDC9C54C0A229845A45F33B40FD5025ADE09C54C0DDB652A12FF33B40B921B5A7E09C54C042E307B5D7F23B402CD52300E59C54C0FBA600EB90F23B402DFABAC9E99C54C002EA5A0960F23B40C9391734E99C54C04DBFE06049F23B404645CAB0E99C54C06C1AC26202F23B40E13D17F5E69C54C0B33C376D02F23B40FF9275B3DD9C54C02797FFCC01F23B40F1E25574C89C54C093FFE15401F23B4014D33208B99C54C0ADF9414A02F23B4010567D06B29C54C037D1E55C07F23B40E001F453AD9C54C0619515EC07F23B404DEF9DF3AA9C54C02D76E56C0FF23B4028B337E9A89C54C0DCA3537A08F23B4087B08C85979C54C0057E2DB408F23B406F431038979C54C0CD38E34837F23B40A96C1EC6889C54C0AC24027C35F23B40A36A1E38899C54C07BDDB12409F23B40F53FBD52749C54C07EEC9AAA08F23B4079B8B4E0739C54C07984EA0135F23B401F5069D5669C54C089E2E72E33F23B406AC1F011679C54C052361A1708F23B40AF6C594F5A9C54C08BCB754208F23B4051253F185B9C54C0E624B1B4D0F13B40745DF70A649C54C092DF343293F13B4065E465C56B9C54C0D5849D8B5DF13B40C8533F2B919C54C01B60737B30F13B405697DB4A999C54C09773B4A926F13B400F0928ADAD9C54C0A88D1A3813F13B400CA303F3C59C54C0D3725F5FFBF03B40D6A6E951EB9C54C0D36F41A4D7F03B40CC48124E109D54C0E470CD8AB3F03B4074F082EC1F9D54C0D3332865A3F03B40	61	tam	\N	\N	3
46	vector	007	PENTAGON CITY	Sanborn	2002	WGS84	WGS84	Sanborn	Yes	0	0	Polygon	Yes	4.290000000000000	1.660000000000000	1230	0106000020E61000000100000001030000000100000081000000EDF3FDFE584353C01441E3E7996B4340A86F9CF9724353C01626D803A26B43407851CA297F4353C04B583186A86B434032633F75A94353C04801CD89CF6B4340F0EA908BE14353C010009031F86B434008F245AEE14353C00953E3E2FB6B4340416DF2ADE14353C08134C0E4FB6B4340A5372FC2E54353C06192196A056C43402DE4D027E64353C0FB5C3FA70B6C4340DC37E133E34353C082F9B3E40F6C4340C3EDC185DF4353C001644348106C4340C21EEDE8DF4353C0B1C5AE7A176C4340E559BC26E04353C06DE12FF41D6C434058EB4EEBDC4353C051E9B695276C43406EE9F99ED84353C030CC5BC5376C4340A6ABE53DD34353C043A83B8E396C43401DD2CEFBC84353C09F987110396C4340A32F4E0AC64353C022D39A583C6C4340B0B6D485C24353C022F6D3C73B6C434022731D3BC24353C05BE9FE553A6C4340D03C5A20BA4353C01D5E5FF0386C43407B4AA68CB74353C0F1F1803D366C4340D807F1A8AE4353C0EBFF94BD366C434042D4EB04A94353C0AF81BB4C436C4340BD0301E4A44353C09E500ED0516C4340FE1BBCCAA44353C07E8515A25B6C4340C0BE5A1DA74353C005F45863686C43409D669827A74353C020E03EA6736C43404D56DF3FA54353C07D6A934F7A6C4340F4FD7024A64353C0BE655900856C43405A28410EA64353C017ABC99F8D6C4340F0A06F3CAC4353C019535499976C4340E48EF5BCAB4353C0DFAD856B9B6C4340EC6C8946AA4353C09533F8C4A36C43401CEA02CBAE4353C00DB40B8CAB6C4340BC3D22D4B94353C069626E31BA6C4340E9A22039BA4353C04E28E6ABC06C43400B38DE64D84353C067BE8069C16C43400C08F14FE04353C0E3238C28C66C4340850E322FE64353C0A928635DD06C4340D9C6BACBE94353C0B446992AD76C4340C27E35D4E94353C0D86F7225E36C43401EF7A506ED4353C0FBDA2B24E56C4340EFC442E0F84353C099F6D103EF6C434065CC8828F94353C0762BEB6AF16C4340282F20E9054453C0A36383FDFC6C434038DD738A094453C04F9A96A1016D43406DCBE09D094453C0CB4E4EF7276D4340E3947534104453C0F95641E3276D43403FD02566104453C04701BE9B2B6D4340D8C9B0E3104453C047DBC8D6376D4340F9FE2154154453C07020ED2F386D43400813FD58154453C0D2A5AD9A456D434041178AD6154453C0DE2DB8D5516D4340039778FC154453C051769BA6616D43404D21CC78164453C06D78485C6E6D4340BF86B4A6164453C074390A107B6D43404934BB9B174453C0FB1F0196866D4340310CCF4A174453C045ECA5DE966D4340F9919D28174453C0636E0087A46D4340E4149128174453C09AD64ADCB36D43409F4B3A86174453C0C06BD98BCC6D4340E2CF353A174453C0D619F3E9DA6D43404DB2B196174453C040EBD9BEE46D434063B2E3AA174453C0FE5CA82CEC6D43408E5BAB27104453C0877199B5EC6D43405F87095C0D4453C030906879F06D4340D84014F9094453C090778411F26D43404A7091D2094453C033701767016E4340C5254516094453C0769F06452C6E4340137FA0A5054453C0FFCDB0CC516E4340339BBC7B0E4453C02D2FB6CE566E43401BE7E188114453C0D7C3C669676E4340943149C80F4453C0190966697D6E434092AAE9C40D4453C0CCDE10DA8E6E4340549B3A050D4453C07336E4BB9C6E434044B4A71A174453C069F5B59D9F6E434056E20213244453C083E32D4CB46E4340D70137C3224453C037F6F0E3BC6E43404742F880134453C0318E5FDCC56E43406D291E97054453C034EC8BE2C26E4340A04979D1024453C026FB7396D36E4340DA81CA11F84353C06ECC544FD46E4340222DCA99F84353C0E7153926EA6E43402B75BA7BF94353C04BD68DB5F36E434094D6596A044453C0A90682AE106F4340415FC172FA4353C0AD5BA2421D6F434024DFBC45E74353C0335D235B356F4340F54ECBE3DE4353C0055E2C95446F4340AE1CA09DD84353C0AD09BCE2556F4340F14B8B41CB4353C011073CC57E6F4340EAD0095AC84353C05DCE5A28876F4340E39A2225C34353C008A7D04A956F434085010B4EB14353C090114AAFC86F43401B3F584BAC4353C0CD6D2DD0F66F4340EB9777C8A54353C0B12FF52A14704340B0B9DC34A54353C003E56DB71F704340A2540832A44353C0FA606B672E70434035F57F2CA44353C0BD30EA46367043405F15E6E7A34353C014C1467A457043408508CC8A8B4353C0DF3F588E52704340CFE288107F4353C0FDEB67BB5C7043401AE27BBE6F4353C0B5DAE92169704340173B788A504353C04368082F147043401910C364524353C03288D9C4DF6F4340ADE9982F384353C0C50040DD806F43405A0BC0871F4353C0B5969EA7666F4340CB7BD6BF194353C00E87557F636F434005238590FF4253C048622CF6576F4340374C1E8EEF4253C0C274FA3E536F4340F1929CF6E74253C0AA8735BE526F4340AAC355B2E14253C0A8F07F6C4C6F43408D454A92DA4253C0560627A2456F4340B2449825CD4253C02A7E21C33B6F4340F4C4061CD64253C0DA8B72E40F6F434046A692A6E04253C061A77DDFDB6E4340BE392E10EC4253C02B4BE2F7956E434083DCCEF9F44253C0FC3FA830586E4340C72FEAD9F94253C0B138004F2C6E43406C3EF3C9024353C0670CD2B4966D4340A5B8A7DB064353C032D97215546D4340455BDE50094353C0DE970DF43E6D43408B0D90F5244353C03C533623E76C4340FB8209153A4353C0D5EC3B639C6C43400D94EE74454353C0AA8C6B1A656C434040634FC74C4353C01E8DA72F1F6C4340C14F66994D4353C0AFCAFA0DF06B434040A24A2C4B4353C0A3E2D77F9B6B4340EDF3FDFE584353C01441E3E7996B4340	62	was	pentagoncity_	\N	\N
25	vector	007	BROOKLYN	Sanborn	2002	WGS84	WGS84	Sanborn	Yes	0	0	Polygon	Yes	5.810000000000000	2.240000000000000	4424	0106000020E610000001000000010300000001000000C7000000381BE2C2457F52C05EAF5AF1AC564440C522FA3F487F52C025B27AF1AC5644401F554AB64D7F52C06D48AD1AB256444027E1A7E14C7F52C0236E23F2BE564440F7D069644A7F52C073869BAEC5564440A8C37A0F507F52C08E2F38F2CA56444085F50BFF517F52C0957460D7C856444021344DC5587F52C0F9A6AAD7CC564440072DEB035A7F52C0F06B6D79C95644408C2587BF5D7F52C094066CCACB564440FAE30F3A5C7F52C038580D51D25644405B9084DA5E7F52C0EE04FFA1D4564440829CC057617F52C00AAE9EAFCD564440A802FD1D687F52C08F76075FD3564440C5768A49677F52C0C1F3C1CAD756444068C8F89A6A7F52C039879D51DA56444024409BEC6D7F52C08F9C6F0ED156444022AD4946707F52C0971CADBDD25644401D36AC27787F52C0416F5AE6D9564440E85474F9747F52C0651FF951E2564440CD869C837E7F52C082F81FA3E85644406C402603857F52C0154548BEEA5644404EC2B8A3877F52C07283B61CE6564440F6654DD48E7F52C0F2B56E2AE3564440ED56B5D6927F52C096C7A2F4E6564440D254DF8F927F52C0BF06D188EA564440FDCABAE3997F52C00BE1827BF15644404CD6EDBCA27F52C0C0BB601DFA564440F48CCF10AA7F52C0270BEF45015744409BAB6FD5AC7F52C08259806F00574440EC2A9980B27F52C04B96BF1E0657444048C83586AD7F52C0E4CADC7C155744408F694365B17F52C0D15459A5185744400D4246DAB47F52C02EE706980B5744403F5B3D7DBB7F52C035EA8EC00E574440D480A2EFBA7F52C0BEAF297D11574440953D356FC17F52C0F5BB771115574440F3A79930C07F52C00E435B2C1B574440EE9E418FCA7F52C08A11A5DB20574440F37CA963CB7F52C0C07B1B041C5744408BC93504CE7F52C0D0A6619817574440AB5A774DD27F52C0BC510D551A5744408D6BDB4ACE7F52C0EAF6CF6F3057444000A1EC1FCF7F52C045974D99335744407B1E21C6CC7F52C003A35E483D574440F0F0FB48CA7F52C08D9C96C13E574440CA3D92C3C87F52C0194784C146574440F0445218C37F52C0BC562C484557444077C718FDC17F52C0222488704C5744400A6377D1C27F52C014BECCE94D57444000A5203EC77F52C0163050F752574440F1C97F61C77F52C022B565C1565744406E5C4C95C57F52C0706A47DC5C57444041587EFABD7F52C04845F64759574440D3463FCCBA7F52C015048DCE6757444028441C54C07F52C0A8A328C16A574440A2DEB27FBF7F52C033E5398B6E574440D455E287BE7F52C00BA1F8F67257444081FCB2BBBC7F52C01DF7A87D755744401E25E174BC7F52C07C740EA678574440B45971A0BB7F52C058D1BC2C7F5744402BDFE566C27F52C0F634425582574440A87DAA27CE7F52C0E41A4E8B8657444096E4741FCF7F52C0F31DF54785574440CCC19FFED27F52C0AB7A4FC17E5744400C2EF396D67F52C0FBBE64A6805744404C3AEF34D57F52C0EFFE53A6885744405D39E547D77F52C0B4E3EC7D89574440D15FB3B3D97F52C0429C95488B574440E4BB069BDC7F52C07D956A9991574440CD666C5CDB7F52C0FF67BDDC965744402EA73BCCD67F52C0EE5D6748A3574440FBDAFF4ED47F52C0E027A98BB057444067F1C782D27F52C0B85ACD1FB85744403A2F5688CD7F52C0EAAE1A2DC9574440C2BAB020D17F52C0B0B5FA7DCB574440B989A633D37F52C042E5FA7DCF57444076B10544D17F52C05997CCB3D757444061F278DFCB7F52C08B0F793AD65744406E7D4013CA7F52C024FFACB3DB5744409C6C0D47C87F52C0B091B098DD574440111C9610C67F52C0DB7D9498E95744400C7789AEC47F52C049A866CEF1574440BF4471EAC17F52C058D8E48A005844405A143ECFC07F52C0A373A9F600584440AFEC894ABF7F52C0FCC0A51203584440AE9DD747BB7F52C011F9DB5510584440AB7E40A7B87F52C04C563C7E0F5844409A6965FEB67F52C09AC2CA3A1658444092028C2CBA7F52C05372DE1F1C5844401E3A1EBABA7F52C0523211B41F58444035E7F693B67F52C02088232D31584440CAA6223AB47F52C00CDACFB3335844406B0010D8B27F52C04506F2473B584440C799B9F8AE7F52C049F35B1F48584440D8B1E88BAA7F52C0E582AF474758444082204191A57F52C0DD3FB1C05C5844404C307821AA7F52C09148BCDB5E5844405082BDFEA97F52C0786CFF70625844405DB1D455A87F52C0BE7D44B46B5844405E5D7B42B37F52C011656BCF71584440920F2BBABA7F52C071C319C2705844403DCCD957C67F52C0E45C873B76584440509F33CAC57F52C0F34C528C7C584440EC429F80C17F52C03B864B3B8E58444023E128D2B77F52C0CD55642DB558444006777A7CC87F52C027FB1264BB5844406D910AECD07F52C031A867F8BA58444032D73897F07F52C0BD54EA56C6584440EB1A465AF67F52C0BA9CFC92CE584440279514460B8052C094AD6523D85844408DC4C39F058052C0767056740A59444096C8FF37F87F52C05FF514AE3D59444048C58907138052C0F35AE8A750594440FDD0E217118052C0295039EB59594440F2B91762088052C0D8F2C8A8745944403BC7222EF07F52C0CDC0C2DE64594440B219F7B8EC7F52C0FE2AA3DE745944406BBE3F4C028052C07E15CB728459444046D877B6028052C07A37721489594440004B667AF87F52C0C345DDD0A75944407BF14FB3E47F52C02D68A33C9C594440DC12DA8FE47F52C0254E1A14AD59444032486795EC7F52C09700DC7FB9594440515748C6E67F52C0EE456C21C6594440A3BB1F28DF7F52C0C37226D3D4594440FDDDBE0ADB7F52C08E46F60C165A4440F3CCFE1ADE7E52C0788339CF9A5A44400B484288D07E52C08A829F23665A4440C6CEBF6CCE7E52C08E90F701645A444020C0E02BC97E52C069D7210F515A4440D2B14355C47E52C01A896EE63D5A4440500D04B7C37E52C0C37800022A5A4440E2AFD15BCA7E52C0C35B362B095A44408350F6E9CA7E52C0E36A6810FB5944404959F94CCC7E52C017C8A52BE1594440DE83587BCD7E52C00F132BCEC359444045E596BCC57E52C0EA3AF1F5C259444037E7C9E5C07E52C0AB28802BB759444048DA46E6C07E52C049781D1EAA594440E84F96CFC17E52C0B3AEF9A55E5944405E44F7E7977E52C062FA3F6C5A5944403338B3C16C7E52C0A7267C0957594440CFE21B76647E52C0F07DC0D3565944407A9A2BBA537E52C05E84B22255594440C100DE00527E52C04AA62723435944406AC6B0B04E7E52C068FC1FD2245944405FA96A6A4E7E52C08AD96C4B1A594440F3A25108477E52C03551143ED35844405D0BE3823F7E52C05EED293E8D5844401F5ED032367E52C002A0A64B2C5844400FBC3A3B2F7E52C03A8670EDE65744406F152F322A7E52C05B0DE866B65744401CC21F8A287E52C09E684D59A95744409E04B7EA1F7E52C02042572357574440508645CB237E52C0E952F33E3D574440C77E92582D7E52C03804735B075744404AFD4204317E52C0CE8E136AEE564440DABBE9634C7E52C012A28E01FA564440356A7CBC5B7E52C05E022554005744403D890FF35D7E52C01E16F446FB564440F79CE42B647E52C0AFAF1470FA564440AB43EB1C687E52C0B6DE0B71FC56444053322CD96B7E52C01032A33BF056444098AF5C3E717E52C0015CA49ADF564440799EF01B827E52C0FC989C15ED564440E4E86F618F7E52C059BAD931F7564440D8F53332997E52C0DE9F325BFE564440EBF0AC839C7E52C018794EC7FE564440151C5B1CA07E52C00F858D18F556444038C48F89A47E52C090EAE569E756444056F22D76AF7E52C0DCC62700EF564440DF5A3ED0B17E52C00718D828E6564440B563B1B2CA7E52C0E13DDB45F8564440638D3C92CE7E52C09242E402EB56444022180533D17E52C029F00C39E35644404D1B6EE0DA7E52C06268512CEA5644400B5122A1E47E52C0082FCD2DCC564440065B253F017F52C0E1637EB6E25644409D178278077F52C057742581CE564440772AFF67097F52C02723A3C4CF5644403E149551107F52C0DE2F6E08D55644402CA206CC0E7F52C034EF7E9CDC564440B1B601720C7F52C0CE60E858E7564440018B1ED9247F52C093B1C390F95644407CACDF2A287F52C00B97490AEF56444042812D592B7F52C0FD2FD768E65644409157F5B3207F52C01DAF0BD4DE56444001B6D37A277F52C0B4B9C868CA56444032FA5CC62F7F52C0CFDD6218D0564440A6CAABA5337F52C07246095CC5564440354ACD22367F52C0400DD018C4564440186EEA1C3B7F52C0BE272AE3C75644404F3B8F0C3D7F52C00B52EE9FC2564440D1728CB0367F52C04A0A77F0BC564440E3A945643B7F52C07EB1A441AF5644405477F16E3E7F52C0C5F3CD41AF56444000BC738C437F52C0CA8E5DA0B2564440381BE2C2457F52C05EAF5AF1AC564440	67	nyc	brooklyn_	\N	\N
37	vector	007	LAS VEGAS	Sanborn	2002	WGS84	WGS84	Sanborn	Yes	0	0	Polygon	Yes	16.570000000000000	6.400000000000000	2730	0106000020E6100000010000000103000000010000000F010000BBFBC0CDF2CA5CC0D8696EC48C0A42401CEEB69509CB5CC0048F7CEC8C0A424050CB1E1F0BCB5CC06B500428950A4240FDFEA5B50BCB5CC04221E320950A4240B6BD26450CCB5CC064FAACB81A0B424014A56FC744CB5CC052070BFD180B42406C4F3DA34ECB5CC0132264020E0B4240F72210985BCB5CC02AF45D79090B4240A06AC4DD6ACB5CC09AA7006B0A0B424000DD50DF6BCB5CC07AAAA5C9170B42408FE950EA75CB5CC0910B9D7A170B4240C5F84DA08ACB5CC096560C0F190B42403F35D3258BCB5CC0648DC4B7BC0B4240749ED4EF8BCB5CC0496FF7879A0C42400E7FD1FB8CCB5CC03BE2C9A7EA0C424066CB9AE09ACB5CC0C98B856DE60C42404075BD05B0CB5CC0E1E11C3BED0C42407843950FC9CB5CC039465BD2EC0C4240C7F1E9F3D3CB5CC0EED1FEB0E60C424011EADDC7DDCB5CC0416C3A61EB0C4240CA742F7ADDCB5CC0AE2A9107FD0C42403786ACACDECB5CC0878B0BB4230D4240792D27ADDFCB5CC0F62FAF28310D4240264D2FA3D7CB5CC0F71F85BA350D4240E8546DD3CECB5CC02AB9A79C380D4240596DD39EC9CB5CC080D49215430D42409087D955BECB5CC017CD9591430D42403249CF1EBBCB5CC009941158450D42405D8EF71CB0CB5CC0689DC95E440D42403E767DE68CCB5CC05EBA129D410D42403F13E82D91CB5CC01281D9EB540E42405FBC84F791CB5CC07F338BCEB30E4240D0EB908C93CB5CC0DA385721690F4240361976CC93CB5CC07B673D778F0F4240339ABB1C95CB5CC05824CC86261042405A3ADDA295CB5CC08113E83475104240BDCAB75294CB5CC024773257821042402E36032996CB5CC0D8235D759C104240D981290D89CB5CC026BA3372E7104240426DC9BD87CB5CC0D2F3D337EB104240D3E7CA3F7ACB5CC0B32230731211424020A31AB479CB5CC0EC65B0BB1B114240336FAE1771CB5CC0E06D180D341142403887EEBB6ECB5CC0CA93CB8A3E1142405B647EA26CCB5CC00D10F108491142402B1C252D67CB5CC0F2A48A245011424096ED219859CB5CC0A673E1567B1142401333DCC14ECB5CC02C1949BA8C114240B8DEF96F0ACB5CC0C60275FE2C12424048BDC41FEECA5CC0A7BA212270124240187162ABE9CA5CC0D49B8AA470124240E68094CDE1CA5CC06C76BDC470124240DC7E631DC8CA5CC06C3E163B7012424022E9B48CB6CA5CC08FED9F916F12424081595BD5B1CA5CC098B94FC27D12424067A5585CAECA5CC0B866CB42881242403CB04686AECA5CC05C753A2C8D12424025D6ABDFA4CA5CC0F5E446FCAA1242404B80B688A1CA5CC08713B50CAF1242405ABDF9A493CA5CC0CCD2160DD91242400202D79E94CA5CC0E26CFEC2DB1242405840FB5491CA5CC0D962ACC6E712424092318E2A8FCA5CC055B2E799E6124240BC7B58F773CA5CC0D8CD05ED38134240777D2F446ACA5CC0F775D9A5691342408E9B45E168CA5CC0CCC3FFC16A1342402A54144165CA5CC03425FA007A1342404D6F73AD55CA5CC03389DD3D85134240BFC895D94ACA5CC031DBB3CC82134240DE14497F49CA5CC0F569F0E183134240D40D759335CA5CC0C04F72D782134240BC478D7212CA5CC01D01BDCA80134240E757643FFAC95CC0BD3EC3467F1342401D012EC6FBC95CC016A838318413424041083D58FEC95CC07EE18CC68B13424078FE32CFFDC95CC087016F1392134240203093FEFCC95CC0C16770F09F134240805B31D6F9C95CC088BF95ADB31342401F093AA6FBC95CC075EE7C1CB4134240F67158ACFCC95CC04F45DBBDB81342403A54E263FCC95CC0BD8BBE90C11342406D9F95F8FEC95CC03960C65DC5134240EEB2FFF0FEC95CC0953D144BD013424096ED857B0ECA5CC084356281D2134240790034320ECA5CC035DC0997DC1342401CD25482FAC95CC0E2962859DA134240E5F9FCB1F9C95CC0CEC192CAE71342405F99044411CA5CC0662A4E52EB1342404758ECE80FCA5CC08B412496011442400CE6B3E200CA5CC06A7860CCFF13424041392641FFC95CC0C41DF9F11B144240F4D8AB26F5C95CC07CB953081B1442400F19E803F4C95CC0C4C6A2963F144240D4026402FBC95CC0EBB79A7A40144240E12237BAFAC95CC039E0E6E148144240F1ACC7A5F9C95CC03CBE3B2058144240D761406406CA5CC08EC91DC058144240F4709A1B0BCA5CC04575FC52591442400E6438C213CA5CC0E544364E58144240B29A44C213CA5CC0492762DF7A144240B9A740C213CA5CC08BCCDADF83144240C700133012CA5CC07A1D60AF8C144240A605DF770DCA5CC01FF6D4EFA6144240057768340DCA5CC073789A74A91442400FEA830704CA5CC03D96A242DB1442404E4C069DF5C95CC03ED9FC172B1542400D4D159DF5C95CC08BD41D65311542406B4708C2F8C95CC0F9F9709E38154240FE07E9BCFDC95CC04DFE666A3E154240CDA5093E03CA5CC0ADB4D94B45154240E1AE74FB02CA5CC0FC7FA0D047154240F6E8DE3102CA5CC08B1AF2AD7915424033E6D51800CA5CC08B8FE06395154240467FC77EF8C95CC0C5C6C314AF15424080E3C9A6EBC95CC081DA524BC71542400537EBF3E1C95CC0213240CFDE1542401A245661E0C95CC0108B2B6BE01542408FE694B0C6C95CC03ACA5538FD154240011AB480B2C95CC01104D9B210164240B42AE1D79EC95CC0B8FC230024164240000712978EC95CC0835E9E34311642408A3552048DC95CC005CD37563E16424010345F6C90C95CC01626029C65164240C5F9FAEA54C95CC0505306247B16424063F7FC0852C95CC0C8572A337C16424042E4DD8251C95CC095472F327C1642405E4769D237C95CC0D11CF9E2751642400A92642824C95CC009318DC76816424043F1955A0DC95CC072F6018D65164240B66E4FE508C95CC0B1C9A6C271164240D3B00E3A05C95CC089E4E32C7C164240549821CAFBC85CC0BC4E0140921642405EF22793C6C85CC07F6A221B6616424094F7FDA8A2C85CC0D30B86C5471642404B15C59EACC85CC0701D734227164240910CC320B2C85CC021129E65141642407F27276BB8C85CC08B84AA4CFE154240492C5D7AC4C85CC075FDF294D815424098887FEEADC85CC027948FB0C5154240ACAB6440BAC85CC07465E80DA1154240F21D2E7AA9C85CC0D63B935892154240677F1089B5C85CC090D409DE6615424079A97254C1C85CC0E4E787964215424004E353E2ACC85CC0FE67AECA30154240C7FF46E5B7C85CC016294FBF0F154240B1BC53F8C2C85CC07546519AED144240199ECAE8BFC85CC06D2D8DDBEA1442405F4C46EDB8C85CC06CFC1FC3E514424036BAAFECB0C85CC0BEC277C6DA14424027180EBDBAC85CC0B48075DCB91442402908338CADC85CC081EBD3EFB0144240C06862CAACC85CC0420A57C9A9144240EA84F049A5C85CC0CA4F791BA5144240632CDC26A7C85CC0226ED5E3931442405395CA01AFC85CC0F8F8B85E77144240D7223F83B5C85CC09D5996C06D14424019FC3739BAC85CC0B8FF8F655D1442400BEFE428BFC85CC0F32F17A7591442402DDD7705C0C85CC095E7F4BA5614424063C89E84D5C85CC0EF1952A155144240F23FECB5F4C85CC08BAB7EAE55144240EE4C94D6FCC85CC09814E5BD55144240240D861402C95CC0668EBA99551442403809E7EC0EC95CC0C0D903B255144240F750165F23C95CC06B6D7EAA55144240B3975FCD3CC95CC0CA3139AC55144240B2B09C834FC95CC0FEB87BA9551442400BE800FD4DC95CC042B752E749144240FC1891D34EC95CC094802E0E34144240A34980644FC95CC038E106D4221442405D5D916F4FC95CC030514147131442402FD3410351C95CC0C838FC4D0B144240585EDB2254C95CC0B81FBE4806144240B619E3C958C95CC07BB259850A14424095199EC85FC95CC0105E03FE0A144240A4013C0E60C95CC0AE31065F0614424031FB152761C95CC0DB325C86F0134240FC96A73E61C95CC0AAEADE52CF13424090F30D5165C95CC0BC078E878C1342401F93C95B65C95CC0CC2A5E667D13424022F6E48D69C95CC053DD4BA37C1342407C3ABAA069C95CC07E9311897A134240878F8C7B81C95CC099F63D927A134240B9A49A6085C95CC0127C008B771342405806CB8E89C95CC022880BF76A134240A8FC21368FC95CC03F9C8E466513424036C304B090C95CC0071D925A60134240F014DFB29BC95CC066629FB65F134240B69B4209A3C95CC0A1DCEF395F134240CAAAEACDA8C95CC06FDD9A445F134240E2B9C953A9C95CC0984BFDDC351342404B1E3D1DAAC95CC0969B21F00013424047E61E48AAC95CC0EE95163AF31242408229B3F5A6C95CC09D6F7FC1E11242402E92387BACC95CC0E6BA5860C4124240B03551D2BFC95CC05F9EC42787124240FC1C02BEC3C95CC0CB9943937A124240F15DCC3FC3C95CC02557BDD565124240E181FF7BB7C95CC07FE418BE6612424081BA9D38B7C95CC0AD6D22BD5D124240F395FB80B2C95CC0C578629557124240BC615B31B1C95CC0EF596D3E26124240F73BBF1FB5C95CC08FD4AE351A12424083A88656B4C95CC089458FC2061242403789FE56B4C95CC0C6E48FB2FA114240AECD09C4B2C95CC0155660B5A511424047EAF3968EC95CC03B589A9E8111424018E9000988C95CC0D52AC2D52F114240AA7769C877C95CC0D92B13AC18114240A129D7D274C95CC09781D383FC104240FAF4BB8A6EC95CC0002A97D7F910424062A5A5B663C95CC0BBB56345E7104240C757EEDD63C95CC0366DA9DCD11042408B217C4962C95CC090EE56DCD0104240FA0C519658C95CC0BB203A949C1042406A2EC38362C95CC09F70046D9C10424092E264D062C95CC0568A6713881042400D2FF1A262C95CC02BBCB1A76A104240042ED39B6FC95CC02AAF3E2F631042407AE79D9492C95CC0B82D782D621042409AE7D4A3C6C95CC051F1FF3B6410424055EFEFB2CFC95CC0716735D266104240A73B4A02CEC95CC0A9B7CFC29A1042409A2AA531E7C95CC0B3DC845E9A1042409FDCFDB7E7C95CC0B110F703471042409557D6FAE7C95CC044D4A82EFF0F4240B06CAC3EE8C95CC0383EA2F3C30F4240AA620D3EE8C95CC03AA514CFB60F4240C421D74CF4C95CC066576A6FB70F4240E4EACF2B83CA5CC04BCA0E9BBA0F424033776AE882CA5CC0BD63A3AEB20F42401B0244ED7DCA5CC07095711BB20F4240F15BE6977DCA5CC0BB1B7693A70F4240372435F774CA5CC0DCC12643A60F42407AA6513A74CA5CC09083218C970F424061910F7674CA5CC0F5379C84710F4240A5D8F00674CA5CC038D57AFE510F4240384D37ED77CA5CC04637CA8E4C0F424020DEE33F79CA5CC06900610F420F4240EFF069DB6DCA5CC0E35027B8400F42403CCF955D74CA5CC08EAB1928340F4240E7444B4A7FCA5CC07E36F0E5330F4240CCF29D1281CA5CC00D09018A230F4240265E4BCF80CA5CC05B666D40090F4240D54B7F8C80CA5CC06E73EA0FE50E4240E7D70A0680CA5CC0196A529BAD0E4240A8EC233D7FCA5CC0F192B4F04A0E42403DD03B737ECA5CC04A845EE5F20D4240FCD2AF307ECA5CC01D95E0C9D80D42403E0598ED7DCA5CC0BD6DE0A8B70D4240B97484ED7DCA5CC02F0FF6C5990D424003C560ED7DCA5CC0095764967E0D4240DCF325ED7DCA5CC00418EF9E5F0D4240862EB0847ACA5CC0676A4A5AEE0C42408E214C6C78CA5CC0765DE7EE7A0C4240D4F83FD78BCA5CC09E2CDFBF7B0C424072EA6EC08FCA5CC02A2E55FB770C4240B4098419A1CA5CC090F64C1A780C4240C113EC70A3CA5CC0DB7D8EEA730C42407DFB6CDBB6CA5CC0F2F3E24F750C42409980E711C6CA5CC0234C8600750C42400176C047C6CA5CC05245AE4E550C424013EA7A2EC4CA5CC00DE91C89050C42403D2DFDFCBFCA5CC0EC1D317CA20B4240F1CCEB2EC4CA5CC0A3BDCBD4940B4240CE68DDFCBFCA5CC0E7F8CBAA4F0B424080DAD376BFCA5CC05F3E283C280B4240AFABEB55BFCA5CC0CB3F2EBE980A4240B0401E16E5CA5CC00D5202F5960A4240D57D31EDE7CA5CC01475A05F8E0A4240BBFBC0CDF2CA5CC0D8696EC48C0A4240	37	las	\N	\N	3
45	vector	007	MINNEAPOLIS	Sanborn	2002	WGS84	WGS84	Sanborn	Yes	0	0	Polygon	Yes	5.230000000000000	2.020000000000000	864	0106000020E61000000100000001030000000100000076000000F969917B8A5057C0B0FBAFEDB57B464065327BC2905057C0C4446102B67B4640512BD27F985057C0A7D913D2C67B46404BB0BF309B5057C00E93577DCF7B4640880E79379D5057C057E37420E47B4640BA5FC1D2A65057C0B727FB15E57B464056F53A3EE35057C0F964F924E67B4640B44208CA0E5157C0FB858EFAE67B46400253EE77525157C00A1C0F48E77B464037CC4E7D525157C089277DF0E37B4640B0C5902C635157C023FCC50AE37B4640F761C69B945157C0F79D3B63E37B4640CA99A6DEAF5157C0E532F690E47B46408547146FB05157C0D1600579E87B4640B1E0757CC75157C0EADC3630E97B464028996828C85157C0D21BD2D3DB7B46407AD525CFF85157C004641EE1DB7B4640EBB4A5A7095257C034E431FDDF7B4640C594E54E0B5257C085BE4E2E327C46400361A2AB165257C0C7F2D694547C4640450BAEA1245257C0E90021376F7C46400B4F051F3A5257C090F2BD365E7C46400B5DD3614A5257C0B8AFE4C9817C4640539E2968475257C01F54330B877C46409570F767465257C094743120AA7C46403B28980E2F5257C088748E64AA7C4640EE3E9112245257C0EC7646FAA97C4640FDC0B25C215257C0CFF84618A47C464003904E02175257C0F7EE5C95AD7C4640CAEF0976F65157C0A6FC9DDDC97C46401AB51C24FF5157C03B676BEDE17C4640CD083321065257C084C4C5FDED7C464032181A32005257C0B81F4CB7F57C4640ED526BB1FD5157C0038159A30D7D4640E23ADDE0FD5157C0FAE649102F7D464070E3151AF65157C0DA4032E1537D4640164CEF35EB5157C07664EAE5637D46405730468DE15157C05819DC046B7D464015504CD6E35157C040314B30767D4640B40FF601D65157C0582FA155857D46401E28E220D05157C0B2A48F25847D4640F02D2FB2BF5157C044FB8B9D9B7D464003A814B1985157C011703463D37D4640F2DD36619C5157C0E0F50DD7D97D464060338C46935157C0B0AE5542E67D4640AAF7F4348D5157C0E89756F4E37D464058793242895157C07E78DE5DE87D4640853E6D11745157C09383554B077E46408301BA04845157C028C416C71D7E46408F5CD14F7C5157C058B49550267E464022C90681635157C08C55E35E337E4640F5706D19635157C0F87EB250357E46405908DB9D5B5157C0A8800166397E464004A1EFDF585157C0E8D23687387E46402F9CA692525157C02593B9113C7E46402E3A20941E5157C00731D4545A7E4640CA716352FB5057C0725492C56E7E4640A0FCE4D4F35057C06363DBF7737E4640D4C71ED9E55057C0BD33EBDD7B7E4640F90A58DCB15057C01D70ABE3977E4640CABAE794A95057C05891D1A19D7E46401F7D6D939D5057C02F46620CA37E4640EAE159A18B5057C0F0467CDEB17E46401A9A43107C5057C0DF7B0CB2BB7E4640E7121DAF5F5057C095CBE044CE7E46407229326E565057C0170F68E2D27E464096A206574E5057C04AC82FBED97E4640E09508993C5057C04D7C000CE67E4640CDF3CBF7075057C0E76171220A7F46405AD2CB41E04F57C0ED711DCD237F46401FE9D39ED34F57C04AD23A792F7F464069E94E4DC34F57C09CE018DB337F4640D74BEE5FA54F57C06CA13A38287F4640706D85C88A4F57C0C96D7CD4187F46406A74AD4E814F57C016064442037F46400C87E6697A4F57C007A892FCE87E46405D433152944F57C0E29F2DC5E87E46407430BE20A04F57C0C479B3D4C57E4640AFB4A0AAA74F57C052F16365B97E4640F82462A5AD4F57C063D00345AB7E464010CEA01BBE4F57C0934127D9817E4640B03187E9EF4F57C03A6C1DB5A67E464009081F3F025057C0578F057F7B7E46400F915823095057C0E56A0E11697E46404C4F592A205057C0650C33247D7E4640C11CF3ED2D5057C0D16214815A7E46404AC445C8445057C0D7AAC73B6B7E46404EA19250585057C045664B6A3C7E4640DF852E2C685057C027D77EA7147E4640D2F78554785057C0A62A0AA4EB7D4640B3927FE9A05057C063A839D1D27D46409D29590D875057C00A44152EBD7D46407C98C2FD605057C0DEF8727E9D7D46401C72909C275057C0C328AF666D7D4640B22EC2F60E5057C0FF9042A9617D4640850B64A4EF4F57C0F5CBFF63567D46408F0E4992D54F57C08BE4F4FD527D4640347F194DA74F57C0E254665F4D7D464095FDD31CB64F57C01103425D027D46409B23CF5FC44F57C05C135D39EE7C4640216969A1E64F57C07FBFECEDBD7C4640636B17E0F54F57C0CB337CAEA87C46402149F295025057C074FACDE4907C4640CB6583A8105057C0F1D66CE56B7C464055173A961F5057C08608B8AA4A7C4640D4D9A8E9285057C0CC75D55A3A7C4640409A4F963E5057C084D05F3C0D7C4640DD99D870485057C0E1C41BC3E77B464071B54949495057C0A83B994DDE7B464099688EA74B5057C0FFA3051BDC7B4640DE8E95AA575057C08BCA4AA8F37B46407224C186655057C0CB2EB7FBFE7B464074E705526B5057C01BCFFA9FEE7B46407CF049826E5057C0BBD506DEE67B4640700FF6C6745057C083FE4057E87B4640A0762C56785057C04A3328EEE37B4640B43D7C2B8B5057C07670FFE4E37B4640F969917B8A5057C0B0FBAFEDB57B4640	68	min	minneapolis_	\N	3
56	vector	007	PHILADELPHIA	Sanborn	2002	WGS84	WGS84	Sanborn	Yes	0	0	Polygon	Yes	14.119999999999999	5.450000000000000	15935	0106000020E610000001000000010300000001000000E100000057D4A0AEB3CB52C03D5C7F6676F84340AC876429CFCB52C05D393C6D7DF843407BF3F878DFCB52C0A6446E7C81F843401D421577ECCB52C0D67E1DA687F8434075DFEFCBEACB52C07D93542C96F84340F9158AACF8CB52C0ADE591CC99F84340E3B11429FBCB52C06BE1E4DE84F84340C1DCCCF8FCCB52C0A1C99DF384F8434044EF99970BCC52C0D8BA5F8C8DF84340677E1B7916CC52C03952432691F84340F7BEAE8C26CC52C0AF42CEE39DF84340285B65FB25CC52C0A9A2DACEA5F84340831CBD2150CC52C0AAFE3FDAB2F8434078BA7A9177CC52C079AC5F9DB4F8434031EEFFF47FCC52C07DFE527CB3F843400FB0DA1488CC52C0F7AE0200B9F843406B86B15993CC52C0AAEAECDFC1F84340DEA3CBA9B1CC52C0E566278FEFF843405C7BAD70B3CC52C07F828B320FF94340CCE85929B5CC52C0772A00A740F94340F476B8A3BBCC52C007BDF96866F94340D32F8C20CDCC52C08ED1BB8963F94340508B295ACBCC52C09FCB00AB86F9434039C8A4DFD3CC52C02C5889BB89F943402D18F23004CD52C097E6332F70F943407977653601CD52C025E2AD2B89F94340D4DAC98C05CD52C0F509645197F94340366B4C44FFCC52C02A06DE5ED3F94340B8BC8DB3F5CC52C097D61DAF29FA43402B8B40D1F2CC52C04D45390945FA43404E8CD58DEFCC52C069E904BD65FA43406ADBDAFCEBCC52C0E6CF20B787FA4340D42B261FEBCC52C0BF157605A7FA43400B128E03ECCC52C05275546AC9FA4340184CD0FBEDCC52C0C03F6345E6FA4340A102D2DEEFCC52C07ECD0E1E00FB4340D6CE867AF0CC52C0FC66F3311BFB4340F8CCA926F2CC52C065CDD19831FB43406DCCED19F2CC52C0B758B0B74AFB43403DF3CC25F4CC52C007735E7F63FB434024161BA0F7CC52C04919ED3889FB4340D8484B7CE5CC52C0D2C2D43F8DFB434060CD721BCDCC52C0542247D292FB43408240771CA9CC52C0BB59CB739AFB4340FFE3FEAB93CC52C05BC673829FFB434077174F2A89CC52C0DEF633D5A1FB434098ECE2FD83CC52C0DB681376A2FB434073BAED6D75CC52C0175F7A77A5FB4340A03FCA7C73CC52C034A78B9F8EFB43407166CCF870CC52C0921FE99C78FB4340CF743C2570CC52C022B1F4A170FB434065608C4969CC52C0954275D471FB43401AF1E72A56CC52C036AA700676FB43408F9D001D52CC52C04C970D7D76FB4340E790E2CB4CCC52C0DCF02B5377FB4340202AC0583FCC52C0AEF1F45F7AFB4340BD1329BD39CC52C074819BD77BFB4340522BBDBC32CC52C0238F543F7DFB4340A61936B92BCC52C0C549C84B7FFB4340FAAE49791BCC52C0F25855DD82FB4340C78B208B0DCC52C08B178E9285FB4340812220D50CCC52C0F3FAA7E27EFB4340B51699C102CC52C076620F9580FB43400B44DB6BFDCB52C083BA0BFA7AFB4340AAD0B961FACB52C04D01A43963FB4340B63927FCF7CB52C058B7C5C04AFB4340BC98022FEECB52C07FE838AD4CFB4340F01C15F7CCCB52C0F152E35D5CFB4340D748F35CC9CB52C038D37F6E62FB434053CE0F77B2CB52C0EF1082DA6AFB4340FB2AECFD9DCB52C0CA22C89870FB434042FD985E6ECB52C09D1F749664FB4340BF51951E5ACB52C022964C206DFB4340D365F6A84BCB52C0D3ACA08B6AFB434007B292763ECB52C0BD857B9767FB4340F07848C13CCB52C0A5DCE24378FB434072FFF89D3FCB52C0E67C22D47BFB43400324E8EC3ECB52C0ABB0E3E182FB43408F98948A42CB52C046C0587983FB4340B875E88B41CB52C07C1E62CD8BFB4340014DABFA3BCB52C093D6811F8BFB4340C812BDC93ACB52C06B47BC7296FB434015AE5A5218CB52C0DAD796888FFB43406D609EF3D9CA52C0344F129281FB4340106CC1CCB2CA52C042D584A677FB4340D13D194D6BCA52C036DE8B9E65FB434044FE0A756ACA52C0F993644F6DFB4340EA2E624B66CA52C05AB4D4C290FB4340ACD1AA4F4DCA52C010534B0D8AFB43403E55141B4CCA52C0B23CD66B87FB4340E48F26D940CA52C06113113285FB43407C4D07053ECA52C0A332FC3687FB43405C043CCE2DCA52C00F5A748B81FB4340FEDE7DBB26CA52C03B5214837FFB4340E2CBFF93F4C952C0FA47A55B6DFB4340B052AB8DF3C952C05693FC2F77FB4340A267D66FEDC952C0F335520D76FB43404B3F0FB6EBC952C03A8F2D5D87FB434037C1708AF1C952C0821B72EA88FB4340F13A409CF0C952C0FDE1721C95FB4340724627A0ECC952C0095A873999FB4340670A02AADBC952C0EDB0E5038FFB43405F97EE17AEC952C0891CC39F76FB434098A867D4AAC952C012FE11AE96FB4340AD89298396C952C04D7104BE8CFB4340E68E519F94C952C086EF58BC90FB434057C15CFB90C952C0AB90F26D91FB434033BE76068BC952C0AC1E2B3A8FFB4340DC6E9C9C8BC952C03F1A927386FB4340B5830A3D71C952C02EC7D06078FB434077E3302F6FC952C0DAF1FCA67DFB434008F963FA5AC952C03C4E9E3875FB43408A88DC194CC952C006F7129D72FB434089EDFA3B44C952C0D3385D2D6EFB4340FB4D6A263CC952C077CA5ECF6DFB43405DCC4BB937C952C022DB547997FB4340F350460432C952C045C1B7159EFB4340E65E94032CC952C06266332997FB4340367F688E1FC952C08F5667C98AFB43406BA9F5731EC952C070115D6491FB4340489F2A6111C952C0B0E77D4B8FFB43401187EFC112C952C0139CB1EA88FB4340D4980D770DC952C04103217688FB4340833FF5110BC952C0DA2AB3F090FB4340D801951FFDC852C0C46E3DBC90FB43401831A9B4F0C852C06E1380D090FB4340CEE24E86E0C852C04CE4DDB890FB434075D1243DE1C852C00B04A99888FB4340DD5EAC1CC5C852C063E912D085FB434043531F8DBEC852C0E62A8D2986FB4340F3D666E5B7C852C01BC6A68692FB43400D6AC73FAFC852C0A99E6EA599FB4340463B87CAA2C852C0E1E7E29194FB43407C2D78DFA5C852C0B4F7E72A7EFB4340403FE06894C852C08348043878FB4340248D252E8DC852C04BFE2E6A85FB4340A92688D388C852C0F39809EF86FB4340FAB23AA185C852C0530C1A0F7FFB43403FE72F998FC852C012A0C7436DFB43401943544867C852C0B6495BC641FB4340917C54F469C852C01CDCF83238FB4340F60F603285C852C077581CE4D0FA43400B8866BFA3C852C04A73E8D85CFA4340A2460A9CA9C852C01F474C5231FA4340646A7691ADC852C04A79EFCF18FA434065881675B6C852C0CA268036DDF94340A80E1C77BAC852C0E34A2A21C2F943408829A27AC2C852C0C87D0DBD72F94340B5C7E3D1CDC852C06B7CCB88FCF8434080F8BA9FD5C852C0CFBA2D06ADF84340D829B277DDC852C09B9DC5205FF84340257F7448DFC852C0967AF9FE5EF8434065A1CB8F16C952C009349C7163F84340759FC2D11BC952C0B2FC779D65F84340D842419F22C952C05D336B3667F843407A05AD9D35C952C0B0193C7969F84340168BBA9D2EC952C02720FA0DA5F84340DDEDE63C45C952C018EF43CEAAF843408656FE6845C952C020239418A9F84340B4DB7D8B4FC952C0A6C9127DABF843400D33D6AA50C952C0A004E491A7F84340D2A4BB446DC952C0EE70533CAEF84340D1C023796CC952C02F62275AB3F843408E369E9C80C952C0FA6074B3B7F84340071787C281C952C091A6BD6FA7F84340F15521B97FC952C0E609988DA4F84340768D842A81C952C0426B23BE9AF84340CAF643D383C952C0D656D3AD96F84340D98A0D2CA4C952C018E72B5F9EF843406F775D88A3C952C0AE61F9A2A2F843406CDEE415AEC952C012EE0E0CA5F84340997073BABEC952C020CC58E1A9F84340CA23A302D7C952C06FD6DD58B0F843404AD07394D8C952C05E70BB2FA7F8434052E95828DDC952C04AE59577A8F84340E64FB965F2C952C0ABBBF6B9ADF84340ADD53B07F4C952C0F72D1D59A1F8434052C3E2030DCA52C0EA9F846AA7F84340123723C70BCA52C0EDFFB219B5F84340B24DFCC415CA52C0CF8EF2B2B7F84340CF5338CF25CA52C0608A0D53BBF843401C17FBF224CA52C0DCF689DFC3F84340B19A683D3DCA52C090208EE8C9F8434047EE68543ECA52C0F2D33FF2C3F84340533CCE1D59CA52C02B76D1BCCAF84340BD7B5AEB59CA52C007981C31C5F8434074D7359365CA52C0E2DA494BC8F84340D1E4492E67CA52C06AADDE33BDF84340649B901E64CA52C07E5C8CD9BCF84340A98937AF64CA52C0E0BA7B25B5F843405A373BEF60CA52C080C24855B4F84340310171745FCA52C0E72BB379B1F843405E39868363CA52C08DB2772597F84340836F139170CA52C04E72CA189AF84340D3153BEB70CA52C094D68F3F96F84340A94C7C9D80CA52C0C3EB4F8899F843405D9E3C4982CA52C09A0243028BF843402EBC3B8A88CA52C071A149268CF84340209D400487CA52C056201F409AF843400E7E6FDE90CA52C0A83A6DD79CF843401F4E1FE092CA52C037ACCA538BF843402A6BC00695CA52C0257D8FF68BF843408F2CF0F6A0CA52C016AED9DC8EF843403D2844EBBACA52C0DD0C266695F843408502CECDCDCA52C01A672AAF99F84340812B8D5ECDCA52C013435D489EF84340877A78DCD8CA52C049740DAAA2F84340C02F46B2D9CA52C008E301679BF84340CD70A225F6CA52C080B684B1A2F84340EC63D18820CB52C0BFA18F5FAEF8434047C0E3FB23CB52C0695BA3888BF84340A28D515B3ECB52C00C5BD01592F843409D0B388E3FCB52C00047C15486F84340183F193750CB52C03A56914C8AF843400E7DD3504ECB52C053028B3C96F843405244B10D5CCB52C0C61FC6DB99F8434088B38DE95DCB52C0906FEE1090F843407B3F86935FCB52C08A93F59190F843403AC286706ECB52C0CF2539D193F843405C3BF5D46ECB52C06B75D4D28DF84340859BA06379CB52C08B0BAE0390F8434047237D7594CB52C077623B9896F84340C5278A6795CB52C08AEE23D790F843407F733500B0CB52C056904EDE96F8434057D4A0AEB3CB52C03D5C7F6676F84340	56	phi	\N	\N	3
20	vector	007	DENVER	Sanborn	2002	WGS84	WGS84	Sanborn	Yes	0	0	Polygon	Yes	5.630000000000000	2.180000000000000	1774	0106000020E6100000010000000103000000010000005D000000E29BD253663F5AC0796252B349DD4340AF777F7C8A3F5AC00EBD7720ABDD4340329F2B60A33F5AC0298431F0ECDD4340D13295A9BB3F5AC088582C242ADE4340386A452CCC3F5AC0FEC1EDA753DE434055CDB7E2E43F5AC0D737327053DE434057EB74DCE93F5AC03A5688B259DE43405FC4F222E93F5AC0C37D1D1189DE434060C6663DF43F5AC06229D6048ADE43403931B581F33F5AC092870BF294DE43407E0CE700FB3F5AC063505F0295DE4340759BAD19FB3F5AC0AC12E7CCA0DE434050F18F7CFA3F5AC05C50F2F2B1DE4340E860DA26ED3F5AC0B0C1CCC3B3DE43408ECE71A6F93F5AC05F6987D0D9DE4340656037070C405AC02C8A866C19DF4340786EE8570E405AC0677ECCC83ADF43409FDCF0700F405AC0081EFD7365DF43400DE7A21927405AC061D0C53FA4DF4340BA22B4E537405AC0F947F656CDDF4340339415533D405AC02D40A1F4C9DF4340147E9C3544405AC0FFB73D4EDADF4340286063133E405AC0F4801C1DE1DF4340C521C4B743405AC0AE642286EFDF4340AE16860969405AC0D551BC65D1DF4340DE8C6AF76C405AC025F5DCA3C5DF43408CC2984E76405AC02499FBFFBADF43400ED93FE480405AC01C9380BBB2DF43406E62B48682405AC0ED49E4BFBBDF4340B331E40F9A405AC066D3A2CBA7DF4340909D4267A6405AC0D821C545D4DF4340D19359F7B9405AC03B5B569800E04340F2705B55BC405AC0A0E076AFFEDF43408CBF4656C0405AC04680325D05E04340638A5419BE405AC0F1C1C30F0AE04340CB70972AC0405AC0A78AF11610E0434066AC797FA7405AC0F17A9C092AE043401F3D239198405AC0B84ED6EB3EE04340D2522A0C84405AC09C7C91675DE043405FAA1D8B6C405AC05FB0A14440E04340D68A75DD6A405AC092BD14AF43E043402929C1235F405AC02BCEA3CF55E04340938BCEB962405AC0B79C73B35CE043409152673B59405AC00D31C2326BE04340436DD76454405AC0FEB7E0F064E0434000E34CE151405AC0C6E426FE68E04340C29DF8D840405AC0D7B8B3C982E043407AA2FBF72F405AC0BA2CF14B98E04340B1FDAFE811405AC02604BE2BBFE043401D19CFBE00405AC0A3242D64D6E0434037251412FD3F5AC07022F35DE8E04340C136882CFC3F5AC0A2F9E226FAE04340DF50C6C6F43F5AC0F3F9CF9704E143408F49B56FED3F5AC07A9FFCF4FEE04340FD101022DC3F5AC01F70F22C16E143406EAC331ADC3F5AC0918101C01EE143400065ACB6D53F5AC0E12CECE81EE1434020FD8747D33F5AC0029C772521E143409FC1C792C63F5AC0CD01413934E14340B71ACF32C63F5AC054B20BF03BE14340382454C7C03F5AC007C88FF63CE143407BEF39EDAA3F5AC002E765AE5DE143403EB7FC07A43F5AC08CE4464D3FE14340C26B37529F3F5AC0CC36BE0B3CE14340FC240383993F5AC0003B9C9035E14340D386246D983F5AC0ABB23D7B2EE14340D71AF9D1903F5AC0E3267AA025E1434017C8C6F6883F5AC06E5824EA15E143400E2488F9773F5AC08FAEFD78FCE04340EB39319D713F5AC0E2522FEAF4E0434036245FB25E3F5AC0E6C9152BD7E043402E1B7F1F3D3F5AC095D20425A8E04340D7C358CF313F5AC09EE140E593E0434019EC002C233F5AC0B7CDDA557EE043409950EA1F133F5AC085D358B06DE04340CF546036F33E5AC0BB191AD240E043409E03E486DA3E5AC06F7E546013E0434035423997CC3E5AC014966775FBDF4340C3371690B03E5AC026835D56D0DF43403D493BE9913E5AC0744BD368A2DF43401F67E99F913E5AC02036FC767FDF434050E7ACFD903E5AC03663CE2000DF43406F5F831A913E5AC02EDC4F9ABCDE43400BAB6BC2903E5AC032456D5A5FDE43408B6A1129903E5AC0B5639D8920DE43400A110015903E5AC0561D7981C6DD43403366B28E8F3E5AC020B329744EDD43402632EEEFD53E5AC05BD4A0144FDD4340DB68F5E3F43E5AC021440FC84FDD43400EE1A4A1333F5AC01A2E43C250DD43403AA41C54393F5AC01ACD8BF44FDD43402E7F2078573F5AC0C3FD81124BDD4340E29BD253663F5AC0796252B349DD4340	20	den	downtown_	3	6
59	vector	007	NEWARK	Sanborn	2002	WGS84	WGS84	Sanborn	Yes	0	0	Polygon	Yes	9.320000000000000	3.600000000000000	7045	0106000020E610000001000000010300000001000000B30100003F699193618B52C07BEB5269345C444043284546688B52C0BC641C2E395C4440CBEA4C90648B52C014E9BD1C455C44401DA0661D7F8B52C0C7891831575C44402105D1C57F8B52C01EF069D3555C4440D9213D6D808B52C0E0691714565C4440C0E65EF5828B52C0C0E1AC15585C444033BBA48B828B52C0374474B3595C444035AF842A918B52C067433F9D645C4440421EDBD2918B52C0288B6F5F635C44403D72B260938B52C0476262A1635C4440FFE35A5D948B52C0E43CEB84615C444010069E0F978B52C02F5F1927635C444097E9D177978B52C0896BCB06645C4440212E073B968B52C088CAC440685C4440E6DE4AB99A8B52C070CA1A446B5C44408BE920869C8B52C02412A6466B5C444051B63E04A18B52C05784B9896E5C4440E8FDE085A08B52C0F060E5A76F5C444017725E71A48B52C08CB728EA725C4440B989D977AA8B52C04D65C9085D5C44407430C488AB8B52C0D87C4B0B5C5C4440F5270A99AC8B52C0211EADCC5C5C444064EF66C1AD8B52C06A5E76B3575C4440E2FB7B9DB08B52C06870BA75595C44400C42DFD5B18B52C0FA836D745C5C4440FFFFFCC2B08B52C06E27A4AE605C4440C04304E5BA8B52C0B52C3B57665C4440DE9D2AF4BC8B52C0AD5AE89F605C44404D53F2E5C38B52C09F382025655C4440198E1A9AC08B52C05A5C91F66E5C4440BBE0CAE1C58B52C07302804D7F5C4440857B14BBE88B52C09ADD811D615C44403FD0F562EA8B52C0F78B1CE8585C4440D33D2F6EEC8B52C0488D33AA595C44404A520A9FEF8B52C0399083CE595C44406ADF0110F38B52C09D314FD5575C44404F0088C4F48B52C0181D05725D5C44408200BBA8F88B52C0AEC6D4E76C5C44404229AE6CFB8B52C0BA4B8004745C44401BD3E058FF8B52C00AA8CD27765C44400C19CA05038C52C05222010A795C44402B002474018C52C0D743AB217F5C4440CF8F2369FE8B52C0AF4FC9B6855C4440887BE500018C52C0067750AF905C44404914F4F20D8C52C0BABB88288A5C44400D7AC0000C8C52C07CA5838D825C44403B556D270D8C52C0CBBB7E31805C4440714E7765128C52C0F2D320DB7D5C44407B9BB9A6168C52C0699500E17D5C4440242AC51B188C52C0FBF0389C845C4440292C34602F8C52C0B598D248785C4440D039B513348C52C047DCC89B8B5C44408F7093163D8C52C0CEF4A92C875C44403F0BFA4F3E8C52C06C03F58C885C444038DD7E0C3E8C52C05985AC64905C4440AE3E6387438C52C0E7E92A6B915C4440DE09571B438C52C09A77EE04975C4440F2CD7446428C52C04A6BE47D9D5C44401EFCF1C1478C52C0339063859D5C444041D8BB77528C52C06E89FC8FA15C444017A4A6C2588C52C099AF0A15A55C4440742DE1E5508C52C098F656A3CB5C44402DE97EF2568C52C04E3CF248CE5C4440A3DF8EC9558C52C083DA1381D45C4440AB615D2B538C52C0B89CC23DD45C444062D9DA41528C52C005FB3B77D95C44401C4C7D544E8C52C061AE2032D95C444082A1B3AA4D8C52C0B21073EDDC5C444064561ED1528C52C045603632DF5C4440ACE68DC8518C52C0577409DCE45C44405105FA0F4F8C52C0AAFC44CFED5C4440ADB036664A8C52C088E16749ED5C44409B9F32D3488C52C071F1B3BEF55C444054F131134D8C52C0F56A3E02F85C4440DF48E43D4C8C52C0E8F4907AFE5C44409D7BB140478C52C03FE2E154FD5C444086E73AAD458C52C012C26B89065D4440CA387A024A8C52C00CF8944D085D4440EA6D5AC4488C52C01CDF37E50E5D4440FF2818DC438C52C0523DA4BF0D5D44406E89EFC7428C52C0DE34A037145D44403925EBD2448C52C0A08B2979155D4440C5154554448C52C033C6D916175D4440887310EB428C52C0570B3EAC1F5D44403C30DF99408C52C0DE7FC0DD2A5D4440C4DD7A22438C52C057CCD53F2C5D4440043EEA65418C52C0A7038915345D4440B741547F3E8C52C019A45643335D44404DBD72143E8C52C0D9831EDF365D4440E7F5B2EB3C8C52C0F4BF9EB73C5D4440445611ED3B8C52C03B2DB930425D4440E4D4ED6F3A8C52C023FAC307495D4440D54FF2A93B8C52C042A01169495D44405664BDE7448C52C0E9BF33F34B5D44409BADB2E4468C52C055657C80415D4440D07B6666538C52C033E9858B475D44402693E691528C52C0CFEE3BA54C5D444015EB00D6508C52C02CA3135C535D444009095CC24F8C52C0A586F2F4585D44406DC9E9B8448C52C0554A864A545D4440DF31C065438C52C0F593EB015B5D444003F5BEAF458C52C0955D0B045C5D4440F7995B30458C52C0D88F78E05E5D4440F265431C448C52C01ABB9438655D44404D4FD408438C52C0A185D3716A5D44403E1F5F76418C52C010C720E8715D44400CC3F9303E8C52C0511DA8E4705D44401DD744F33C8C52C064880BBD765D44405F97B2CF3F8C52C08E30941F785D4440DA12D7B93F8C52C08FD3D55D7A5D44404369970F3F8C52C0E37965D87E5D44406AA4C1AE458C52C0E2E56FDE815D44405FC36ADC438C52C0BF2AA3128B5D4440ECED1C9A488C52C0DE97BA768D5D4440052D63D93C8C52C0349BCA4CC75D44405A877FE7468C52C07102C515CC5D4440EC49C3E6468C52C07DF28154CD5D4440E40CCAEB438C52C062287621DC5D44404A6AFB74398C52C07E680A38D75D4440D5BEDBD6318C52C0D6F3F766FD5D44408D78B5D6498C52C01041C4B0F45D4440E8E0B96B498C52C0CFD04D2CF95D444000DD3487418C52C0CE70ED2D2C5E4440FC7200623B8C52C0111A845E535E444003C5EC92328C52C062202DF88C5E4440D7D6D744458C52C018C7C7FE905E444050F4ED615E8C52C093B95FBB965E4440EC7C2D57588C52C03F5C93F5B35E4440CFB80604578C52C03BBEFB4CBB5E44406B7209B9618C52C05D9503D5C15E44400C1424755A8C52C0E548910FDD5E4440E67644CB518C52C039E32BA9D75E444026AE2C63508C52C0D81B9540DE5E4440F4A74974558C52C0B43218A4E15E44401A7F2BE3538C52C04E6ECCBCE65E4440173BD2534E8C52C0ADF7BA37E45E44402427FDEA4C8C52C028A1E00DEC5E4440C2B27ECD528C52C0FA1442B2EF5E4440210CD963528C52C01C602F30F15E44400B1815D54F8C52C0AA97C203FA5E4440D43C9F304A8C52C09B4C52BEF75E4440954AC847498C52C0752E0DB9FB5E44406732C0C14E8C52C0BB1442FDFE5E4440F79779C94B8C52C00753020F095F44403CAF81B64A8C52C0C81323690D5F44400DF4B91D478C52C0D85A3C660B5F4440AED7E2D3448C52C080DB7FA40A5F44408CB97BC3428C52C0C873DF59125F44405BEF05403A8C52C0AA8FF729365F44404EF9309A4E8C52C03C471979435F4440D543019C638C52C0840F0029505F44404F9296DD628C52C0B5A7D744535F4440A7D31EB2598C52C00EC95BD3775F44401B2C55465E8C52C093C373F7795F4440090AE9875D8C52C02C074B137D5F444057D492755C8C52C020A7710E815F44404C3E84955E8C52C0C63AD38F825F4440CB9407825D8C52C0E1EA12C9875F44403E6D2DF1608C52C0990D1C6C895F44409568F356618C52C0EF3D7D878E5F44404F5CE9C95D8C52C01C0CF0149C5F444097B1EF395C8C52C05402AA2F9F5F4440170E36D6598C52C04BA77C05A65F44400A164BB84E8C52C07F9B203D9F5F4440C00ECA554B8C52C0A1DEEAABAB5F44402E2CE063468C52C0F06D6E36BA5F44400D7DEFB63F8C52C071B188B9CD5F4440BB849B1E408C52C07D323398CF5F4440EEC875793E8C52C0D5155072D45F4440AEB034E13E8C52C0F6F21A31D65F4440D66A0A1F3F8C52C0FA6AACEFD75F4440E707B0363E8C52C07D8B480BDB5F4440D1FFDCCF3C8C52C06F17F564DF5F4440FBFAA21E3E8C52C0C501DE45E05F44407DFBF2A8448C52C056C92AEBE35F444029604D27498C52C07E8A88ADE75F4440C0763354488C52C0983EC349EA5F444069431D02478C52C0F9692C03EF5F44401EEDBA53478C52C0331AD5BFF25F44401A004A2C468C52C067C5BA3AF65F4440BC7FE834448C52C03CFF48F7F65F4440803CA953428C52C05CEAF8B5F55F444018C146ED408C52C009CD6750F95F4440BF8AC9713F8C52C01331792AFD5F4440E656A87A3C8C52C0ADD45A1E056044408DB02F7F3B8C52C0154E021D05604440EAECE46F398C52C0341365D40A6044407BA6C3323D8C52C065F6A8B70C604440C7EF49833E8C52C0C0937B5B0B6044401654F401438C52C0CC8D5C9E0E604440779559C2428C52C08139C3DC0F604440A33BD610448C52C06E462A3D11604440549FA78F488C52C00B304A4014604440B482E12B468C52C0233519161B604440CAB5E059458C52C089A938D41B6044408D56FB0A438C52C0747603CA22604440B44B9F3F458C52C0021804CB24604440A0B45272428C52C079D1FFDE2C6044407C594262418C52C093AC2C3E2C60444024F9D925408C52C07B17F5B82F604440EA33C76B3E8C52C0D98D31133360444055D6B71D418C52C01FFD1CD435604440C47E0A8D3F8C52C07F9BB00D3A604440356F74963D8C52C07F8DA16B3960444081794DF03B8C52C00DBB35843E604440D81F7C8C3A8C52C015910FC33D604440EE6C275D348C52C01EC2CF4651604440530092BB308C52C0ACF5FD945E6044403C3A1FCB318C52C084FAEF146060444055A60BFD2E8C52C04553A46769604440085C45F12C8C52C0E43315256960444056552D7D198C52C08EED44375C6044401C495D58178C52C0064FA3CD626044407A97FB8B158C52C067FD49AC616044401DA956020F8C52C0F53D2BC85C604440773320160B8C52C0FB09A4E559604440028B7010088C52C027DF5A04576044408310D164048C52C070A010455160444055F93020018C52C00D964E834E604440EFF48392FD8B52C0876DE86F5D6044402B298F25028C52C02CEAF7B1616044403F6CC936028C52C0410BC4EB6760444064F30634028C52C06F8517876C604440C6BB1F2D038C52C09622698470604440BD4B2A2D028C52C0FC5978FB776044401C7027EF008C52C07F1194137E604440A00607A1F68B52C041956FE97960444058A88F3BF58B52C084467BE57B60444002FE2EE6F08B52C094B2B9A179604440207B7291DF8B52C056CCE9536F60444039F72715D48B52C0B139CDBA686044408A3476A9CB8B52C09CA0CDF3636044402F63DF05CA8B52C0B47FC0B06460444081CA5F899D8B52C01E15F04185604440C8B4C19F888B52C0CCBB96B4946044405A23AA94868B52C07020135393604440EC74AAAD688B52C09FB9B3417A604440C11B6EFE608B52C0632E247B76604440977912A2598B52C045528293736044400E681EAB4A8B52C057E4DBC46C604440481096A7428B52C03CBFFF1C6960444036FAC003428B52C029CE41A2636044405198BB54448B52C0CB0CA9AF59604440ED8439B7478B52C093095C004E6044409DDFE61C448B52C0AA3ECE5A4E60444018E9E8B9418B52C0450F1692536044401A0389AE3F8B52C08C0B07B05260444010CD6B863A8B52C02DC7DB68526044404083A3EC368B52C0F01D2DE4516044400EFBDC46318B52C0C6B9697C5160444054F09A32318B52C0AEA06E5D50604440ECDF587F2E8B52C0C3510ADA4F604440DD22B6962E8B52C00A5513FE4B6044406E92487A2B8B52C0168475194C604440EB7985572B8B52C02C35DAC351604440D4199111288B52C06FDFA03F5160444064980E3F288B52C02C6DAD854B60444070A2D8B9248B52C05DC476A04B60444004AE7664248B52C0859E761D4E604440D490E786218B52C04B8C31394E6044403BDB815A1D8B52C059A5C8934D604440A40727321D8B52C028EF12164B604440BBB418CB178B52C040E55FEE4A6044400A73B63BF68A52C0FED7DA1E4A604440B771EA0FF68A52C06251951B4D60444041C1A4BAF48A52C0EAA3119056604440C8185564F08A52C0E9975EEA55604440CC3BA774F08A52C00B7908435D60444004D3EE65EA8A52C05EA74F1A5D604440671FAA77EA8A52C020DD3F3562604440F9FCA4DDE68A52C03A2A1C10626044408EB30FDFE68A52C0AF7F62D25F604440E5B08D73E28A52C0548D2B8C5F6044404FADA486E28A52C0D4D1432963604440ABB39426E08A52C04FB748A56360444098CF6F13E08A52C0E12112C86060444076E81EEEDE8A52C0EED484A660604440B0C0AFDBDE8A52C09B6871AA5C604440F2B836BCD78A52C0E44BA0FF5C604440447DA5E4D68A52C0C821D2746660444015886A33CF8A52C062D8A94A65604440F8F05DE0CF8A52C0A8BD17F45C60444007B59AECC38A52C031D664025D604440DB7D7679AE8A52C0DA2301A25D6044409E22F6A7A88A52C00F35E4B660604440EB7344BFA38A52C03500850EA16044400A23C8EA9E8A52C0776F5D07A16044409369265D9D8A52C0FEC5F125A0604440F3AD4068968A52C086A3615C9F60444096844932958A52C0C2B982819860444030BC7E54998A52C0AAAA02B967604440779F07E3958A52C059DEE2B169604440EA37FDB8818A52C042B872E97360444026E2D37B808A52C0FDCE314378604440DE141D117C8A52C0220F1FBE76604440D708923B6D8A52C01A152D017E604440F1EDFF005F8A52C0D1CB0AD2776044409000913E508A52C0AF3591C271604440389978AC468A52C0B48210D76E604440FD533728458A52C0F015C6386B604440245C7184448A52C052202FF46A6044402EBC26D1448A52C0BBF97B3769604440CEE5FE32458A52C0C60EB8C45F604440D7F08153518A52C010F1BB7C1B604440991BDB3C538A52C0FB9B102B1060444064D2DA43408A52C00BE8F0B50860444048711FB0408A52C0BE2EFE5B036044405C0BCC37438A52C0E6D0079DF65F4440F049B45F468A52C02813CAD3E45F44405E0273B6488A52C001E0F169D25F44400CF8F78E498A52C0B2AC0BB6C75F44408B5E94714D8A52C07EBEFFCAB85F4440EDE82984508A52C04E641E81A75F4440782AC71D558A52C0FC7B75CEA15F4440982C849F508A52C06EF6D60B7E5F44408F53740F448A52C0B857EE296D5F4440C1A9936A468A52C06F58AC66645F4440154B71BF428A52C0CE6310875E5F444086497B7A448A52C08F3F54EE595F4440A042C11F418A52C0C5B0258A495F44408D4FBF4B408A52C00F7ED7651D5F44402DEEB34C3E8A52C0CD5B6FD7D95E4440E537B0073C8A52C070D4C57D915E44402B47C4B53A8A52C0FCE955B8655E44409254B1BB3A8A52C0C89F8EA15C5E4440585DF908408A52C0597B7203245E444073E2DCC4468A52C06C81D497DA5D44405D0CF0E0488A52C0A8AF11F4D15D4440D8151AB32F8A52C0493DC838C75D44406F752E412F8A52C0ED6C208AC55D4440A0DBD89D3F8A52C0DF9D26A1A75D44404E4B34943D8A52C03E7A5961A45D444009ED3C96408A52C0C13B317E9C5D4440797458754A8A52C075727061885D4440A33C102A4D8A52C02BF8A547865D4440D415FEEA418A52C0CE5656C9735D4440DE2E7163358A52C0853F2573675D4440183014E53B8A52C05F3B722D575D444058EE45BB468A52C036EED8CB395D444081AB49B5488A52C017C5DAD3345D4440BACDE5FE468A52C084B8AA73325D4440011CC5C93A8A52C02787B65B285D44403BC34AD43E8A52C09AE4420E1C5D4440661ADE60428A52C03AB3AF1F105D4440A6109B71448A52C022B6986A085D44403E31B1F3488A52C01316A2B4F55C44406EF4F0B82E8A52C0278208BCE65C44408DD421C4388A52C002947543BF5C4440E4DA40CC488A52C0E21C231A825C4440F0CBDE16478A52C0C4CD763B7E5C4440497818254B8A52C049A7ED136C5C444068C0642F508A52C0FFDFFFCE585C4440563F9430548A52C0F54021B35A5C444067D97FC4548A52C0717F02B6585C444011EA3DC0598A52C058A358DA5B5C444010B2837B5B8A52C0A8BC39A2565C4440A098ABDF608A52C0D540A9465A5C444030E6B15B628A52C080C789AD555C444054DF8422658A52C040168FCF575C4440BDE185BB638A52C01A88EE485C5C44400F1D55D76C8A52C03202A880625C44402998B4E5708A52C073D274F94F5C44400402AB0B768A52C0050E819E525C44408BE64538758A52C07ED8409A555C4440A02082AC7B8A52C06CF0DB9F595C4440573BC1267D8A52C0BCCDF2C3575C444036B25D47878A52C035C07C4B5F5C444014835F409B8A52C06BDAB30B6D5C4440BDDB1403A38A52C0DF710B32725C44403F8676C0A48A52C0391E4C9D695C44404DB323E3A28A52C06C5794A1625C4440526423C9A48A52C0A4030E0B5C5C444033CD2395B78A52C093D4A53D655C444039F432C2BF8A52C071EF1087685C44402EE2FA59BE8A52C0D44974FE6E5C4440CD5AE479C08A52C037A97320705C4440BB991447C68A52C03188B865735C4440180809DCC78A52C0AF281D73685C4440336E4B95CA8A52C0D8F1AC005F5C4440022D8B0BCE8A52C090F612D0545C444056C10B10CE8A52C0C18644B74D5C444006F6E4DFD08A52C0083B98A7415C44402EBAE469D78A52C0BB326C6E445C44403516756BD68A52C056980F48495C4440A8407861D88A52C0BF01CE694A5C444015C9BADFDC8A52C0184D7F4D4D5C44404959D61EE18A52C0A2FD51B0505C44403976D19FE08A52C098CB74CD525C4440B6E63123E48A52C017AE75F0545C4440D973855FE58A52C0E692A995515C444003DFB155E78A52C05292A677525C444056ED3FE9EB8A52C08951F57B555C4440CB06CF23F18A52C012C652C0585C444096DEC9A7F88A52C0AFFF40C65D5C444039D9D313F88A52C0161546E35F5C44401B32B72EFB8A52C0D6A009A6615C4440AD92F968008B52C00656E069655C444025C52091018B52C06F6536D0605C4440CB0E62F5028B52C02D0D7D92605C444040BADA1A088B52C0031F7316645C4440A03A95F20B8B52C06D3BC65A655C44407B8EC4A90D8B52C04129227C665C444088BA8B250F8B52C0B623B022625C4440E0490CD90D8B52C07D1114E55D5C44405025B968108B52C08C30FBD2535C4440F955E078118B52C02BA54514545C44400BB78C29148B52C082170634585C444015343DFA148B52C0EEBBF273595C44407CC27E2A188B52C0CC3872375B5C44409A209AE3218B52C0F76FBCFF605C4440E47363BB208B52C090B248B9655C4440C7B14644278B52C064F9135E6A5C444041D66B01288B52C09CC32660695C4440E65CCD7F2C8B52C0159FDF236C5C4440EAC021552C8B52C0521B60626D5C4440F1C188B82D8B52C0254A3F836E5C444034F21FA12E8B52C0A54814086B5C444081E120C1308B52C0EF74230A6C5C4440783BCAC7378B52C051D3BC8F705C44409027AC1C3C8B52C0CD02D6B3725C4440631CA1B53A8B52C008E9096D775C44406F4D83A7418B52C0C7EFC0B27B5C44401F1BF7F2448B52C00C028BC0725C44408EFDE0643F8B52C0379254FC6E5C444008B61F6B418B52C03D676B37675C4440FB92D64E448B52C024E642A65C5C4440CE333E74478B52C08B2E1F7A4D5C44400A5F24414A8B52C0B40BD0E5455C4440D79111A44C8B52C0A845E54E405C444038545FC4528B52C0D83D47B3445C4440FA1EABA7558B52C0FE9179C13A5C4440758446F6568B52C0946677A23B5C44400C01ABDD5D8B52C027051338405C44403F699193618B52C07BEB5269345C4440	67	nyc	newark_	\N	3
6	vector	007	SAN DIEGO	Sanborn	2002	WGS84	WGS84	Sanborn	Yes	0	0	Polygon	Yes	5.320000000000000	2.050000000000000	1308	0106000020E6100000010000000103000000010000006D000000E16C8852A84A5DC02AEB0F5EF35940405E9792E2BC4A5DC05203986E0E5A40405EEA0AB6E94A5DC0D1DEEDCF4A5A404077E5A6C0194B5DC0600AD8418B5A40401BECF948224B5DC0CBE044C8965A40405727198A444B5DC0D4ED7758C45A4040CE7545FE474B5DC0E2D7366FD75A40400F860BDA4D4B5DC0FE412E6BF75A40401B50281F574B5DC043A37283285B40400AF3D0495B4B5DC00D2D3B543F5B4040583F3301644B5DC0A6AB54626D5B4040BF8ABD5D654B5DC031932FC7735B404067304C12654B5DC0C461EBC7AD5B40407AA9E1EC644B5DC0FEEA41BDEB5B40408247E2E2644B5DC0C5CD605D145C4040D25C9EC2444B5DC0141CC575135C4040C585FE4D284B5DC04FAA375A135C4040ED1194C1274B5DC06CECA2282F5C4040908E7FD7264B5DC0C37FBBE8655C404071AACCB6234B5DC0FD52A4286C5C4040867AAF05174B5DC02186F7D2875C4040BADE5C600D4B5DC0F048B56B8D5C4040D3EBAB680D4B5DC09E9F91B39F5C4040DA698C59084B5DC035F092AB9F5C404075242F3B084B5DC0262C9016955C4040897CC055064B5DC008820003955C40409BEFA0BF054B5DC07F21D4B4915C40405D5A7BAFF64A5DC09E7DE0569B5C4040688F2B94F24A5DC01745CA0A9C5C4040D83DBE95F24A5DC0F378D1379D5C4040C8FD76E7EC4A5DC0D8D2293A9F5C40402A16BE1AED4A5DC008666541A15C4040414DE9E0E84A5DC0E1058B59A35C40404FE802C6E74A5DC05120E0979D5C404026F70141E24A5DC04CF8CD259A5C4040ADB4A5D2E24A5DC0A6B74038A65C4040EF11D634DC4A5DC0F6699EB3AA5C40409A8EE5FAD74A5DC00A0C317AAC5C404017A13B78D54A5DC0115BAFE1975C40407B0224AFD14A5DC0863EA78A995C404089DDA383CD4A5DC0A8E7C43E9A5C404050D3543BCC4A5DC0E1ADDFD7965C40409923FFD6C44A5DC096B01B21985C4040A7F3FA5DC64A5DC0D364891CA65C40400D560E00C14A5DC0750A26B0A75C4040EBE9B3A1BB4A5DC09F93A7F1A85C404098155C96BB4A5DC0C7A95894AC5C4040F49AC65CBB4A5DC0A4166EB7B15C4040CD7032DAB54A5DC0F4BE8516B05C404073DD4AEDB04A5DC0D9D1B171B15C4040F0A73374B14A5DC06649AF7FB55C4040461E4D52AA4A5DC064134D10B85C40404D009E0CAB4A5DC038F4E440BE5C4040D3BF8C4BA44A5DC01EE25299C05C404069F061FCA14A5DC0C40E6323AE5C404015EE482C9C4A5DC05E4B6F14AF5C40403C9F68CA994A5DC023DF279BAC5C4040AF8911776F4A5DC09EC1FF12845C40401E670733614A5DC0D73B4986825C4040FDB50004524A5DC0C5AA3925815C4040ED91BB303C4A5DC0C29A85698B5C404049AB37302E4A5DC0C799F475925C40407F7EEB62094A5DC0DAE34CCEA45C40409B4ED6E4EE495DC0DCAA64CFB15C4040B3E55BD1DE495DC0B3BA43D7AE5C4040DC07F189C8495DC0DEDD75FFAA5C40404F48A109A8495DC0C018CEE6A45C4040DD84DEC591495DC044647E6F975C40406A270C5988495DC0903E61FC875C4040E0976C447E495DC0851B1422705C404037208FE07B495DC06E034D6C4D5C404082B8667379495DC06E8383BD2F5C4040436BBC2774495DC03B07A33BEE5B40406973124071495DC0122F83B6C95B4040961A719371495DC050A7A6E9BE5B40408FABDF7972495DC06A0015959C5B404028CACCA773495DC0B1A33DC4725B4040D57D8C3076495DC0E8BB3B16425B40406CA17B6B75495DC0D5CEBDD6265B4040367EF42F75495DC00AAC1398055B4040B7BF112374495DC0A55C217FD85A4040EB0B740874495DC080D42D14C45A40406CCE230873495DC07AA17933945A404061CC962D72495DC070F8C5B3685A4040E308FBB986495DC082DC9DD4685A4040B775F66F93495DC0213CBD64695A40404D88465DA2495DC0725E8E5A6A5A40403A0E4489B6495DC0415B66056B5A40408311CB80B8495DC0D6A9D2616C5A40409A5D8759CB495DC04661CE486D5A4040AFEC98A1D8495DC0F9D8AB286E5A4040EF402A15E6495DC0BB6F982E6B5A404099575989EC495DC04D4908286C5A4040C3E20C10FE495DC0C6CF85776E5A4040B96A0066024A5DC058068845695A4040BA4911CD0B4A5DC0643EB8D1655A404042C5884B104A5DC04DF01F875A5A40404ACDA35C174A5DC0113DA50B645A4040557CF3C11A4A5DC0EFF00BC36C5A4040238F7BB0204A5DC06BDD20536A5A4040EFC7B431364A5DC006659FBE5F5A404062188F642F4A5DC09C1DA0AE585A404072B1C2E22E4A5DC0180F732E4C5A404056FCFDDD2F4A5DC05FB826CE2D5A40406E7ED020394A5DC0D242D277275A404036F4B37F504A5DC004D35ABB475A4040075DB1B8724A5DC0BB159783265A40402FE1666E924A5DC0F1C41F8A085A4040E16C8852A84A5DC02AEB0F5EF3594040	6	sdo	\N	\N	3
7	vector	007	SAN FRANCISCO	Sanborn	2002	WGS84	WGS84	Sanborn	Yes	0	0	Polygon	Yes	15.029999999999999	5.800000000000000	8611	0106000020E61000000100000001030000000100000068000000FFFD9D97479B5EC09806038ADDE142405D174423489B5EC099804D48E7E14240D456F5084B9B5EC0EC4A121525E24240EC19EF314C9B5EC02C916DAC3DE24240B9F9C04D4E9B5EC0F3BF6AC069E2424025BD3DF04E9B5EC00ED0835E7AE242408E577389479B5EC05018437B85E24240D6095AEF669B5EC0D389DB0482E24240C8E89C26699B5EC0C90668C8A0E2424060ADE9F34F9B5EC0A9A7560AA8E24240E2E330AD549B5EC0BC3028CCDBE242408D1397FC579B5EC0480B37C0F8E24240296BDDB45A9B5EC0D89DD71013E34240237EFB445D9B5EC0381EAF452CE34240B9675716609B5EC0ABAD12584EE34240D3ED7C8C619B5EC02BCA120C5EE34240FE1C08C8479B5EC038CA52A864E342407E39E0014A9B5EC0F928277079E342405C16FDFF4B9B5EC0F4139BC691E34240E29F50784D9B5EC0E2AB42EDA1E34240DCD0D040509B5EC04AAA7056C1E3424075DB693E519B5EC029C22010CDE342405BA9CAA9599B5EC04C0E97E11AE44240D3C567475B9B5EC0DC3C42B02BE44240AAEA87125C9B5EC01ECCC0FB32E442403409B7A85B9B5EC05109CC7033E44240738E5D375C9B5EC09F0B26123EE44240232D241E289B5EC0E3BC104F4BE44240F4230B37329B5EC0A2C32ED0AEE442408D8F6793399B5EC0F87905ACF6E442402C4CC65D439B5EC0CDF1B9F757E542404D14DB67479B5EC060A866FC81E542407CAF20FA4D9B5EC0529D73C5C2E5424037529726529B5EC00786BF1FECE54240D3C4F04D569B5EC0D1AB512414E64240D248D7555D9B5EC025B2C03B5DE6424053B36E31649B5EC05ED8F0739EE64240B43ADD24699B5EC03FE0BBFCCDE642401B8E90C56A9B5EC0C55ACB76DFE642406C927AAF689B5EC0914FF96BE2E642400282E4CD689B5EC015F3EAB3E3E64240828678DB4E9B5EC068F99F83EAE642402647ED53339B5EC0C425DBF6F3E64240B5260536369B5EC036D8FAD711E742403190ED5A399B5EC0F10BEB5832E74240F279491D459B5EC06202EE17F4E742403AE67CF0629A5EC0F86E7F18F4E742409FE726594B9A5EC093B41183DCE742406141EFBA469A5EC0BDE15805DBE74240E16EE78E409A5EC0341C3372D9E7424063FA63CB3D9A5EC0701D0A1BD1E74240ADD1D4FD089A5EC0C61B41059EE74240C0B142C7099A5EC0BCD90EBEAFE74240EB2E74E8FD995EC09B92ACCAB0E74240423C95A9FC995EC0278CCD1B91E7424095DDF36EE5995EC07CCFABAD79E742406094E00BE1995EC0FB4877588BE74240F52668DFD8995EC08332094986E742408E569F5ADD995EC0D8EBCE1071E7424011556527CD995EC0719A75F361E74240A8D4D72FC7995EC0A9DC675770E74240084C7993BD995EC0DE5AB53868E74240CE256687C3995EC05FF2EFB858E7424003CC7580B6995EC062CA06D54BE74240DCF59E79B0995EC09157CF9055E74240985E4AE8A1995EC01684885F53E7424042A661D6A3995EC04A335B7B30E74240B7BF785287995EC047357929FAE64240C5B55B7E82995EC0C002B032FFE642407039458280995EC03EFA79D3FCE64240D5A908DA73995EC08876440FE1E64240ADA5CEE55C995EC08ACF808EADE64240C91071854D995EC0656F5AC68CE642408C9369954F995EC05DCE498B86E642405CD0A5B7BC985EC0EB63BE1664E54240B15EB36CAA985EC09855987F1AE54240BA6668FAA7985EC03A9940DB18E54240413FE774A5985EC0ED7DBD660DE542409B6DE1C8A5985EC09EEFE2D407E542404F05ADC99B985EC0C4C1B39CDFE4424018A2537B9F985EC0D02348F53DE442403C348D0A9D985EC053707C6039E44240441E8DCA9D985EC08C203D6227E44240BA2D680FA0985EC0DD0C84A424E442401C36AD7FA3985EC04DDC82248EE342400451B5F9DD985EC07C4A70268EE34240DE84164EF6985EC0BFF6E6B47EE34240D806E058FB985EC0B07C3C127DE34240220AFFFAFC985EC0C26E05A07AE3424079CA51CF06995EC092DDBA5687E34240B1A4075928995EC058AB4FE051E3424032F0EEB550995EC0658D04DA10E34240EF15127B76995EC031BBDA9FD5E242404A64C1257A995EC0A1D470F3D1E242401FEAE11C9A995EC070C9E20A9EE242404B9883D9B8995EC0DD9E372768E24240556684CBB8995EC0AE7178D264E24240648F9DE8B4995EC0DEA4B7890FE24240A664B970E4995EC09090D6E50BE242400ACC7F8F1A9A5EC0A9C0EB9904E2424071198C78749A5EC0050EF326F9E142408DA968C0E59A5EC0FB3A7444EBE142409672B054299B5EC0BAE8C413E2E14240FFFD9D97479B5EC09806038ADDE14240	7	sfo	downtown_	\N	3
42	vector	007	MIAMI	Sanborn	2002	WGS84	WGS84	Sanborn	Yes	0	0	Polygon	Yes	9.949999999999999	3.840000000000000	2755	0106000020E6100000010000000103000000010000007C000000F4499B3BA30C54C079B6D80A04C03940344F7BF4B90C54C0317699F270C03940905E4B27D40C54C04CFA3F32F2C03940821BB5E5D50C54C0F2834278EFC0394087E11D62D80C54C01A094358F9C039405574EED7D60C54C06D32299BFFC0394058C6C6FBDE0C54C0C63E510D25C139405A2BED26E60C54C0608EE0EB1FC13940CF349B6EE80C54C0D0BAEE4728C13940F7C74CB4E20C54C074C145C638C13940DEF55739E90C54C045304DC256C13940C4E5A153D00C54C07E95D95BB0C1394055A207ECCC0C54C0BAD4BC6918C239406B7A7CFBC90C54C000A26D4777C23940D18D703DCC0C54C0000310D7E0C23940079575C3CE0C54C0157396B551C339406CDA248BD10C54C032A270AACEC339403DCDF5C9D00C54C0762A46761CC43940C0EF3B31CF0C54C03E3902036EC43940D2581C62CD0C54C0DCF110DDD7C439409AE9E57CC50C54C0E9FE103442C5394038B46E6DC10C54C066C0D3BE53C5394009DE469EBF0C54C0BE757E8EA7C539400D6415A3C20C54C0C7824EDAE9C53940ADE7FDD8C60C54C0ACE44BEB4EC63940FA5D09E0C40C54C04CE6468B88C63940B916B615C50C54C03EA74D57B1C6394038C7E379C50C54C0F4669804EBC63940F80A8AEAC50C54C0774F1F4630C739401020E2A3C60C54C0C921AE519CC739400A53413FC70C54C02CF28C44FBC73940700D43B7C70C54C0141AD1662FC839409F197407C80C54C040B9385A6DC83940B07EC0ADC80C54C06A9CAADEB2C839408B499923C90C54C0FF6D1E0AECC839409D04C595C90C54C047B331C52DC93940498F4A12CA0C54C0F3A4805E6DC9394037A7674CCA0C54C0C436ACD78BC939407773A454CB0C54C0A4562304E6C93940DB5D97D9CB0C54C0DA01767B25CA394068F8150FCC0C54C0470D108B4FCA39403C3FF24FCF0C54C0D8788245ABCA3940C6BA4BF9D10C54C0D8A7579AF3CA39400C240E95D30C54C0FAD071A517CB3940C2E98F69D30C54C0F74534062ACB3940C717648BD30C54C00ADF6CE981CB3940D910B299D30C54C01B4BB984B3CB3940F3C89C78D30C54C094A7519100CC3940E91EA3A3D30C54C071E199BE18CC394082869D80D30C54C019DF9AD156CC39407EBF7C58BC0C54C0777408D056CC3940A5B8B49FBD0C54C0C3F3AF6CEDCC39403FA7B916BE0C54C0C7230ED323CD394014551C0EBF0C54C04469F4BA7BCD3940BCBE1470BF0C54C06E34B5AEB9CD3940DF246F0FC00C54C0D95D81500FCE3940087B9D39C00C54C013DC2ECD52CE39406D0C7F37BB0C54C03C2A517253CE3940C5C9F996BA0C54C000C4D6F254CE394006E97D38B80C54C014C68CAA57CE3940BFE812E8B30C54C0E96EF81459CE39408C4DF245AE0C54C02EE19F3559CE3940837E5FA6AD0C54C0FB6F55AF57CE39400FF52D2EA70C54C08E4018CD58CE3940F265E718A70C54C0EA7F66DB60CE3940A0EB8E3EA40C54C04DEB1FCD61CE3940115F16C5A30C54C03E850D7D5ACE3940074FA39DA10C54C0669F076F59CE39402CD1C7409F0C54C0EA3FD35F58CE3940CDCD1018950C54C0E9DFD3AC5BCE3940F51EBC9C910C54C0F3E4335E5ECE3940893DED288D0C54C04466D8465FCE39407C6E78298D0C54C0CE7C8C045ECE3940D0063CA6850C54C01B5F4F1C5FCE39403921A6A7850C54C0FBD256D65BCE39409FCB38E6810C54C0E25C32C45CCE39404622ADA16E0C54C09E0F031C5FCE39405D5D1524490C54C0A2F5EF9163CE394086154C4A480C54C0D097A31E6DCE3940FE2895D1440C54C03D6DE0C469CE3940AC020146440C54C082F2C43563CE3940B95FBF3C300C54C02FAC628C67CE3940314E5C1B1D0C54C08C6627E66ACE39402A98682B1D0C54C027EBE5ED6ECE3940DE558B34190C54C0F95BB8176FCE3940F6A5D0B9180C54C036E2CE8F6BCE394062A2E00B120C54C0B4DC566D6DCE3940FDA145C60E0C54C0B3F7545E6FCE3940F35E5EFC060C54C0DC19CC316FCE394081F2B9DAFB0B54C076922EB771CE3940940729FAE10B54C0A828E46D76CE39409F906DF2CD0B54C042FC3A3D77CE3940163446EBB10B54C02115D61E78CE394015005AADB10B54C007A9E93475CE3940542CF0C0B10B54C0AE4D03DC20CE394003BB2EBCB10B54C01A7DD7BE61CD39407186DAA2B10B54C0FBD3BAECA8CC39406F8CE7ABB10B54C0B47773E0F2CB3940A6DE21A9B10B54C008489AA1D0CB39402E1084B0B10B54C007E6305C1ECB3940D4BAA093B10B54C054B8B7986DCA3940B5A6F392B10B54C0BA03239146CA3940B4F6C7ACB10B54C0BA0F55C992C9394008E332AAB10B54C08291332DF7C8394092570DA5B10B54C0572846D138C8394042FE8E8BB10B54C056FB7D3F80C739409A482E5BB10B54C0692E6C42D3C639404E6DDF17B10B54C085E62B3F00C6394093A360FFB00B54C0523A90F36DC539403F2E6BF1B00B54C04F77B8983CC539400F1CECECB00B54C02F014F44A5C4394063776F62B00B54C019B7C4C9FAC33940DFEB9485BC0B54C00E84E63B41C339408F69740FC70B54C0999DEC279BC2394015B51946CD0B54C03D74621C3BC23940EC5FAA0FD40B54C05CE707BECFC1394042E31AA3DE0B54C07F77EE2BB6C13940280FC773020C54C0013893D15BC13940F670DEC80C0C54C0A579349F42C139406CA050C4350C54C0AD512F07DAC03940619C96D63E0C54C09623E694C5C039404F6FAAC34D0C54C0FE566BB5A8C039400567FCCB720C54C0BDF010C561C03940F4499B3BA30C54C079B6D80A04C03940	42	mia		\N	3
60	vector	007	SAINT PETERSBURG	Sanborn	2008	WGS84	WGS84	Sanborn	Yes	0	0	Polygon	Yes	6.480000000000000	2.500000000000000	1717	0106000020E61000000100000001030000000100000074000000759052C1DDA854C06CFC714C6DC23B407739B98DE0A854C092FD353F6DC23B400AD0CB0CE2A854C05E1DEFDF6FC23B4008C4C487F2A854C0B464360370C23B400BA65790F8A854C058DE37C970C23B40F03E4478F8A854C0846B1F32AFC23B401994E1B0F8A854C0AFF8725BF1C23B40EBAA2B19FFA854C02E91F690F2C23B40E647B543FFA854C0A954389FE4C23B406A0E474E03A954C0353918E2E3C23B4008A49BE30BA954C028B0F19BE4C23B4007F6B0DA14A954C09F99076CEAC23B402749416B21A954C01F4977F5EBC23B40A4609D4926A954C060E60A0AF8C23B40694DC30C26A954C058C54691FFC23B40952C72D22EA954C0F514A4D601C33B404AB97C8431A954C08E6CBC784EC33B4021C8713D32A954C00641FF9168C33B4026C45BE52CA954C0A3DCEA8B6BC33B40479AA3E12CA954C0408963BADFC33B402FA389D22CA954C0114353350CC43B40F3B04D6345A954C03B4522C00BC43B40CD9C0F5A45A954C0BDAF4E741DC43B40224BC6B05FA954C0E618C7311CC43B40C22F8E5178A954C0B3D85EF41BC43B40418240A68EA954C0742C12881DC43B409DC9A9C7A6A954C031038A4C1DC43B40A563A8F1B8A954C0AFABE4F31EC43B40C3E71C19E7A954C0F85DCF9C23C43B4003BD6F56E9A954C0EEA53F0324C43B401FD904DCECA954C0A536E30B28C43B409F352615F5A954C031A0452F31C43B403AFAF61900AA54C0CB75304738C43B40DC912C3F0EAA54C09DAAFB984AC43B40DDB9548110AA54C0B278DEBA56C43B4053E10B1D1CAA54C0672627E39AC43B4029560B5F1DAA54C09417F3490AC53B40596EF6241FAA54C065B72A8A9AC53B40BC6BDF3B1FAA54C0814705AFACC53B4097B20D3121AA54C0E610D7B8E9C53B4004D1D02D29AA54C0A4584DCD37C63B4025A9FB553AAA54C0FAED175CD6C63B40CB4735002DAA54C06C909A0417C73B40E8FE29EE44AA54C052D1EE5086C73B401A5288F949AA54C014D02CE705C83B409F82124D47AA54C0FD0ABFBC05C83B408FB792D01DAA54C01186E54F06C83B401067EAB5F2A954C0D2D24A5A07C83B4034F495D7F1A954C0A8F40EEB08C83B403B789749F0A954C03FC9412B09C83B40A8B5DB6BEEA954C00F54627107C83B4037767D95CCA954C00F6E15A407C83B40A74D4287CCA954C0D47359110CC83B4094B18F0BC9A954C0BDB133220CC83B4080B3DAE9C8A954C004DE8A4407C83B407A32DD36C5A954C093EACE3B07C83B409C885763BBA954C0AA16E74D08C83B4086534B6EA5A954C02B37934608C83B40E01C2761A5A954C0318344940FC83B408252391A9EA954C0D396FDEF0FC83B409BC491AB9CA954C0F435A4DB0EC83B40F999B4D296A954C064D526BF0EC83B4029C16ED096A954C054F8A5C508C83B40F4A1FAE38DA954C0BD9F9E0E09C83B404FAA2E8381A954C0D57A7B1109C83B408EC09C6681A954C0BC015DB311C83B40DF44E88277A954C0C0B0821B12C83B40290E356077A954C01FD110960AC83B403D3F644B61A954C0A69B4EC70AC83B40DC08BED360A954C0EEAC4CF1B3C73B408AE4832453A954C0991A82C1B3C73B40D7AD7A5353A954C0F8BEA67E87C73B4073A055744BA954C00AC9672F70C73B40633A32EF46A954C098F6D1F153C73B40BF34E7E140A954C092F38C2D1DC73B40874C38453DA954C0A7A8B2251AC73B401C091E6E3AA954C0C48CD95C28C73B40E458E31038A954C051F4D4F627C73B4078B2D83334A954C0F8EAF62A23C73B405B401E9233A954C0E9E07A8A1CC73B4046F42B6921A954C0C1F0FB711CC73B40932C80AD1FA954C02520223B22C73B40F2D933670BA954C099C174EF23C73B406E29552B0BA954C0CCE2761E2EC73B4006DA1C3007A954C0BAB413C02DC73B40E641F10D07A954C08339838E27C73B40C8775C57FFA854C0F3EBD44127C73B40B843DF54FFA854C0F52A619E20C73B40216848A7F0A854C0F0484A5521C73B4059A4807FDCA854C083FC377E1FC73B403DEB89A5D9A854C01CF7332F26C73B40F6DB75BAC9A854C027E395D027C73B407EECA402C5A854C09B5A0E192EC73B405ED23F08C1A854C00BD806F12FC73B40EC3955D5B5A854C029D054EF2DC73B4031B36BB899A854C07302F0E42EC73B40B6670B3B7EA854C0876FEEF62EC73B40A6A75B2B70A854C0F2C4B21F2CC73B40E08938C86FA854C0F240E96422C73B408E96AFC855A854C029D3C04F23C73B401270CE0232A854C0BE07F4A1F0C63B406BE68AEAE4A754C04D9223D981C63B403377C6C7BCA754C0A765647A49C63B40F3B73348BBA754C05B7724E4EDC53B403103D76ACAA754C07C85E5E677C53B40DE32F48EE0A754C014BA39AFC8C43B4049509223E1A754C0E300A48352C43B40112AFC95E1A754C08608FF847EC33B40B95935D5E1A754C0465B232E77C23B402E9F964D0DA854C0A483972D76C23B40E9511F8B5AA854C0A0EBD93975C23B40A14A142B80A854C04FF7FB8A74C23B407DC4645AA6A854C0DF5F7E1174C23B40B9C787C1B9A854C021F9CBEE73C23B4031DC3FA4DCA854C0DB95694D71C23B40759052C1DDA854C06CFC714C6DC23B40	60	spe	\N	\N	3
62	vector	007	WASHINGTON	Sanborn	2002	WGS84	WGS84	Sanborn	Yes	0	0	Polygon	Yes	19.329999999999998	7.460000000000000	6487	\N	62	was	capital_	0	3
70	\N	\N	Testing New Footprint	Sanborn	2014	WGS84	WGS84	Sanborn	Yes	0	0	\N	\N	20.0	21.2	200	0106000020E61000000100000001030000000100000005000000000000D3CCA158C0A77D3F83CAEC4340FFFFFF52F49F58C0B3841BE72BEB43400000005389A158C0BDF37D54FAE84340000000F3AAA358C03D905D94F2EB4340000000D3CCA158C0A77D3F83CAEC4340	69	tst	tst_	3	6
73	\N	\N	Test Austin	Sanborn	2014	WGS84	WGS84	Sanborn	Yes	0	0	\N	\N	30.0	40.0	200	0106000020E6100000010000000103000000010000000500000000000013BF6F58C0AB974E86D24A3E40FFFFFF32926D58C0CCE5E9F03D483E4000000053CD6C58C0A2E55EE48D4D3E40000000D32C6F58C0EF3EDF6A0B513E4000000013BF6F58C0AB974E86D24A3E40	41	tsta	test_austin_	0	0
48	vector	007	COLUMBUS	Sanborn	2007	WGS84	WGS84	Sanborn	Yes	0	0	Polygon	No	20.500000000000000	7.910000000000000	9603	\N	48	col		0	0
41	vector	007	AUSTIN	Sanborn	2007	WGS84	WGS84	Sanborn	Yes	0	0	Polygon	No	11.760000000000000	4.540000000000000	4482	0106000020E61000000100000001030000000300000008000000FFFFFFDFC17258C069268F92634E3E40FFFFFFFFC17058C062F4FB59914C3E4000000020FA7258C042E0C54321453E40000000401E7A58C053FEDC1879423E40FFFFFF1FC77858C0469987A1CB4C3E4000000060977758C0E00E5008DA533E40FFFFFFBFC17458C0C9243592E4503E40FFFFFFDFC17258C069268F92634E3E4006000000000000F35E7758C058C10757FD543E4000000093947458C0083435DE8F523E4000000033BC7058C03D20D045B14E3E40000000B31E7058C0A991ED223B543E4000000013167358C08F2274ADF2573E40000000F35E7758C058C10757FD543E400500000000000093EB7758C03A2B3CB727543E40000000B3F67958C06EA88CD188543E4000000073EB7958C01CA47BB9BD503E40000000B3BB7858C095852ED71E513E4000000093EB7758C03A2B3CB727543E40	41	aus		0	0
75	\N	003	Mountain	Sanborn	2014	WGS84	WGS84	Sanborn	Yes	0	0	\N	\N	5.0	5.0	10	0106000020E61000000100000001030000000100000006000000000000E6565D5AC035C87C54C80844400000006676545AC076B1320B2B07444000000026B4565AC03754A04DCDFC434000000066A5615AC05E964C041A004440000000E6295D5AC0839E05D668044440000000E6565D5AC035C87C54C8084440	72	bldr	mountain_	0	0
21	vector	005	ATLANTA	Sanborn	2002	WGS84	WGS84	Sanborn	Yes	0	0	Polygon	Yes	8.770000000000000	3.390000000000000	2090	0106000020E61000000100000001030000000200000008000000000098A8271955C03ABD5982CDE34040000098EA121955C08DDCBF35B3E3404000009860151955C0205104A880E34040000060620F1955C08ABB5DD52EE340400000609E5A1955C0D3A5E17E2CE34040000060AE681955C07B686AAB87E3404000006012501955C04BD4BE80E0E34040000098A8271955C03ABD5982CDE340400D000000FFFFBFDCF81855C0FF933FBF20E540400000C044FA1855C0C21631D7E2E34040FFFFBFDCF81855C0AAB28C517EE340400000C02CE51855C0E5AE90C004E340400000C064E91855C039D3D2DE96E240400000C0F44B1755C073CD668FA2E240400000C0143B1755C0931515D551E540400000C0ACCE1855C0233F1700B4E540400000C034EC1855C008DD885FCBE540400000C05C0F1955C010DC8E62D2E540400000C044FA1855C084C34C4DA1E54040FFFFBFDCF81855C037DCB67E4FE54040FFFFBFDCF81855C0FF933FBF20E54040	21	atl		0	4
\.


--
-- Data for Name: licenses; Type: TABLE DATA; Schema: public; Owner: cbachicha
--

COPY licenses (id, title, body, modifier, created_at, updated_at) FROM stdin;
1	Single Use License	Permits access to, or delivery or transmission of the Data to or from your computer system (Computer) on a per user license arrangement at the address set forth on your user account at the time of purchase.	0.00	2014-06-12 18:00:19.316429	2014-07-01 19:42:07.609104
2	Site License	Permits access to, or delivery or transmission of the Data to or from your computer system (Computer) on a per user license arrangement or to or from your local area network (LAN) for an unlimited number of users at the address set forth on your user account at the time of purchase.	0.10	2014-06-12 18:01:32.916919	2014-07-01 19:43:35.718446
\.


--
-- Name: licenses_id_seq; Type: SEQUENCE SET; Schema: public; Owner: cbachicha
--

SELECT pg_catalog.setval('licenses_id_seq', 2, true);


--
-- Data for Name: payment_notifications; Type: TABLE DATA; Schema: public; Owner: cbachicha
--

COPY payment_notifications (id, params, cart_id, status, transaction_id, created_at, updated_at) FROM stdin;
226	--- !ruby/hash:ActiveSupport::HashWithIndifferentAccess\ntxn_id: 8A073937H5174482R\ninvoice: '672'\npayment_status: Completed\naction: new\ncontroller: payment_notifications\n	672	Completed	8A073937H5174482R	2014-07-11 20:32:06.865048	2014-07-11 20:32:06.865048
227	--- !ruby/hash:ActiveSupport::HashWithIndifferentAccess\ntxn_id: 8RV62762FW673642F\ninvoice: '675'\npayment_status: Completed\naction: new\ncontroller: payment_notifications\n	675	Completed	8RV62762FW673642F	2014-07-11 20:36:35.881861	2014-07-11 20:36:35.881861
223	--- !ruby/hash:ActiveSupport::HashWithIndifferentAccess\nmc_gross: '19514.00'\ninvoice: '667'\nprotection_eligibility: Ineligible\nitem_number1: '887'\ntax: '0.00'\nitem_number2: '888'\npayer_id: T3DRYND4SEN3J\nitem_number3: '889'\npayment_date: 08:58:26 Jul 11, 2014 PDT\npayment_status: Completed\ncharset: windows-1252\nmc_shipping: '0.00'\nmc_handling: '0.00'\nfirst_name: Christopher\nmc_fee: '566.21'\nnotify_version: '3.8'\ncustom: ''\npayer_status: verified\nbusiness: seller@sanborn.com\nnum_cart_items: '3'\nmc_handling1: '0.00'\nmc_handling2: '0.00'\nmc_handling3: '0.00'\nverify_sign: AOh0tu.5JUQyG2Aao4MpntBA2sFjAAbulq5IoFS3kK.UzAigDkMfcnIC\npayer_email: buyer@sanborn.com\nmc_shipping1: '0.00'\nmc_shipping2: '0.00'\nmc_shipping3: '0.00'\ntax1: '0.00'\ntax2: '0.00'\ntax3: '0.00'\ntxn_id: 2BU065083M146793R\npayment_type: instant\nlast_name: Bachicha\nitem_name1: 2D Buildings (Shapefile) DENVER den\nreceiver_email: seller@sanborn.com\nitem_name2: 3D Buildings (Collada) DENVER den\npayment_fee: '566.21'\nitem_name3: 3D Buildings (Shapefile) DENVER den\nquantity1: '1'\nquantity2: '1'\nreceiver_id: PB96F57ETQU6Q\nquantity3: '1'\ntxn_type: cart\nmc_gross_1: '1774.00'\nmc_currency: USD\nmc_gross_2: '8870.00'\nmc_gross_3: '8870.00'\nresidence_country: US\ntest_ipn: '1'\ntransaction_subject: ''\npayment_gross: '19514.00'\nipn_track_id: e30e43a058e16\naction: new\ncontroller: payment_notifications\n	667	Completed	2BU065083M146793R	2014-07-11 15:58:42.85517	2014-07-11 15:58:42.85517
224	--- !ruby/hash:ActiveSupport::HashWithIndifferentAccess\nmc_gross: '8.20'\ninvoice: '668'\nprotection_eligibility: Ineligible\nitem_number1: '890'\npayer_id: XQAKMR6N6HTBS\ntax: '0.00'\npayment_date: 10:42:27 Jul 11, 2014 PDT\npayment_status: Completed\ncharset: windows-1252\nmc_shipping: '0.00'\nmc_handling: '0.00'\nfirst_name: Christopher\nmc_fee: '0.54'\nnotify_version: '3.8'\ncustom: ''\npayer_status: unverified\nbusiness: paypal@sanborn.com\nnum_cart_items: '1'\nmc_handling1: '0.00'\nverify_sign: A8RQ0F8gkUzMctcqZ4r9aZzwD7JUAlF3eiag-4KvBN2IKXcyzrkT34Wq\npayer_email: cbachicha@sanborn.com\nmc_shipping1: '0.00'\ntax1: '0.00'\ntxn_id: 8G928711VW364701T\npayment_type: instant\npayer_business_name: The Sanborn Map Company, Inc.\nlast_name: Bachicha\nitem_name1: DEM TAMPA tam\nreceiver_email: paypal@sanborn.com\npayment_fee: '0.54'\nquantity1: '1'\nreceiver_id: MHXVA395NGT3G\ntxn_type: cart\nmc_gross_1: '8.20'\nmc_currency: USD\nresidence_country: US\ntransaction_subject: ''\npayment_gross: '8.20'\nipn_track_id: 115d4cedea80c\naction: new\ncontroller: payment_notifications\n	668	Completed	8G928711VW364701T	2014-07-11 17:42:49.002305	2014-07-11 17:42:49.002305
\.


--
-- Name: payment_notifications_id_seq; Type: SEQUENCE SET; Schema: public; Owner: cbachicha
--

SELECT pg_catalog.setval('payment_notifications_id_seq', 227, true);


--
-- Data for Name: products; Type: TABLE DATA; Schema: public; Owner: cbachicha
--

COPY products (id, footprint_id, data_type_id, created_at, updated_at, vintage) FROM stdin;
20	1	4	2014-06-09 12:07:00	2014-06-09 12:07:00	\N
22	3	4	2014-06-09 12:07:00	2014-06-09 12:07:00	\N
23	4	4	2014-06-09 12:07:00	2014-06-09 12:07:00	\N
24	5	4	2014-06-09 12:07:00	2014-06-09 12:07:00	\N
25	6	4	2014-06-09 12:07:00	2014-06-09 12:07:00	\N
26	7	4	2014-06-09 12:07:00	2014-06-09 12:07:00	\N
27	8	4	2014-06-09 12:07:00	2014-06-09 12:07:00	\N
28	9	4	2014-06-09 12:07:00	2014-06-09 12:07:00	\N
29	10	4	2014-06-09 12:07:00	2014-06-09 12:07:00	\N
30	11	4	2014-06-09 12:07:00	2014-06-09 12:07:00	\N
31	12	4	2014-06-09 12:07:00	2014-06-09 12:07:00	\N
32	13	4	2014-06-09 12:07:00	2014-06-09 12:07:00	\N
33	14	4	2014-06-09 12:07:00	2014-06-09 12:07:00	\N
34	15	4	2014-06-09 12:07:00	2014-06-09 12:07:00	\N
35	17	4	2014-06-09 12:07:00	2014-06-09 12:07:00	\N
37	19	4	2014-06-09 12:07:00	2014-06-09 12:07:00	\N
38	20	4	2014-06-09 12:07:00	2014-06-09 12:07:00	\N
39	21	4	2014-06-09 12:07:00	2014-06-09 12:07:00	\N
40	22	4	2014-06-09 12:07:00	2014-06-09 12:07:00	\N
41	23	4	2014-06-09 12:07:00	2014-06-09 12:07:00	\N
42	24	4	2014-06-09 12:07:00	2014-06-09 12:07:00	\N
43	25	4	2014-06-09 12:07:00	2014-06-09 12:07:00	\N
44	26	4	2014-06-09 12:07:00	2014-06-09 12:07:00	\N
45	27	4	2014-06-09 12:07:00	2014-06-09 12:07:00	\N
46	28	4	2014-06-09 12:07:00	2014-06-09 12:07:00	\N
47	29	4	2014-06-09 12:07:00	2014-06-09 12:07:00	\N
48	30	4	2014-06-09 12:07:00	2014-06-09 12:07:00	\N
49	31	4	2014-06-09 12:07:00	2014-06-09 12:07:00	\N
51	33	4	2014-06-09 12:07:00	2014-06-09 12:07:00	\N
52	34	4	2014-06-09 12:07:00	2014-06-09 12:07:00	\N
53	35	4	2014-06-09 12:07:00	2014-06-09 12:07:00	\N
54	36	4	2014-06-09 12:07:00	2014-06-09 12:07:00	\N
55	37	4	2014-06-09 12:07:00	2014-06-09 12:07:00	\N
56	38	4	2014-06-09 12:07:00	2014-06-09 12:07:00	\N
57	39	4	2014-06-09 12:07:00	2014-06-09 12:07:00	\N
58	40	4	2014-06-09 12:07:00	2014-06-09 12:07:00	\N
59	41	4	2014-06-09 12:07:00	2014-06-09 12:07:00	\N
60	42	4	2014-06-09 12:07:00	2014-06-09 12:07:00	\N
61	43	4	2014-06-09 12:07:00	2014-06-09 12:07:00	\N
62	45	4	2014-06-09 12:07:00	2014-06-09 12:07:00	\N
63	46	4	2014-06-09 12:07:00	2014-06-09 12:07:00	\N
64	47	4	2014-06-09 12:07:00	2014-06-09 12:07:00	\N
65	48	4	2014-06-09 12:07:00	2014-06-09 12:07:00	\N
66	49	4	2014-06-09 12:07:00	2014-06-09 12:07:00	\N
67	50	4	2014-06-09 12:07:00	2014-06-09 12:07:00	\N
68	51	4	2014-06-09 12:07:00	2014-06-09 12:07:00	\N
69	52	4	2014-06-09 12:07:00	2014-06-09 12:07:00	\N
70	53	4	2014-06-09 12:07:00	2014-06-09 12:07:00	\N
71	54	4	2014-06-09 12:07:00	2014-06-09 12:07:00	\N
72	55	4	2014-06-09 12:07:00	2014-06-09 12:07:00	\N
73	56	4	2014-06-09 12:07:00	2014-06-09 12:07:00	\N
74	57	4	2014-06-09 12:07:00	2014-06-09 12:07:00	\N
75	58	4	2014-06-09 12:07:00	2014-06-09 12:07:00	\N
76	59	4	2014-06-09 12:07:00	2014-06-09 12:07:00	\N
77	60	4	2014-06-09 12:07:00	2014-06-09 12:07:00	\N
78	61	4	2014-06-09 12:07:00	2014-06-09 12:07:00	\N
79	62	4	2014-06-09 12:07:00	2014-06-09 12:07:00	\N
80	63	4	2014-06-09 12:07:00	2014-06-09 12:07:00	\N
81	64	4	2014-06-09 12:07:00	2014-06-09 12:07:00	\N
82	65	4	2014-06-09 12:07:00	2014-06-09 12:07:00	\N
83	66	4	2014-06-09 12:07:00	2014-06-09 12:07:00	\N
90	1	3	2014-06-09 13:47:00	2014-06-09 13:47:00	\N
91	2	3	2014-06-09 13:47:00	2014-06-09 13:47:00	\N
92	3	3	2014-06-09 13:47:00	2014-06-09 13:47:00	\N
93	4	3	2014-06-09 13:47:00	2014-06-09 13:47:00	\N
95	6	3	2014-06-09 13:47:00	2014-06-09 13:47:00	\N
96	7	3	2014-06-09 13:47:00	2014-06-09 13:47:00	\N
97	8	3	2014-06-09 13:47:00	2014-06-09 13:47:00	\N
98	9	3	2014-06-09 13:47:00	2014-06-09 13:47:00	\N
99	10	3	2014-06-09 13:47:00	2014-06-09 13:47:00	\N
100	11	3	2014-06-09 13:47:00	2014-06-09 13:47:00	\N
101	12	3	2014-06-09 13:47:00	2014-06-09 13:47:00	\N
102	13	3	2014-06-09 13:47:00	2014-06-09 13:47:00	\N
103	14	3	2014-06-09 13:47:00	2014-06-09 13:47:00	\N
104	15	3	2014-06-09 13:47:00	2014-06-09 13:47:00	\N
105	17	3	2014-06-09 13:47:00	2014-06-09 13:47:00	\N
107	19	3	2014-06-09 13:47:00	2014-06-09 13:47:00	\N
108	20	3	2014-06-09 13:47:00	2014-06-09 13:47:00	\N
110	22	3	2014-06-09 13:47:00	2014-06-09 13:47:00	\N
111	23	3	2014-06-09 13:47:00	2014-06-09 13:47:00	\N
114	26	3	2014-06-09 13:47:00	2014-06-09 13:47:00	\N
115	27	3	2014-06-09 13:47:00	2014-06-09 13:47:00	\N
116	28	3	2014-06-09 13:47:00	2014-06-09 13:47:00	\N
117	29	3	2014-06-09 13:47:00	2014-06-09 13:47:00	\N
118	30	3	2014-06-09 13:47:00	2014-06-09 13:47:00	\N
119	31	3	2014-06-09 13:47:00	2014-06-09 13:47:00	\N
121	33	3	2014-06-09 13:47:00	2014-06-09 13:47:00	\N
122	34	3	2014-06-09 13:47:00	2014-06-09 13:47:00	\N
123	35	3	2014-06-09 13:47:00	2014-06-09 13:47:00	\N
124	36	3	2014-06-09 13:47:00	2014-06-09 13:47:00	\N
125	37	3	2014-06-09 13:47:00	2014-06-09 13:47:00	\N
126	38	3	2014-06-09 13:47:00	2014-06-09 13:47:00	\N
127	39	3	2014-06-09 13:47:00	2014-06-09 13:47:00	\N
128	40	3	2014-06-09 13:47:00	2014-06-09 13:47:00	\N
129	41	3	2014-06-09 13:47:00	2014-06-09 13:47:00	\N
130	42	3	2014-06-09 13:47:00	2014-06-09 13:47:00	\N
131	43	3	2014-06-09 13:47:00	2014-06-09 13:47:00	\N
132	45	3	2014-06-09 13:47:00	2014-06-09 13:47:00	\N
133	46	3	2014-06-09 13:47:00	2014-06-09 13:47:00	\N
134	47	3	2014-06-09 13:47:00	2014-06-09 13:47:00	\N
135	48	3	2014-06-09 13:47:00	2014-06-09 13:47:00	\N
136	49	3	2014-06-09 13:47:00	2014-06-09 13:47:00	\N
137	50	3	2014-06-09 13:47:00	2014-06-09 13:47:00	\N
138	51	3	2014-06-09 13:47:00	2014-06-09 13:47:00	\N
139	52	3	2014-06-09 13:47:00	2014-06-09 13:47:00	\N
140	53	3	2014-06-09 13:47:00	2014-06-09 13:47:00	\N
141	54	3	2014-06-09 13:47:00	2014-06-09 13:47:00	\N
142	55	3	2014-06-09 13:47:00	2014-06-09 13:47:00	\N
143	56	3	2014-06-09 13:47:00	2014-06-09 13:47:00	\N
144	57	3	2014-06-09 13:47:00	2014-06-09 13:47:00	\N
145	58	3	2014-06-09 13:47:00	2014-06-09 13:47:00	\N
146	59	3	2014-06-09 13:47:00	2014-06-09 13:47:00	\N
147	60	3	2014-06-09 13:47:00	2014-06-09 13:47:00	\N
148	61	3	2014-06-09 13:47:00	2014-06-09 13:47:00	\N
149	62	3	2014-06-09 13:47:00	2014-06-09 13:47:00	\N
150	63	3	2014-06-09 13:47:00	2014-06-09 13:47:00	\N
151	64	3	2014-06-09 13:47:00	2014-06-09 13:47:00	\N
152	65	3	2014-06-09 13:47:00	2014-06-09 13:47:00	\N
153	66	3	2014-06-09 13:47:00	2014-06-09 13:47:00	\N
160	7	5	2014-06-09 13:47:00	2014-06-09 13:47:00	\N
161	20	5	2014-06-09 13:47:00	2014-06-09 13:47:00	\N
162	53	5	2014-06-09 13:47:00	2014-06-09 13:47:00	\N
172	10	1	2014-06-09 14:10:10	2014-06-09 14:10:00	\N
173	11	1	2014-06-09 14:10:10	2014-06-09 14:10:00	\N
174	12	1	2014-06-09 14:10:10	2014-06-09 14:10:00	\N
175	13	1	2014-06-09 14:10:10	2014-06-09 14:10:00	\N
176	14	1	2014-06-09 14:10:10	2014-06-09 14:10:00	\N
109	21	3	2014-06-09 13:47:00	2014-08-04 23:15:34.579422	2008
177	27	1	2014-06-09 14:10:10	2014-06-09 14:10:00	\N
179	52	1	2014-06-09 14:10:10	2014-06-09 14:10:00	\N
180	30	1	2014-06-09 14:10:10	2014-06-09 14:10:00	\N
181	34	1	2014-06-09 14:10:10	2014-06-09 14:10:00	\N
182	4	1	2014-06-09 14:10:10	2014-06-09 14:10:00	\N
183	37	1	2014-06-09 14:10:10	2014-06-09 14:10:00	\N
184	23	1	2014-06-09 14:10:10	2014-06-09 14:10:00	\N
185	54	1	2014-06-09 14:10:10	2014-06-09 14:10:00	\N
186	26	1	2014-06-09 14:10:10	2014-06-09 14:10:00	\N
187	42	1	2014-06-09 14:10:10	2014-06-09 14:10:00	\N
188	43	1	2014-06-09 14:10:10	2014-06-09 14:10:00	\N
189	45	1	2014-06-09 14:10:10	2014-06-09 14:10:00	\N
190	9	1	2014-06-09 14:10:10	2014-06-09 14:10:00	\N
191	35	1	2014-06-09 14:10:10	2014-06-09 14:10:00	\N
192	38	1	2014-06-09 14:10:10	2014-06-09 14:10:00	\N
193	59	1	2014-06-09 14:10:10	2014-06-09 14:10:00	\N
194	56	1	2014-06-09 14:10:10	2014-06-09 14:10:00	\N
195	57	1	2014-06-09 14:10:10	2014-06-09 14:10:00	\N
196	55	1	2014-06-09 14:10:10	2014-06-09 14:10:00	\N
197	40	1	2014-06-09 14:10:10	2014-06-09 14:10:00	\N
198	6	1	2014-06-09 14:10:10	2014-06-09 14:10:00	\N
199	53	1	2014-06-09 14:10:10	2014-06-09 14:10:00	\N
200	7	1	2014-06-09 14:10:10	2014-06-09 14:10:00	\N
201	58	1	2014-06-09 14:10:10	2014-06-09 14:10:00	\N
202	60	1	2014-06-09 14:10:10	2014-06-09 14:10:00	\N
203	61	1	2014-06-09 14:10:10	2014-06-09 14:10:00	\N
204	62	1	2014-06-09 14:10:10	2014-06-09 14:10:00	\N
14	28	2	2014-07-16 17:31:55.105078	2014-07-16 17:31:55.105078	\N
21	2	1	2014-06-09 12:07:00	2014-07-28 20:00:07.303089	\N
16	10	6	2014-07-29 17:01:26.684177	2014-07-29 17:01:26.684177	\N
19	70	3	2014-07-31 22:38:16.605006	2014-07-31 22:38:16.605006	\N
205	70	5	2014-08-04 18:00:04.5913	2014-08-04 18:00:04.5913	\N
206	70	4	2014-08-04 18:07:29.307558	2014-08-04 18:07:29.307558	\N
211	73	3	2014-08-04 19:30:08.391698	2014-08-04 19:30:08.391698	\N
213	73	5	2014-08-04 21:07:26.087565	2014-08-04 21:07:26.087565	\N
214	73	1	2014-08-04 21:07:33.047808	2014-08-04 21:07:33.047808	\N
215	73	4	2014-08-04 21:10:41.49378	2014-08-04 21:10:41.49378	\N
216	73	6	2014-08-04 21:10:46.314622	2014-08-04 21:10:46.314622	\N
217	73	2	2014-08-04 21:10:49.681266	2014-08-04 21:10:49.681266	\N
218	73	7	2014-08-04 21:10:53.105981	2014-08-04 21:10:53.105981	\N
219	41	7	2014-08-04 21:16:13.371686	2014-08-04 21:16:13.371686	\N
220	41	6	2014-08-04 21:16:19.656128	2014-08-04 21:16:19.656128	\N
221	41	5	2014-08-04 21:16:23.588849	2014-08-04 21:16:23.588849	\N
223	41	1	2014-08-04 21:16:31.825219	2014-08-04 21:16:31.825219	\N
232	18	3	2014-08-04 21:29:26.608665	2014-08-04 21:29:26.608665	\N
233	18	2	2014-08-04 21:47:59.00021	2014-08-04 21:47:59.00021	\N
234	18	5	2014-08-04 21:48:07.815099	2014-08-04 21:48:07.815099	\N
235	18	5	2014-08-04 21:48:16.309347	2014-08-04 21:48:16.309347	\N
236	18	7	2014-08-04 21:49:00.265137	2014-08-04 21:49:00.265137	\N
237	\N	5	2014-08-04 21:53:29.193019	2014-08-04 21:53:29.193019	\N
238	\N	5	2014-08-04 21:55:10.735013	2014-08-04 21:55:10.735013	\N
239	\N	5	2014-08-04 21:56:13.972459	2014-08-04 21:56:13.972459	\N
240	\N	5	2014-08-04 21:57:23.346036	2014-08-04 21:57:23.346036	\N
243	24	2	2014-08-04 21:58:30.091736	2014-08-04 21:58:30.091736	\N
244	24	6	2014-08-04 21:58:37.321346	2014-08-04 21:58:37.321346	\N
245	24	3	2014-08-04 22:05:08.12047	2014-08-04 22:05:08.12047	\N
246	24	5	2014-08-04 22:20:06.385533	2014-08-04 22:20:06.385533	\N
247	24	7	2014-08-04 22:20:39.803867	2014-08-04 22:20:39.803867	2013
248	21	1	2014-08-05 16:18:31.075696	2014-08-05 16:23:10.162764	2011
249	21	6	2014-08-06 17:04:16.265818	2014-08-06 17:04:16.265818	2006
\.


--
-- Name: products_id_seq; Type: SEQUENCE SET; Schema: public; Owner: cbachicha
--

SELECT pg_catalog.setval('products_id_seq', 249, true);


--
-- Data for Name: purchases; Type: TABLE DATA; Schema: public; Owner: cbachicha
--

COPY purchases (id, user_id, cart_id, created_at, updated_at, product_id) FROM stdin;
438	2	667	2014-07-11 15:58:42.931984	2014-07-11 15:58:42.931984	108
439	2	667	2014-07-11 15:58:42.936466	2014-07-11 15:58:42.936466	161
440	2	667	2014-07-11 15:58:42.938746	2014-07-11 15:58:42.938746	38
441	2	668	2014-07-11 17:42:49.025646	2014-07-11 17:42:49.025646	203
442	14	672	2014-07-11 20:32:06.881292	2014-07-11 20:32:06.881292	108
443	14	672	2014-07-11 20:32:06.886115	2014-07-11 20:32:06.886115	161
444	14	672	2014-07-11 20:32:06.889597	2014-07-11 20:32:06.889597	38
445	14	672	2014-07-11 20:32:06.893376	2014-07-11 20:32:06.893376	34
446	14	672	2014-07-11 20:32:06.897384	2014-07-11 20:32:06.897384	70
447	14	672	2014-07-11 20:32:06.900523	2014-07-11 20:32:06.900523	140
448	14	672	2014-07-11 20:32:06.904129	2014-07-11 20:32:06.904129	162
449	14	672	2014-07-11 20:32:06.907375	2014-07-11 20:32:06.907375	199
450	14	675	2014-07-11 20:36:35.889808	2014-07-11 20:36:35.889808	123
451	14	675	2014-07-11 20:36:35.892977	2014-07-11 20:36:35.892977	53
452	14	675	2014-07-11 20:36:35.8955	2014-07-11 20:36:35.8955	191
453	14	675	2014-07-11 20:36:35.898474	2014-07-11 20:36:35.898474	146
454	14	675	2014-07-11 20:36:35.901643	2014-07-11 20:36:35.901643	76
455	14	675	2014-07-11 20:36:35.905051	2014-07-11 20:36:35.905051	193
\.


--
-- Name: purchases_id_seq; Type: SEQUENCE SET; Schema: public; Owner: cbachicha
--

SELECT pg_catalog.setval('purchases_id_seq', 455, true);


--
-- Data for Name: schema_migrations; Type: TABLE DATA; Schema: public; Owner: cbachicha
--

COPY schema_migrations (version) FROM stdin;
20140106170039
20140130214013
20140130223253
20140207174040
20140207191308
20140218163025
20140218195447
20140218235428
20140318195452
20140319190400
20140319205458
20140501203756
20140506161918
20140506224343
20140506224507
20140506224550
20140506225833
20140513203901
20140513204906
20140513205045
20140513205231
20140609195328
20140609214503
20140612175015
20140612193327
20140618205024
20140619152032
\.


--
-- Data for Name: spatial_ref_sys; Type: TABLE DATA; Schema: public; Owner: cbachicha
--

COPY spatial_ref_sys (srid, auth_name, auth_srid, srtext, proj4text) FROM stdin;
\.


--
-- Data for Name: users; Type: TABLE DATA; Schema: public; Owner: cbachicha
--

COPY users (id, email, encrypted_password, reset_password_token, reset_password_sent_at, remember_created_at, sign_in_count, current_sign_in_at, last_sign_in_at, current_sign_in_ip, last_sign_in_ip, created_at, updated_at, first_name, last_name, phone, street_line_1, street_line_2, state, city, zipcode, "position", organization, restricted_access, admin, show_help, failed_attempts, unlock_token, locked_at, password_changed_at, area_id, industry) FROM stdin;
14	demo@sanborn.com	$2a$10$2Jma0EbwHKTAx.vf3AVTDupVSyjlU1vDwioLduYZiZKCwfnQTO5tC	\N	\N	2014-07-15 16:11:19.201717	10	2014-07-16 15:53:20.826497	2014-07-15 20:56:53.531481	66.78.212.4	66.78.212.4	2014-07-11 20:17:53.842659	2014-07-16 15:53:20.827469	Demo	User		1935 Jamboree Drive	Suite 100	Colorado	Colorado Springs	80920		The Sanborn Map Company, Inc.	f	f	t	0	\N	\N	2014-07-11 20:17:53.842265	\N	Cartographic
4	ldalby@sanborn.com	$2a$10$KOgd6MEuWw/xFG32RIpK2u4reQ5KMfJFpcSVbrrXvwmNZjRGjyAqm	\N	\N	\N	1	2014-05-12 19:43:22.355335	2014-05-12 19:43:22.355335	172.16.100.152	172.16.100.152	2014-05-12 19:43:22.349089	2014-07-03 16:55:06.055771	Learon	Dalby				Colorado			dude	Sanborn	f	t	t	0	\N	\N	2014-05-12 19:43:22.348477	7	\N
1	cbachich@gmail.com	$2a$10$PLQECfZlIAy403NSz7VgTu.Ouz7TkQRk.EDV7RRYAYJg7MANbBQnq	\N	\N	\N	89	2014-07-16 17:13:46.432804	2014-07-11 15:34:01.420821	127.0.0.1	127.0.0.1	2014-05-06 15:58:26.059794	2014-07-16 17:13:46.588315	Christopher	Bachicha	7196845381	7967 Superior Hill Place		Colorado	Colorado Springs	80908	Senior Software Engineer	The Sanborn Map Company, Inc.	f	f	t	0	\N	\N	2014-05-06 15:58:26.059073	\N	Mapping and Charting
2	cbachicha@sanborn.com	$2a$10$XZBSMiIwFNIuO4d3x1AbrOgyMDx0YVfwfyZeKvhWEGG4nAvm9J7ra	\N	\N	\N	15	2014-07-16 17:14:39.755474	2014-07-11 15:57:10.913337	127.0.0.1	10.20.13.164	2014-05-08 21:31:04.469717	2014-07-16 17:14:39.755914	Christopher	Bachicha	7196845381	7967 Superior Hill Pl		Colorado	Colorado Springs	80908	Software	Sanborn	t	t	t	0	\N	\N	2014-05-08 21:31:04.469221	\N	\N
\.


--
-- Name: users_id_seq; Type: SEQUENCE SET; Schema: public; Owner: cbachicha
--

SELECT pg_catalog.setval('users_id_seq', 14, true);


--
-- Name: area_bounds_pkey; Type: CONSTRAINT; Schema: public; Owner: cbachicha; Tablespace: 
--

ALTER TABLE ONLY areas
    ADD CONSTRAINT area_bounds_pkey PRIMARY KEY (gid);


--
-- Name: area_pkey; Type: CONSTRAINT; Schema: public; Owner: cbachicha; Tablespace: 
--

ALTER TABLE ONLY areas_points
    ADD CONSTRAINT area_pkey PRIMARY KEY (gid);


--
-- Name: cart_items_pkey; Type: CONSTRAINT; Schema: public; Owner: cbachicha; Tablespace: 
--

ALTER TABLE ONLY cart_items
    ADD CONSTRAINT cart_items_pkey PRIMARY KEY (id);


--
-- Name: carts_pkey; Type: CONSTRAINT; Schema: public; Owner: cbachicha; Tablespace: 
--

ALTER TABLE ONLY carts
    ADD CONSTRAINT carts_pkey PRIMARY KEY (id);


--
-- Name: data_types_pkey; Type: CONSTRAINT; Schema: public; Owner: cbachicha; Tablespace: 
--

ALTER TABLE ONLY data_types
    ADD CONSTRAINT data_types_pkey PRIMARY KEY (id);


--
-- Name: feature_groups_pkey; Type: CONSTRAINT; Schema: public; Owner: cbachicha; Tablespace: 
--

ALTER TABLE ONLY feature_groups
    ADD CONSTRAINT feature_groups_pkey PRIMARY KEY (id);


--
-- Name: footprint_pkey; Type: CONSTRAINT; Schema: public; Owner: cbachicha; Tablespace: 
--

ALTER TABLE ONLY footprints
    ADD CONSTRAINT footprint_pkey PRIMARY KEY (gid);


--
-- Name: licenses_pkey; Type: CONSTRAINT; Schema: public; Owner: cbachicha; Tablespace: 
--

ALTER TABLE ONLY licenses
    ADD CONSTRAINT licenses_pkey PRIMARY KEY (id);


--
-- Name: payment_notifications_pkey; Type: CONSTRAINT; Schema: public; Owner: cbachicha; Tablespace: 
--

ALTER TABLE ONLY payment_notifications
    ADD CONSTRAINT payment_notifications_pkey PRIMARY KEY (id);


--
-- Name: products_pkey; Type: CONSTRAINT; Schema: public; Owner: cbachicha; Tablespace: 
--

ALTER TABLE ONLY products
    ADD CONSTRAINT products_pkey PRIMARY KEY (id);


--
-- Name: purchases_pkey; Type: CONSTRAINT; Schema: public; Owner: cbachicha; Tablespace: 
--

ALTER TABLE ONLY purchases
    ADD CONSTRAINT purchases_pkey PRIMARY KEY (id);


--
-- Name: users_pkey; Type: CONSTRAINT; Schema: public; Owner: cbachicha; Tablespace: 
--

ALTER TABLE ONLY users
    ADD CONSTRAINT users_pkey PRIMARY KEY (id);


--
-- Name: area_bounds_geom_gist; Type: INDEX; Schema: public; Owner: cbachicha; Tablespace: 
--

CREATE INDEX area_bounds_geom_gist ON areas USING gist (geom);


--
-- Name: area_geom_gist; Type: INDEX; Schema: public; Owner: cbachicha; Tablespace: 
--

CREATE INDEX area_geom_gist ON areas_points USING gist (geom);


--
-- Name: footprint_geom_gist; Type: INDEX; Schema: public; Owner: cbachicha; Tablespace: 
--

CREATE INDEX footprint_geom_gist ON footprints USING gist (geom);


--
-- Name: index_users_on_email; Type: INDEX; Schema: public; Owner: cbachicha; Tablespace: 
--

CREATE UNIQUE INDEX index_users_on_email ON users USING btree (email);


--
-- Name: index_users_on_password_changed_at; Type: INDEX; Schema: public; Owner: cbachicha; Tablespace: 
--

CREATE INDEX index_users_on_password_changed_at ON users USING btree (password_changed_at);


--
-- Name: index_users_on_reset_password_token; Type: INDEX; Schema: public; Owner: cbachicha; Tablespace: 
--

CREATE UNIQUE INDEX index_users_on_reset_password_token ON users USING btree (reset_password_token);


--
-- Name: unique_schema_migrations; Type: INDEX; Schema: public; Owner: cbachicha; Tablespace: 
--

CREATE UNIQUE INDEX unique_schema_migrations ON schema_migrations USING btree (version);


--
-- Name: public; Type: ACL; Schema: -; Owner: cbachicha
--

REVOKE ALL ON SCHEMA public FROM PUBLIC;
REVOKE ALL ON SCHEMA public FROM cbachicha;
GRANT ALL ON SCHEMA public TO cbachicha;
GRANT ALL ON SCHEMA public TO postgres;
GRANT ALL ON SCHEMA public TO PUBLIC;


--
-- PostgreSQL database dump complete
--

